endorsement_id_full,policy_effective_date,cattle_type,cov_level_pct,coverage_bin,subsidy_amt,total_prem_amt,prod_prem_amt,observed_rate,statutory_rate,rate_gap
8,2005-05-02,feeder,0.9334,b90_94,4,26,22,0.153846153846154,0.13,0.0238461538461539
26,2005-06-02,feeder,0.9181,b90_94,4,28,24,0.142857142857143,0.13,0.0128571428571428
357,2005-03-07,feeder,0.9378,b90_94,2,18,16,0.111111111111111,0.13,-0.0188888888888889
481,2006-02-24,feeder,0.9398,b90_94,5,35,30,0.142857142857143,0.13,0.0128571428571428
493,2006-02-06,feeder,0.9282,b90_94,4,27,23,0.148148148148148,0.13,0.0181481481481481
664,2006-02-03,feeder,0.9368,b90_94,5,35,30,0.142857142857143,0.13,0.0128571428571428
758,2005-08-19,feeder,0.906,b90_94,3,21,18,0.142857142857143,0.13,0.0128571428571428
765,2005-08-17,feeder,0.9418,b90_94,3,26,23,0.115384615384615,0.13,-0.0146153846153846
785,2005-07-14,feeder,0.7948,b70_79,3,20,17,0.15,0.13,0.02
1079,2005-10-04,feeder,0.9225,b90_94,2,18,16,0.111111111111111,0.13,-0.0188888888888889
1607,2006-10-19,feeder,0.9286,b90_94,4,28,24,0.142857142857143,0.13,0.0128571428571428
1968,2007-09-25,feeder,0.9922,b95_100,7,50,43,0.14,0.13,0.01
2670,2007-07-27,feeder,0.9708,b95_100,3,26,23,0.115384615384615,0.13,-0.0146153846153846
2671,2007-07-27,feeder,0.9708,b95_100,4,28,24,0.142857142857143,0.13,0.0128571428571428
2826,2009-05-11,feeder,0.9536,b95_100,2,19,17,0.105263157894737,0.13,-0.0247368421052632
2828,2008-07-02,feeder,0.9536,b95_100,5,42,37,0.119047619047619,0.13,-0.010952380952381
3221,2009-09-09,feeder,0.9067,b90_94,5,35,30,0.142857142857143,0.13,0.0128571428571428
4858,2011-01-18,feeder,0.9184,b90_94,5,35,30,0.142857142857143,0.13,0.0128571428571428
5211,2010-10-25,feeder,0.9843,b95_100,3,20,17,0.15,0.13,0.02
6004,2012-04-25,feeder,0.8991,b85_89,10,70,60,0.142857142857143,0.13,0.0128571428571428
6097,2011-07-12,feeder,0.9888,b95_100,5,35,30,0.142857142857143,0.13,0.0128571428571428
6242,2012-05-07,feeder,0.9264,b90_94,3,20,17,0.15,0.13,0.02
6896,2012-01-26,feeder,0.8673,b85_89,2,14,12,0.142857142857143,0.13,0.0128571428571428
7523,2013-05-22,feeder,0.97,b95_100,7,50,43,0.14,0.13,0.01
8855,2013-07-01,feeder,0.9294,b90_94,2,13,11,0.153846153846154,0.13,0.0238461538461539
11810,2014-10-24,feeder,0.9873,b95_100,4,34,30,0.117647058823529,0.13,-0.0123529411764706
12908,2015-10-05,feeder,0.8845,b85_89,0,3426,3426,0,0.13,-0.13
12909,2015-12-29,feeder,0.9407,b90_94,3,26,23,0.115384615384615,0.13,-0.0146153846153846
12911,2015-12-09,fed,0.9858,b95_100,0,4049,4049,0,0.13,-0.13
12913,2016-06-03,feeder,0.9645,b95_100,0,481,481,0,0.13,-0.13
12949,2016-05-24,feeder,0.9661,b95_100,0,988,988,0,0.13,-0.13
12951,2016-06-03,feeder,0.9466,b90_94,0,686,686,0,0.13,-0.13
12999,2016-04-12,feeder,0.8818,b85_89,27,119,92,0.226890756302521,0.13,0.096890756302521
13177,2016-01-20,feeder,0.9893,b95_100,0,3384,3384,0,0.13,-0.13
13252,2015-07-20,feeder,0.9942,b95_100,57,839,782,0.067938021454112,0.13,-0.062061978545888
13316,2016-06-16,feeder,0.9962,b95_100,0,3855,3855,0,0.13,-0.13
13336,2015-12-30,feeder,0.9986,b95_100,766,3329,2563,0.230099128867528,0.13,0.100099128867528
13338,2015-12-28,feeder,0.9882,b95_100,890,3868,2978,0.230093071354705,0.13,0.100093071354705
13340,2015-12-07,feeder,0.9995,b95_100,2539,11038,8499,0.230023554991846,0.13,0.100023554991846
13422,2016-01-08,feeder,0.9912,b95_100,0,3393,3393,0,0.13,-0.13
13423,2016-01-11,feeder,0.9949,b95_100,0,2669,2669,0,0.13,-0.13
13437,2016-06-29,feeder,0.9017,b90_94,0,635,635,0,0.13,-0.13
13440,2016-06-29,feeder,0.9017,b90_94,0,572,572,0,0.13,-0.13
13472,2015-07-02,feeder,0.9748,b95_100,343,1674,1331,0.204898446833931,0.13,0.0748984468339307
13499,2016-06-20,feeder,0.9836,b95_100,535,2325,1790,0.23010752688172,0.13,0.10010752688172
13501,2016-06-27,feeder,0.9864,b95_100,545,2372,1827,0.229763912310287,0.13,0.0997639123102867
13569,2015-11-03,feeder,0.9957,b95_100,205,892,687,0.229820627802691,0.13,0.0998206278026906
13571,2016-02-02,feeder,0.9981,b95_100,828,3598,2770,0.230127848804892,0.13,0.100127848804892
13576,2016-01-25,feeder,0.983,b95_100,354,1538,1184,0.230169050715215,0.13,0.100169050715215
13578,2016-01-25,feeder,0.9829,b95_100,122,530,408,0.230188679245283,0.13,0.100188679245283
13581,2015-11-03,feeder,0.9957,b95_100,136,589,453,0.230899830220713,0.13,0.100899830220713
13605,2016-01-22,feeder,0.9377,b90_94,0,682,682,0,0.13,-0.13
13675,2016-01-27,feeder,0.9561,b95_100,0,276,276,0,0.13,-0.13
13679,2016-01-27,feeder,0.9561,b95_100,0,354,354,0,0.13,-0.13
13684,2016-06-14,feeder,0.9325,b90_94,0,692,692,0,0.13,-0.13
13700,2015-09-28,feeder,0.9678,b95_100,0,244,244,0,0.13,-0.13
13710,2016-01-26,feeder,0.8698,b85_89,0,109,109,0,0.13,-0.13
13724,2015-10-19,feeder,0.9132,b90_94,0,58,58,0,0.13,-0.13
13738,2015-12-28,feeder,0.9254,b90_94,82,1264,1182,0.064873417721519,0.13,-0.065126582278481
13740,2015-12-28,feeder,0.9254,b90_94,90,1390,1300,0.0647482014388489,0.13,-0.0652517985611511
13747,2016-06-23,feeder,0.9774,b95_100,0,1838,1838,0,0.13,-0.13
13748,2016-06-23,feeder,0.9774,b95_100,0,1671,1671,0,0.13,-0.13
13768,2016-06-23,feeder,0.9941,b95_100,0,10995,10995,0,0.13,-0.13
13772,2015-07-01,feeder,0.9744,b95_100,729,7292,6563,0.0999725726823917,0.13,-0.0300274273176083
13800,2015-09-02,feeder,0.908,b90_94,255,1736,1481,0.146889400921659,0.13,0.016889400921659
13803,2015-08-06,feeder,0.9176,b90_94,23,103,80,0.223300970873786,0.13,0.0933009708737864
13806,2015-07-20,feeder,0.9279,b90_94,69,300,231,0.23,0.13,0.1
13807,2015-07-17,feeder,0.9334,b90_94,253,1787,1534,0.141578063794068,0.13,0.0115780637940683
13808,2015-08-03,feeder,0.9362,b90_94,153,1069,916,0.143124415341441,0.13,0.0131244153414406
13811,2015-08-04,feeder,0.9565,b95_100,99,429,330,0.230769230769231,0.13,0.100769230769231
13814,2015-08-06,feeder,0.9177,b90_94,11,47,36,0.234042553191489,0.13,0.104042553191489
13981,2016-04-06,feeder,0.9921,b95_100,0,3169,3169,0,0.13,-0.13
13985,2016-03-08,feeder,0.9924,b95_100,0,6744,6744,0,0.13,-0.13
14013,2015-09-03,feeder,0.9989,b95_100,739,3213,2474,0.230003112356054,0.13,0.100003112356054
14020,2015-09-01,feeder,0.9983,b95_100,1617,9447,7830,0.171165449349,0.13,0.0411654493489997
14059,2017-05-11,feeder,0.9958,b95_100,139,604,465,0.230132450331126,0.13,0.100132450331126
14071,2017-05-11,feeder,0.9958,b95_100,165,715,550,0.230769230769231,0.13,0.100769230769231
14118,2016-08-03,feeder,0.9949,b95_100,0,3873,3873,0,0.13,-0.13
14121,2016-08-08,feeder,0.9907,b95_100,0,3703,3703,0,0.13,-0.13
14124,2017-06-20,feeder,0.9877,b95_100,0,6250,6250,0,0.13,-0.13
14127,2017-04-20,fed,0.8963,b85_89,0,795,795,0,0.13,-0.13
14239,2017-05-24,feeder,0.9733,b95_100,0,257,257,0,0.13,-0.13
14335,2017-04-04,feeder,0.9534,b95_100,0,1498,1498,0,0.13,-0.13
14336,2017-04-04,feeder,0.9686,b95_100,0,1540,1540,0,0.13,-0.13
14355,2017-04-03,feeder,0.9749,b95_100,136,591,455,0.230118443316413,0.13,0.100118443316413
14358,2017-04-17,feeder,0.9691,b95_100,117,505,388,0.231683168316832,0.13,0.101683168316832
14359,2017-04-13,feeder,0.9838,b95_100,49,212,163,0.231132075471698,0.13,0.101132075471698
14378,2016-09-29,feeder,0.9948,b95_100,0,535,535,0,0.13,-0.13
14452,2016-12-01,feeder,0.998,b95_100,274,1192,918,0.229865771812081,0.13,0.0998657718120805
14523,2017-06-05,feeder,0.9916,b95_100,366,3896,3530,0.0939425051334702,0.13,-0.0360574948665298
14524,2017-06-02,feeder,0.9572,b95_100,0,2404,2404,0,0.13,-0.13
14566,2017-05-15,feeder,0.9862,b95_100,106,2719,2613,0.0389849209268113,0.13,-0.0910150790731887
14653,2017-04-04,feeder,0.9892,b95_100,732,3181,2449,0.230116315624018,0.13,0.100116315624018
14654,2017-04-04,feeder,0.9892,b95_100,358,1557,1199,0.229929351316635,0.13,0.0999293513166345
14657,2017-04-28,feeder,0.9747,b95_100,319,4864,4545,0.0655838815789474,0.13,-0.0644161184210526
14660,2017-03-28,feeder,0.9884,b95_100,1131,4918,3787,0.229971533143554,0.13,0.0999715331435543
14664,2017-01-31,fed,0.9983,b95_100,1589,6906,5317,0.230089777005502,0.13,0.100089777005502
14665,2017-03-28,fed,0.9899,b95_100,1332,5794,4462,0.229892992751122,0.13,0.0998929927511218
14669,2017-02-03,fed,0.9501,b95_100,0,2551,2551,0,0.13,-0.13
14673,2017-04-28,feeder,0.9958,b95_100,0,1019,1019,0,0.13,-0.13
14773,2017-05-11,feeder,0.8849,b85_89,0,206,206,0,0.13,-0.13
14793,2017-06-29,feeder,0.9584,b95_100,338,1466,1128,0.23055934515689,0.13,0.100559345156889
14801,2017-05-15,feeder,0.9862,b95_100,0,1891,1891,0,0.13,-0.13
14802,2017-05-15,feeder,0.9877,b95_100,0,2150,2150,0,0.13,-0.13
14915,2016-08-09,feeder,0.9936,b95_100,357,1554,1197,0.22972972972973,0.13,0.0997297297297297
15021,2016-07-29,feeder,0.9909,b95_100,0,178,178,0,0.13,-0.13
15068,2016-11-29,feeder,0.9092,b90_94,0,347,347,0,0.13,-0.13
15176,2017-06-02,feeder,0.9958,b95_100,80,3237,3157,0.0247142415817115,0.13,-0.105285758418289
15178,2017-06-02,feeder,0.9958,b95_100,205,4068,3863,0.05039331366765,0.13,-0.0796066863323501
15228,2017-04-28,feeder,0.9747,b95_100,5127,49073,43946,0.104477003647627,0.13,-0.025522996352373
15233,2017-06-07,feeder,0.9127,b90_94,0,245,245,0,0.13,-0.13
15259,2016-09-06,feeder,0.9503,b95_100,280,1217,937,0.230073952341824,0.13,0.100073952341824
15262,2017-05-30,feeder,0.9766,b95_100,248,1697,1449,0.14614024749558,0.13,0.0161402474955804
15268,2017-06-02,feeder,0.9507,b95_100,14,59,45,0.23728813559322,0.13,0.10728813559322
15303,2016-07-27,feeder,0.9982,b95_100,0,1131,1131,0,0.13,-0.13
15313,2016-07-27,feeder,0.9982,b95_100,0,1509,1509,0,0.13,-0.13
15368,2017-06-02,feeder,0.9958,b95_100,1847,11760,9913,0.157057823129252,0.13,0.0270578231292517
15424,2017-04-18,feeder,0.9193,b90_94,0,727,727,0,0.13,-0.13
15429,2017-05-01,feeder,0.9663,b95_100,0,650,650,0,0.13,-0.13
15435,2017-05-01,feeder,0.9663,b95_100,0,4287,4287,0,0.13,-0.13
15464,2017-04-18,feeder,0.9193,b90_94,0,799,799,0,0.13,-0.13
15593,2017-04-07,feeder,0.9879,b95_100,0,11329,11329,0,0.13,-0.13
15693,2018-05-29,feeder,0.9697,b95_100,0,354,354,0,0.13,-0.13
15718,2017-10-23,fed,0.9947,b95_100,111,484,373,0.229338842975207,0.13,0.0993388429752066
15768,2017-10-19,feeder,0.9075,b90_94,0,47,47,0,0.13,-0.13
15769,2017-10-19,feeder,0.9185,b90_94,0,76,76,0,0.13,-0.13
15770,2017-10-19,feeder,0.9186,b90_94,0,45,45,0,0.13,-0.13
15775,2017-10-19,feeder,0.9076,b90_94,0,52,52,0,0.13,-0.13
15785,2018-06-05,feeder,0.9748,b95_100,0,216,216,0,0.13,-0.13
15786,2018-06-28,feeder,0.9953,b95_100,0,229,229,0,0.13,-0.13
15886,2017-09-19,feeder,0.9884,b95_100,122,530,408,0.230188679245283,0.13,0.100188679245283
15887,2018-02-15,feeder,0.9012,b90_94,83,362,279,0.229281767955801,0.13,0.0992817679558011
15967,2017-08-03,feeder,0.9907,b95_100,0,1600,1600,0,0.13,-0.13
15969,2017-08-03,feeder,0.9906,b95_100,0,573,573,0,0.13,-0.13
15983,2017-11-02,feeder,0.9774,b95_100,0,72,72,0,0.13,-0.13
15990,2017-11-02,feeder,0.9774,b95_100,0,46,46,0,0.13,-0.13
16086,2017-09-20,feeder,0.993,b95_100,0,1787,1787,0,0.13,-0.13
16087,2017-09-20,feeder,0.993,b95_100,0,1312,1312,0,0.13,-0.13
16092,2017-07-10,feeder,0.9851,b95_100,1129,4905,3776,0.230173292558614,0.13,0.100173292558614
16093,2017-11-01,feeder,0.9926,b95_100,0,192,192,0,0.13,-0.13
16094,2017-11-01,feeder,0.9925,b95_100,0,247,247,0,0.13,-0.13
16171,2017-11-07,feeder,0.9534,b95_100,227,2551,2324,0.088984711877695,0.13,-0.041015288122305
16172,2017-11-07,feeder,0.9534,b95_100,0,723,723,0,0.13,-0.13
16194,2017-11-02,feeder,0.9646,b95_100,0,335,335,0,0.13,-0.13
16237,2017-11-07,feeder,0.979,b95_100,87,378,291,0.23015873015873,0.13,0.10015873015873
16240,2017-11-07,feeder,0.979,b95_100,98,425,327,0.230588235294118,0.13,0.100588235294118
16242,2017-07-21,feeder,0.9524,b95_100,0,260,260,0,0.13,-0.13
16243,2018-05-30,feeder,0.9754,b95_100,296,2563,2267,0.115489660554038,0.13,-0.0145103394459618
16244,2018-05-30,feeder,0.9754,b95_100,355,3167,2812,0.112093463845911,0.13,-0.017906536154089
16286,2017-11-06,feeder,0.9871,b95_100,111,481,370,0.230769230769231,0.13,0.100769230769231
16294,2017-11-06,feeder,0.987,b95_100,122,534,412,0.228464419475655,0.13,0.0984644194756554
16344,2017-12-18,feeder,0.9618,b95_100,0,3593,3593,0,0.13,-0.13
16350,2018-01-16,feeder,0.9539,b95_100,0,730,730,0,0.13,-0.13
16351,2018-01-16,feeder,0.9543,b95_100,0,851,851,0,0.13,-0.13
16354,2017-09-21,feeder,0.9924,b95_100,124,537,413,0.230912476722533,0.13,0.100912476722533
16355,2017-11-14,feeder,0.9795,b95_100,0,4192,4192,0,0.13,-0.13
16356,2018-01-19,feeder,0.9988,b95_100,0,872,872,0,0.13,-0.13
16483,2017-10-03,feeder,0.976,b95_100,0,1559,1559,0,0.13,-0.13
16494,2019-04-24,feeder,0.9755,b95_100,0,775,775,0,0.13,-0.13
16495,2019-04-26,feeder,0.9619,b95_100,0,217,217,0,0.13,-0.13
16515,2018-11-20,feeder,0.9712,b95_100,0,365,365,0,0.13,-0.13
16519,2018-11-20,feeder,0.9712,b95_100,0,282,282,0,0.13,-0.13
16523,2019-04-05,feeder,0.9307,b90_94,0,334,334,0,0.13,-0.13
16532,2019-06-18,feeder,0.9132,b90_94,193,836,643,0.230861244019139,0.13,0.100861244019139
16546,2019-06-07,feeder,0.9318,b90_94,16,244,228,0.0655737704918033,0.13,-0.0644262295081967
16549,2019-06-07,feeder,0.9318,b90_94,18,270,252,0.0666666666666667,0.13,-0.0633333333333333
16565,2019-02-21,feeder,0.9123,b90_94,0,392,392,0,0.13,-0.13
16603,2018-12-03,feeder,0.9898,b95_100,90,390,300,0.230769230769231,0.13,0.100769230769231
16608,2018-11-01,feeder,0.9264,b90_94,287,1247,960,0.230152365677626,0.13,0.100152365677626
16609,2018-10-17,feeder,0.9995,b95_100,124,539,415,0.230055658627087,0.13,0.100055658627087
16627,2019-03-11,feeder,0.9787,b95_100,591,2569,1978,0.230050603347606,0.13,0.100050603347606
16652,2019-03-11,feeder,0.9788,b95_100,4,28,24,0.142857142857143,0.13,0.0128571428571428
16670,2018-07-02,feeder,0.9874,b95_100,152,659,507,0.230652503793627,0.13,0.100652503793627
16671,2018-07-02,feeder,0.9873,b95_100,167,725,558,0.230344827586207,0.13,0.100344827586207
16720,2018-11-16,feeder,0.9724,b95_100,216,942,726,0.229299363057325,0.13,0.0992993630573248
16802,2018-07-18,feeder,0.9058,b90_94,0,549,549,0,0.13,-0.13
16828,2018-09-20,feeder,0.9995,b95_100,136,754,618,0.180371352785146,0.13,0.0503713527851459
16858,2018-07-23,feeder,0.9762,b95_100,203,884,681,0.229638009049774,0.13,0.0996380090497737
16860,2018-07-23,feeder,0.9762,b95_100,172,746,574,0.230563002680965,0.13,0.100563002680965
16987,2018-10-31,feeder,0.9447,b90_94,106,464,358,0.228448275862069,0.13,0.098448275862069
16988,2018-11-26,feeder,0.9579,b95_100,306,1327,1021,0.230595327807084,0.13,0.100595327807084
16989,2018-12-13,feeder,0.9732,b95_100,165,717,552,0.230125523012552,0.13,0.100125523012552
17134,2019-11-12,fed,0.9757,b95_100,75,249,174,0.301204819277108,0.2,0.101204819277108
17191,2019-12-18,feeder,0.9386,b90_94,39,113,74,0.345132743362832,0.25,0.0951327433628318
17197,2019-12-18,feeder,0.9247,b90_94,26,74,48,0.351351351351351,0.25,0.101351351351351
17200,2019-09-23,feeder,0.8551,b85_89,0,239,239,0,0.3,-0.3
17202,2020-04-06,feeder,0.846,b80_84,668,2228,1560,0.299820466786356,0.35,-0.0501795332136445
17283,2020-05-13,feeder,0.8661,b85_89,203,507,304,0.400394477317554,0.3,0.100394477317554
17334,2019-10-21,feeder,0.8636,b85_89,206,1274,1068,0.161695447409733,0.3,-0.138304552590267
17523,2019-12-17,feeder,0.9745,b95_100,2415,8048,5633,0.300074552683897,0.2,0.100074552683897
17525,2019-12-17,feeder,0.9882,b95_100,2356,7854,5498,0.299974535268653,0.2,0.0999745352686529
17646,2021-04-19,feeder,0.9577,b95_100,0,1433,1433,0,0.35,-0.35
17816,2021-06-22,feeder,0.9978,b95_100,143,1943,1800,0.0735975295934123,0.35,-0.276402470406588
17821,2021-04-01,feeder,1,b95_100,0,300,300,0,0.35,-0.35
17831,2021-06-22,feeder,0.9978,b95_100,170,2251,2081,0.075521990226566,0.35,-0.274478009773434
17836,2021-04-08,feeder,0.998,b95_100,0,280,280,0,0.35,-0.35
17848,2021-06-22,feeder,0.9992,b95_100,171,2933,2762,0.0583020797817934,0.35,-0.291697920218207
17850,2021-06-22,feeder,0.9992,b95_100,204,3394,3190,0.0601060695344726,0.35,-0.289893930465527
17855,2021-06-28,feeder,0.9935,b95_100,403,1533,1130,0.262883235485975,0.35,-0.0871167645140248
17977,2021-06-23,feeder,0.9906,b95_100,0,488,488,0,0.35,-0.35
18020,2021-02-19,fed,0.8464,b80_84,120,234,114,0.512820512820513,0.5,0.0128205128205128
18023,2021-02-19,fed,0.8478,b80_84,122,239,117,0.510460251046025,0.5,0.0104602510460251
18039,2020-07-31,fed,0.9856,b95_100,7187,28749,21562,0.249991304045358,0.35,-0.100008695954642
18124,2021-01-26,feeder,0.9981,b95_100,1515,3366,1851,0.450089126559715,0.35,0.100089126559715
18129,2020-12-29,feeder,0.9931,b95_100,2476,5503,3027,0.449936398328185,0.35,0.0999363983281846
18132,2020-10-01,feeder,0.9889,b95_100,6251,13892,7641,0.449971206449755,0.35,0.0999712064497553
18138,2020-12-29,feeder,0.9932,b95_100,1326,2945,1619,0.450254668930391,0.35,0.100254668930391
18140,2021-03-30,feeder,0.9981,b95_100,2629,5844,3215,0.449863107460643,0.35,0.0998631074606434
18142,2021-01-20,feeder,0.9923,b95_100,3253,8928,5675,0.364359318996416,0.35,0.0143593189964158
18145,2020-12-21,fed,0.9852,b95_100,2016,4479,2463,0.450100468854655,0.35,0.100100468854655
18152,2020-08-21,fed,0.9786,b95_100,2573,10292,7719,0.25,0.35,-0.1
18195,2020-07-08,feeder,0.9914,b95_100,51,204,153,0.25,0.35,-0.1
18265,2020-10-01,feeder,0.9889,b95_100,399,887,488,0.449830890642616,0.35,0.0998308906426156
18266,2020-10-01,feeder,0.9889,b95_100,809,1797,988,0.450194769059544,0.35,0.100194769059544
18449,2020-10-15,feeder,0.9993,b95_100,0,5448,5448,0,0.35,-0.35
18504,2020-11-17,feeder,0.867,b85_89,186,730,544,0.254794520547945,0.45,-0.195205479452055
18591,2021-01-22,feeder,0.9965,b95_100,1243,3108,1865,0.39993564993565,0.35,0.04993564993565
18592,2021-01-22,feeder,0.9965,b95_100,2373,5934,3561,0.39989888776542,0.35,0.0498988877654196
18594,2020-07-20,feeder,0.9932,b95_100,1769,4420,2651,0.400226244343891,0.35,0.0502262443438915
18595,2021-03-31,feeder,0.9932,b95_100,1104,2762,1658,0.399710354815351,0.35,0.0497103548153512
18606,2020-11-18,feeder,0.9935,b95_100,333,740,407,0.45,0.35,0.1
18607,2020-11-12,feeder,0.9879,b95_100,404,896,492,0.450892857142857,0.35,0.100892857142857
18640,2020-11-12,feeder,0.9879,b95_100,683,1518,835,0.449934123847167,0.35,0.0999341238471673
18643,2021-02-23,fed,0.9738,b95_100,64,144,80,0.444444444444444,0.35,0.0944444444444444
18650,2021-03-30,fed,0.9897,b95_100,1468,7598,6130,0.193208739141879,0.35,-0.156791260858121
18651,2021-03-23,fed,0.9908,b95_100,701,3652,2951,0.191949616648412,0.35,-0.158050383351588
18690,2021-03-16,feeder,0.9878,b95_100,2715,6033,3318,0.450024863252113,0.35,0.100024863252113
18710,2021-03-12,feeder,0.9963,b95_100,5643,15442,9799,0.365431938868022,0.35,0.0154319388680223
18891,2020-07-21,feeder,0.9234,b90_94,410,1367,957,0.299926847110461,0.4,-0.100073152889539
18901,2021-02-09,feeder,0.9954,b95_100,0,6602,6602,0,0.35,-0.35
18902,2021-01-25,feeder,0.9983,b95_100,0,3284,3284,0,0.35,-0.35
18903,2021-01-25,feeder,0.9983,b95_100,0,2864,2864,0,0.35,-0.35
19120,2021-03-29,feeder,1,b95_100,2105,5264,3159,0.399886018237082,0.35,0.0498860182370821
19224,2021-06-28,feeder,0.9935,b95_100,0,2079,2079,0,0.35,-0.35
19228,2021-06-28,feeder,0.9935,b95_100,0,1150,1150,0,0.35,-0.35
19294,2021-02-10,feeder,0.9986,b95_100,3949,10431,6482,0.378583069696098,0.35,0.0285830696960982
19340,2021-05-04,feeder,0.9896,b95_100,0,4383,4383,0,0.35,-0.35
19350,2020-07-20,feeder,0.9907,b95_100,957,2127,1170,0.449929478138223,0.35,0.0999294781382229
19351,2021-06-28,feeder,0.9968,b95_100,2079,5739,3660,0.362258233141662,0.35,0.0122582331416624
19352,2021-04-05,feeder,0.9916,b95_100,975,2166,1191,0.450138504155125,0.35,0.100138504155125
19368,2021-04-05,feeder,0.9916,b95_100,1252,3221,1969,0.388699161751009,0.35,0.038699161751009
19408,2021-06-17,feeder,0.9956,b95_100,235,522,287,0.450191570881226,0.35,0.100191570881226
19409,2021-06-17,feeder,0.9956,b95_100,156,345,189,0.452173913043478,0.35,0.102173913043478
19428,2020-08-21,fed,0.9786,b95_100,882,3529,2647,0.249929158401814,0.35,-0.100070841598186
19505,2021-05-24,fed,0.9978,b95_100,2443,5429,2986,0.449990790200774,0.35,0.0999907902007737
19563,2020-08-06,feeder,0.9923,b95_100,752,1672,920,0.449760765550239,0.35,0.0997607655502393
19622,2021-06-16,feeder,0.9878,b95_100,1072,2382,1310,0.450041981528128,0.35,0.100041981528128
19721,2021-04-13,feeder,0.999,b95_100,127,283,156,0.448763250883392,0.35,0.0987632508833923
19724,2021-04-20,feeder,0.9905,b95_100,53,116,63,0.456896551724138,0.35,0.106896551724138
19740,2021-02-16,feeder,0.9975,b95_100,917,2037,1120,0.450171821305842,0.35,0.100171821305842
19741,2021-04-20,feeder,0.9905,b95_100,24,53,29,0.452830188679245,0.35,0.102830188679245
19778,2021-04-14,feeder,0.9955,b95_100,1890,4201,2311,0.449892882646989,0.35,0.0998928826469888
19780,2021-05-24,feeder,0.9992,b95_100,1000,2224,1224,0.449640287769784,0.35,0.0996402877697842
19798,2020-08-03,feeder,0.9791,b95_100,1771,4426,2655,0.400135562584727,0.35,0.0501355625847266
19799,2021-03-09,feeder,0.9943,b95_100,2780,6950,4170,0.4,0.35,0.05
19957,2021-06-30,feeder,0.9905,b95_100,22017,55318,33301,0.398007881702158,0.35,0.0480078817021585
20063,2021-03-11,feeder,0.9895,b95_100,2728,6064,3336,0.449868073878628,0.35,0.099868073878628
20080,2020-11-04,feeder,0.9935,b95_100,1665,3701,2036,0.449878411240205,0.35,0.0998784112402054
20083,2021-06-10,feeder,0.994,b95_100,859,1909,1050,0.449973808276585,0.35,0.0999738082765846
20116,2020-07-24,fed,0.9775,b95_100,1069,4275,3206,0.250058479532164,0.35,-0.0999415204678362
20160,2021-03-16,feeder,0.9879,b95_100,517,1148,631,0.450348432055749,0.35,0.100348432055749
20334,2020-12-17,feeder,0.9537,b95_100,1212,2694,1482,0.44988864142539,0.35,0.0998886414253898
20342,2021-04-09,feeder,0.9927,b95_100,2349,5221,2872,0.449913809615016,0.35,0.0999138096150163
20548,2021-03-29,feeder,0.975,b95_100,2176,4835,2659,0.45005170630817,0.35,0.10005170630817
20569,2021-01-19,feeder,0.9885,b95_100,1517,3370,1853,0.450148367952522,0.35,0.100148367952522
20733,2021-01-12,feeder,0.954,b95_100,0,3055,3055,0,0.35,-0.35
20845,2021-01-29,feeder,0.9723,b95_100,2376,5280,2904,0.45,0.35,0.1
20851,2021-01-14,feeder,0.9552,b95_100,1628,3618,1990,0.449972360420122,0.35,0.0999723604201216
21098,2020-07-15,feeder,0.9964,b95_100,676,2702,2026,0.250185048112509,0.35,-0.0998149518874907
21232,2020-07-29,feeder,0.9988,b95_100,2020,5268,3248,0.383447228549734,0.35,0.0334472285497343
21272,2021-06-11,feeder,0.9905,b95_100,0,1995,1995,0,0.35,-0.35
21276,2021-06-11,feeder,0.9905,b95_100,0,2195,2195,0,0.35,-0.35
21286,2020-11-17,feeder,0.9814,b95_100,4046,8992,4946,0.449955516014235,0.35,0.0999555160142349
21292,2020-12-18,feeder,0.986,b95_100,3848,8552,4704,0.449953227315248,0.35,0.0999532273152479
21394,2021-01-25,feeder,1,b95_100,136,304,168,0.447368421052632,0.35,0.0973684210526316
21400,2020-07-30,feeder,0.9825,b95_100,62,138,76,0.449275362318841,0.35,0.0992753623188406
21437,2020-07-29,feeder,0.9988,b95_100,2177,5619,3442,0.387435486741413,0.35,0.0374354867414131
21444,2020-08-11,feeder,0.9887,b95_100,802,2096,1294,0.38263358778626,0.35,0.0326335877862596
21490,2021-05-13,feeder,0.9975,b95_100,793,1764,971,0.449546485260771,0.35,0.099546485260771
21498,2021-03-30,feeder,0.9957,b95_100,316,702,386,0.45014245014245,0.35,0.10014245014245
21502,2021-03-26,feeder,0.9466,b90_94,206,413,207,0.498789346246973,0.4,0.0987893462469733
21505,2021-05-26,feeder,0.997,b95_100,342,761,419,0.449408672798949,0.35,0.0994086727989488
21507,2021-05-26,feeder,0.997,b95_100,411,913,502,0.450164293537788,0.35,0.100164293537788
21589,2021-04-08,feeder,0.8836,b85_89,2009,8930,6921,0.224972004479283,0.45,-0.225027995520717
21883,2020-07-06,feeder,0.9982,b95_100,1347,2994,1647,0.449899799599198,0.35,0.0998997995991984
21884,2020-07-06,feeder,0.9866,b95_100,1039,2308,1269,0.450173310225303,0.35,0.100173310225303
21905,2021-06-25,feeder,0.9957,b95_100,499,1109,610,0.449954914337241,0.35,0.0999549143372408
21909,2021-06-24,feeder,0.9932,b95_100,2345,5210,2865,0.450095969289827,0.35,0.100095969289827
21910,2021-06-24,feeder,0.9932,b95_100,1864,4144,2280,0.44980694980695,0.35,0.0998069498069498
21918,2021-06-25,feeder,0.9957,b95_100,273,605,332,0.451239669421488,0.35,0.101239669421488
22172,2020-08-04,feeder,0.9979,b95_100,302,670,368,0.450746268656716,0.35,0.100746268656716
22293,2020-08-04,feeder,0.9239,b90_94,116,387,271,0.299741602067184,0.4,-0.100258397932817
22308,2020-08-04,feeder,0.9375,b90_94,256,852,596,0.300469483568075,0.4,-0.0995305164319249
22329,2021-02-25,feeder,0.9984,b95_100,2946,6547,3601,0.449977088742936,0.35,0.0999770887429357
22333,2021-06-24,feeder,0.9925,b95_100,1128,2505,1377,0.450299401197605,0.35,0.100299401197605
22334,2020-10-29,feeder,0.9953,b95_100,4933,10964,6031,0.449927033929223,0.35,0.0999270339292229
22335,2020-07-17,feeder,0.9972,b95_100,2739,6085,3346,0.45012325390304,0.35,0.10012325390304
22338,2021-06-18,feeder,0.9922,b95_100,2384,5296,2912,0.450151057401813,0.35,0.100151057401813
22339,2021-06-15,feeder,0.9942,b95_100,1565,3477,1912,0.45010066148979,0.35,0.10010066148979
22340,2021-02-25,feeder,0.9984,b95_100,2816,6257,3441,0.450055937350168,0.35,0.100055937350168
22343,2021-03-08,feeder,0.9981,b95_100,1139,2532,1393,0.449842022116904,0.35,0.0998420221169036
22344,2020-12-03,feeder,0.995,b95_100,2771,6156,3385,0.450129954515919,0.35,0.100129954515919
22345,2020-07-31,feeder,0.9907,b95_100,2741,6091,3350,0.450008208832704,0.35,0.100008208832704
22346,2021-06-22,feeder,0.9919,b95_100,1477,3283,1806,0.449893390191898,0.35,0.0998933901918977
22347,2021-02-17,feeder,0.9946,b95_100,2547,5660,3113,0.45,0.35,0.1
22348,2021-06-04,feeder,0.9968,b95_100,1661,3691,2030,0.450013546464373,0.35,0.100013546464373
22350,2020-08-11,feeder,0.999,b95_100,2222,4937,2715,0.450070893255013,0.35,0.100070893255013
22351,2021-04-01,feeder,1,b95_100,1202,2671,1469,0.450018719580681,0.35,0.100018719580681
22427,2020-09-03,feeder,0.9435,b90_94,158,525,367,0.300952380952381,0.4,-0.0990476190476191
22428,2020-09-03,feeder,0.9435,b90_94,245,816,571,0.300245098039216,0.4,-0.0997549019607843
22448,2020-08-31,fed,0.8891,b85_89,0,654,654,0,0.45,-0.45
22451,2020-08-28,fed,0.9465,b90_94,0,1492,1492,0,0.4,-0.4
22489,2021-04-14,feeder,0.9955,b95_100,300,666,366,0.450450450450451,0.35,0.10045045045045
22908,2021-05-24,feeder,0.9992,b95_100,1412,3137,1725,0.45011157156519,0.35,0.10011157156519
23296,2022-03-04,fed,0.8771,b85_89,930,1692,762,0.549645390070922,0.45,0.0996453900709219
23299,2022-02-10,fed,0.9102,b90_94,706,1412,706,0.5,0.4,0.1
23306,2022-04-20,feeder,0.9192,b90_94,504,1715,1211,0.293877551020408,0.4,-0.106122448979592
23307,2022-04-20,feeder,0.9192,b90_94,436,1453,1017,0.30006882312457,0.4,-0.0999311768754302
23480,2021-11-04,feeder,0.9288,b90_94,2079,4157,2078,0.50012027904739,0.4,0.10012027904739
23481,2022-02-10,feeder,0.9381,b90_94,2016,4032,2016,0.5,0.4,0.1
23483,2022-02-25,feeder,0.94,b90_94,2310,4621,2311,0.499891798312054,0.4,0.0998917983120536
23485,2022-02-10,feeder,0.9381,b90_94,1610,3220,1610,0.5,0.4,0.1
23486,2022-02-25,feeder,0.9499,b90_94,2096,4193,2097,0.499880753637014,0.4,0.099880753637014
23488,2022-03-04,feeder,0.9253,b90_94,3120,6239,3119,0.500080141048245,0.4,0.100080141048245
23490,2021-10-28,feeder,0.9136,b90_94,1211,2422,1211,0.5,0.4,0.1
23491,2021-10-28,feeder,0.9392,b90_94,708,1415,707,0.500353356890459,0.4,0.100353356890459
23492,2022-02-10,feeder,0.9092,b90_94,865,1730,865,0.5,0.4,0.1
23493,2021-10-28,feeder,0.9392,b90_94,885,1771,886,0.499717673630717,0.4,0.0997176736307171
23495,2022-02-25,feeder,0.9499,b90_94,2275,4550,2275,0.5,0.4,0.1
23496,2022-02-10,feeder,0.9092,b90_94,690,1381,691,0.499637943519189,0.4,0.099637943519189
23497,2022-03-04,feeder,0.9253,b90_94,3385,6770,3385,0.5,0.4,0.1
23498,2022-02-25,feeder,0.94,b90_94,2130,4259,2129,0.500117398450341,0.4,0.10011739845034
23500,2021-11-04,feeder,0.9289,b90_94,1932,3864,1932,0.5,0.4,0.1
23501,2021-10-28,feeder,0.9136,b90_94,967,1934,967,0.5,0.4,0.1
23521,2021-10-28,feeder,0.99,b95_100,297,659,362,0.450682852807284,0.35,0.100682852807284
23531,2022-02-24,feeder,0.9898,b95_100,356,790,434,0.450632911392405,0.35,0.100632911392405
23538,2021-12-30,feeder,0.9892,b95_100,769,1735,966,0.443227665706052,0.35,0.0932276657060519
23558,2021-12-09,fed,0.9876,b95_100,2403,5341,2938,0.44991574611496,0.35,0.0999157461149598
23625,2022-06-09,feeder,0.9922,b95_100,0,2827,2827,0,0.35,-0.35
23629,2022-03-11,feeder,0.9901,b95_100,5904,13121,7217,0.449965703833549,0.35,0.0999657038335493
23632,2022-03-15,feeder,0.997,b95_100,2088,4640,2552,0.45,0.35,0.1
23637,2022-03-31,feeder,0.9996,b95_100,3810,8465,4655,0.450088600118134,0.35,0.100088600118134
23649,2021-07-22,feeder,0.9892,b95_100,363,807,444,0.449814126394052,0.35,0.0998141263940521
23657,2021-07-22,feeder,0.9892,b95_100,2011,4973,2962,0.40438367182787,0.35,0.0543836718278705
23718,2021-12-08,feeder,0.9985,b95_100,115,255,140,0.450980392156863,0.35,0.100980392156863
23719,2022-02-22,feeder,0.9723,b95_100,95,211,116,0.450236966824645,0.35,0.100236966824645
23755,2022-03-30,feeder,0.9997,b95_100,0,3602,3602,0,0.35,-0.35
23762,2022-03-04,fed,0.9664,b95_100,817,2045,1228,0.399511002444988,0.35,0.0495110024449878
23764,2022-03-04,fed,0.9456,b90_94,2094,4653,2559,0.45003223726628,0.4,0.0500322372662798
23782,2022-01-27,fed,0.995,b95_100,971,2428,1457,0.3999176276771,0.35,0.0499176276771005
24032,2022-04-22,fed,0.9914,b95_100,6228,13841,7613,0.449967487898273,0.35,0.0999674878982733
24034,2021-08-24,fed,0.9991,b95_100,4425,9834,5409,0.449969493593655,0.35,0.0999694935936547
24035,2021-09-02,fed,0.9875,b95_100,2152,4784,2632,0.449832775919732,0.35,0.0998327759197324
24241,2021-10-21,feeder,0.9994,b95_100,3519,7820,4301,0.45,0.35,0.1
24244,2021-10-12,feeder,0.9913,b95_100,2339,5196,2857,0.450153964588145,0.35,0.100153964588145
24263,2021-09-29,feeder,0.9963,b95_100,0,313,313,0,0.35,-0.35
24266,2021-09-29,feeder,0.9963,b95_100,0,376,376,0,0.35,-0.35
24314,2022-05-31,feeder,0.9959,b95_100,2655,5900,3245,0.45,0.35,0.1
24315,2022-01-25,feeder,0.9811,b95_100,392,871,479,0.450057405281286,0.35,0.100057405281286
24318,2022-01-11,feeder,0.9868,b95_100,1324,2942,1618,0.450033990482665,0.35,0.100033990482665
24333,2021-12-29,fed,0.9618,b95_100,638,1418,780,0.449929478138223,0.35,0.0999294781382229
24339,2021-10-05,fed,0.969,b95_100,1280,2846,1566,0.44975404075896,0.35,0.0997540407589599
24469,2021-12-01,feeder,0.9974,b95_100,2795,6212,3417,0.449935608499678,0.35,0.0999356084996781
24475,2021-08-30,feeder,0.9923,b95_100,1502,3336,1834,0.450239808153477,0.35,0.100239808153477
24486,2021-09-01,feeder,0.9994,b95_100,1347,2993,1646,0.450050116939526,0.35,0.100050116939526
24488,2021-08-02,feeder,0.9887,b95_100,1549,3442,1893,0.450029052876235,0.35,0.100029052876235
24491,2021-09-14,feeder,0.9991,b95_100,1508,3350,1842,0.450149253731343,0.35,0.100149253731343
24504,2022-02-16,feeder,0.9969,b95_100,1114,2475,1361,0.45010101010101,0.35,0.10010101010101
24539,2022-06-06,feeder,0.9958,b95_100,4194,10486,6292,0.399961853900439,0.35,0.0499618539004387
24540,2021-08-02,feeder,0.9887,b95_100,1449,3221,1772,0.449860291834834,0.35,0.0998602918348339
24547,2022-02-02,fed,0.9886,b95_100,625,1389,764,0.44996400287977,0.35,0.0999640028797696
24555,2022-05-03,fed,0.9903,b95_100,998,2218,1220,0.449954914337241,0.35,0.0999549143372408
24569,2021-12-22,fed,0.993,b95_100,1575,3500,1925,0.45,0.35,0.1
24578,2021-08-23,fed,0.9602,b95_100,380,846,466,0.449172576832151,0.35,0.0991725768321513
24584,2021-09-01,fed,0.9469,b90_94,610,1220,610,0.5,0.4,0.1
24590,2022-04-13,fed,0.9953,b95_100,568,1263,695,0.44972288202692,0.35,0.09972288202692
24594,2021-08-16,fed,0.949,b90_94,858,1714,856,0.500583430571762,0.4,0.100583430571762
24714,2022-05-16,feeder,0.9997,b95_100,1480,3288,1808,0.450121654501217,0.35,0.100121654501217
25073,2022-03-23,feeder,0.9936,b95_100,1968,4373,2405,0.450034301394923,0.35,0.100034301394923
25087,2022-03-21,feeder,0.9143,b90_94,400,799,399,0.500625782227785,0.4,0.100625782227785
25182,2021-11-18,feeder,0.9905,b95_100,3030,7854,4824,0.385790679908327,0.35,0.035790679908327
25184,2021-12-30,feeder,0.9892,b95_100,1246,2790,1544,0.446594982078853,0.35,0.0965949820788531
25196,2021-11-19,feeder,0.9943,b95_100,0,5548,5548,0,0.35,-0.35
25201,2021-11-04,feeder,0.9917,b95_100,856,1902,1046,0.450052576235542,0.35,0.100052576235542
25204,2021-12-30,feeder,0.9892,b95_100,653,1492,839,0.437667560321716,0.35,0.0876675603217159
25212,2022-03-31,feeder,0.9911,b95_100,1061,2654,1593,0.399773926149209,0.35,0.0497739261492088
25223,2021-12-02,feeder,0.9947,b95_100,1533,4078,2545,0.37591956841589,0.35,0.0259195684158902
25366,2022-05-20,feeder,0.9883,b95_100,0,2460,2460,0,0.35,-0.35
25378,2022-05-20,feeder,0.97,b95_100,0,2329,2329,0,0.35,-0.35
25401,2022-05-12,feeder,0.9426,b90_94,0,1771,1771,0,0.4,-0.4
25512,2021-07-12,feeder,0.9986,b95_100,366,813,447,0.450184501845019,0.35,0.100184501845018
25515,2021-07-12,feeder,0.9986,b95_100,423,940,517,0.45,0.35,0.1
25638,2021-12-02,feeder,0.9947,b95_100,3995,8877,4882,0.450039427734595,0.35,0.100039427734595
25668,2021-12-30,feeder,0.9892,b95_100,1425,3166,1741,0.450094756790903,0.35,0.100094756790903
25688,2021-11-01,feeder,0.9335,b90_94,647,1543,896,0.419313026571614,0.4,0.0193130265716137
25697,2022-03-31,feeder,0.9911,b95_100,576,1281,705,0.449648711943794,0.35,0.0996487119437939
25698,2021-11-30,feeder,0.9176,b90_94,405,811,406,0.499383477188656,0.4,0.099383477188656
25706,2022-06-09,feeder,0.9583,b95_100,171,426,255,0.401408450704225,0.35,0.0514084507042254
25712,2022-06-09,feeder,0.9583,b95_100,126,316,190,0.39873417721519,0.35,0.0487341772151899
25786,2022-02-24,feeder,0.9898,b95_100,217,483,266,0.449275362318841,0.35,0.0992753623188406
25792,2022-04-28,feeder,0.9977,b95_100,1035,2300,1265,0.45,0.35,0.1
25795,2022-05-26,feeder,0.996,b95_100,363,805,442,0.450931677018634,0.35,0.100931677018634
25796,2022-05-26,feeder,0.996,b95_100,822,1827,1005,0.44991789819376,0.35,0.0999178981937603
25799,2022-04-28,feeder,0.9977,b95_100,1359,3021,1662,0.449851042701092,0.35,0.0998510427010924
25800,2022-01-27,feeder,0.9922,b95_100,1412,3138,1726,0.449968132568515,0.35,0.099968132568515
25864,2021-12-02,feeder,0.9981,b95_100,3227,8068,4841,0.399975210708974,0.35,0.0499752107089738
25876,2022-03-02,feeder,0.997,b95_100,2848,7118,4270,0.400112391121101,0.35,0.0501123911211014
25901,2022-04-19,feeder,0.9947,b95_100,1529,3398,1869,0.449970570924073,0.35,0.099970570924073
25902,2021-10-28,feeder,0.99,b95_100,171,381,210,0.448818897637795,0.35,0.0988188976377953
25903,2022-01-27,feeder,0.9922,b95_100,1304,2898,1594,0.449965493443754,0.35,0.0999654934437543
25904,2021-10-28,feeder,0.99,b95_100,309,685,376,0.451094890510949,0.35,0.101094890510949
25905,2021-09-02,feeder,0.9909,b95_100,1450,3223,1773,0.449891405522805,0.35,0.0998914055228049
25916,2022-06-30,feeder,0.9978,b95_100,769,1709,940,0.449970743124634,0.35,0.0999707431246343
25917,2021-07-26,feeder,0.9948,b95_100,580,1288,708,0.450310559006211,0.35,0.100310559006211
25961,2021-07-22,feeder,0.9892,b95_100,2372,5270,2898,0.450094876660342,0.35,0.100094876660342
25967,2022-02-16,fed,0.9982,b95_100,27,61,34,0.442622950819672,0.35,0.0926229508196722
26102,2022-04-18,feeder,0.9914,b95_100,894,1985,1091,0.450377833753149,0.35,0.100377833753149
26505,2021-12-01,feeder,0.9887,b95_100,935,2078,1143,0.44995187680462,0.35,0.0999518768046199
26506,2021-12-01,feeder,0.9887,b95_100,696,1546,850,0.45019404915912,0.35,0.10019404915912
26641,2022-06-30,feeder,0.9987,b95_100,0,4953,4953,0,0.35,-0.35
26928,2022-01-20,feeder,0.9993,b95_100,0,7799,7799,0,0.35,-0.35
27059,2021-08-30,feeder,0.9906,b95_100,352,880,528,0.4,0.35,0.05
27120,2022-01-20,feeder,0.9993,b95_100,0,2330,2330,0,0.35,-0.35
27127,2022-02-24,feeder,0.9942,b95_100,0,7567,7567,0,0.35,-0.35
27132,2022-01-20,feeder,0.9993,b95_100,0,3146,3146,0,0.35,-0.35
27208,2022-04-07,feeder,0.9631,b95_100,960,2133,1173,0.450070323488045,0.35,0.100070323488045
27234,2022-02-11,feeder,0.9848,b95_100,1378,3064,1686,0.449738903394256,0.35,0.0997389033942559
27249,2021-11-29,feeder,0.9847,b95_100,796,1768,972,0.450226244343891,0.35,0.100226244343891
27476,2022-02-02,feeder,0.9895,b95_100,135,299,164,0.451505016722408,0.35,0.101505016722408
27495,2022-05-06,feeder,0.9916,b95_100,1467,3261,1794,0.449862005519779,0.35,0.0998620055197792
27544,2022-03-09,feeder,0.9993,b95_100,880,2399,1519,0.366819508128387,0.35,0.0168195081283868
27549,2021-11-26,feeder,0.9889,b95_100,1065,2365,1300,0.450317124735729,0.35,0.100317124735729
27551,2022-02-17,feeder,0.9988,b95_100,280,622,342,0.45016077170418,0.35,0.10016077170418
27556,2022-02-18,feeder,0.9996,b95_100,841,1869,1028,0.449973247726057,0.35,0.0999732477260568
27560,2021-11-01,feeder,0.9936,b95_100,3634,8072,4438,0.450198216055501,0.35,0.100198216055501
27563,2021-11-26,feeder,0.9889,b95_100,166,368,202,0.451086956521739,0.35,0.101086956521739
27582,2022-02-17,feeder,0.9692,b95_100,3156,7010,3854,0.450213980028531,0.35,0.100213980028531
27584,2022-04-22,feeder,0.9902,b95_100,140,310,170,0.451612903225806,0.35,0.101612903225806
27591,2021-11-01,feeder,0.9977,b95_100,4156,9232,5076,0.450173310225303,0.35,0.100173310225303
27592,2022-02-07,feeder,0.9919,b95_100,415,924,509,0.449134199134199,0.35,0.0991341991341991
27644,2021-08-24,feeder,0.9997,b95_100,881,2217,1336,0.397383852052323,0.35,0.047383852052323
27794,2022-01-28,fed,0.9933,b95_100,0,4441,4441,0,0.35,-0.35
27799,2022-01-28,fed,0.9932,b95_100,0,1184,1184,0,0.35,-0.35
27816,2021-07-28,fed,0.971,b95_100,721,1602,881,0.450062421972534,0.35,0.100062421972534
27826,2021-12-16,fed,0.9961,b95_100,1089,2420,1331,0.45,0.35,0.1
27891,2022-06-16,feeder,0.9973,b95_100,432,960,528,0.45,0.35,0.1
27897,2022-06-16,feeder,0.9973,b95_100,476,1056,580,0.450757575757576,0.35,0.100757575757576
27939,2021-10-12,feeder,0.9952,b95_100,153,523,370,0.292543021032505,0.35,-0.0574569789674952
27941,2021-10-12,feeder,0.9952,b95_100,222,713,491,0.311360448807854,0.35,-0.0386395511921458
27946,2022-02-11,feeder,0.9962,b95_100,5683,14958,9275,0.379930471988234,0.35,0.0299304719882337
27949,2021-10-22,feeder,0.9981,b95_100,5043,13276,8233,0.379858391081651,0.35,0.0298583910816511
27952,2021-10-15,feeder,0.998,b95_100,3056,8041,4985,0.380052232309414,0.35,0.0300522323094143
27966,2022-01-21,feeder,0.9923,b95_100,4057,10669,6612,0.38026056800075,0.35,0.0302605680007498
27971,2022-02-25,feeder,0.9949,b95_100,1021,2691,1670,0.379412857673727,0.35,0.0294128576737273
27972,2022-03-04,feeder,0.9872,b95_100,859,2018,1159,0.425668979187314,0.35,0.0756689791873142
27974,2021-11-03,feeder,0.999,b95_100,1723,4531,2808,0.380269256234827,0.35,0.0302692562348268
28018,2021-12-30,feeder,0.9992,b95_100,330,732,402,0.450819672131148,0.35,0.100819672131148
28087,2022-01-20,feeder,1,b95_100,601,1335,734,0.450187265917603,0.35,0.100187265917603
28122,2022-06-09,feeder,0.9992,b95_100,786,1745,959,0.450429799426934,0.35,0.100429799426934
28125,2022-01-20,feeder,1,b95_100,1117,2484,1367,0.449677938808374,0.35,0.0996779388083736
28126,2022-06-09,feeder,0.9992,b95_100,818,1818,1000,0.44994499449945,0.35,0.09994499449945
28131,2022-06-21,feeder,0.9946,b95_100,261,579,318,0.450777202072539,0.35,0.100777202072539
28132,2022-06-29,feeder,0.9977,b95_100,0,170,170,0,0.35,-0.35
28134,2022-06-29,feeder,0.9977,b95_100,0,187,187,0,0.35,-0.35
28138,2022-01-25,feeder,0.9439,b90_94,381,762,381,0.5,0.4,0.1
28139,2022-06-21,feeder,0.9946,b95_100,158,351,193,0.45014245014245,0.35,0.10014245014245
28229,2022-03-10,feeder,0.9912,b95_100,0,47,47,0,0.35,-0.35
28259,2022-06-02,feeder,0.9916,b95_100,1029,2287,1258,0.44993441189331,0.35,0.09993441189331
28292,2022-06-03,feeder,0.9984,b95_100,892,1983,1091,0.449823499747857,0.35,0.0998234997478568
28456,2021-12-29,feeder,1,b95_100,1103,2450,1347,0.450204081632653,0.35,0.100204081632653
28602,2021-12-02,feeder,0.9981,b95_100,1801,4004,2203,0.4498001998002,0.35,0.0998001998001998
28619,2022-02-23,fed,0.9995,b95_100,2563,5695,3132,0.450043898156277,0.35,0.100043898156277
28673,2021-11-23,feeder,0.9999,b95_100,3522,8808,5286,0.399863760217984,0.35,0.0498637602179837
28675,2021-11-23,feeder,0.9998,b95_100,1865,4664,2799,0.399871355060034,0.35,0.0498713550600343
28677,2021-11-29,feeder,0.9966,b95_100,821,2052,1231,0.40009746588694,0.35,0.0500974658869396
28679,2022-04-22,feeder,0.9912,b95_100,570,1267,697,0.449881610102605,0.35,0.0998816101026046
28685,2022-04-22,feeder,0.9912,b95_100,813,1807,994,0.449916989485335,0.35,0.0999169894853348
28907,2022-04-20,feeder,0.9967,b95_100,3480,7733,4253,0.450019397387818,0.35,0.100019397387818
29028,2022-03-03,feeder,0.9959,b95_100,11441,29277,17836,0.390784574922294,0.35,0.040784574922294
29029,2022-01-21,feeder,0.9993,b95_100,21633,56326,34693,0.384067748464297,0.35,0.0340677484642972
29031,2022-05-10,feeder,0.9945,b95_100,5665,12588,6923,0.450031776294884,0.35,0.100031776294884
29037,2021-09-24,feeder,0.99,b95_100,1222,2715,1493,0.450092081031308,0.35,0.100092081031308
29041,2022-03-16,feeder,0.9978,b95_100,17177,42111,24934,0.40789817387381,0.35,0.0578981738738097
29042,2022-03-01,feeder,0.9995,b95_100,9562,24469,14907,0.390780170828395,0.35,0.0407801708283951
29043,2022-03-03,feeder,0.9959,b95_100,50621,140599,89978,0.360038122604002,0.35,0.0100381226040015
29045,2022-02-23,feeder,0.9904,b95_100,16651,45281,28630,0.367725977783176,0.35,0.0177259777831762
29046,2022-01-03,feeder,0.9972,b95_100,21150,52281,31131,0.404544672060596,0.35,0.0545446720605957
29058,2022-05-10,feeder,0.9892,b95_100,6542,14536,7994,0.450055035773253,0.35,0.100055035773253
29069,2022-03-16,feeder,0.9978,b95_100,14512,35574,21062,0.407938381964356,0.35,0.057938381964356
29073,2021-09-24,feeder,0.99,b95_100,2259,5021,2762,0.44991037641904,0.35,0.09991037641904
29082,2022-01-03,feeder,0.9972,b95_100,17655,43554,25899,0.405358864857418,0.35,0.0553588648574184
29086,2022-03-01,feeder,0.9996,b95_100,11162,28620,17458,0.390006988120196,0.35,0.0400069881201957
29090,2022-02-23,feeder,0.9989,b95_100,15877,37615,21738,0.422092250432009,0.35,0.0720922504320085
29091,2022-04-22,feeder,0.9949,b95_100,4072,9049,4977,0.449994474527572,0.35,0.0999944745275721
29095,2022-02-23,feeder,0.9904,b95_100,17149,46287,29138,0.370492794953227,0.35,0.0204927949532266
29097,2022-02-23,feeder,0.9989,b95_100,36888,96228,59340,0.383339568524754,0.35,0.0333395685247537
29101,2021-12-16,feeder,0.998,b95_100,16507,41186,24679,0.400791531102802,0.35,0.0507915311028019
29117,2021-09-24,feeder,0.9899,b95_100,1026,2281,1255,0.449802718106094,0.35,0.0998027181060939
29118,2022-03-03,feeder,0.9957,b95_100,5147,11436,6289,0.450069954529556,0.35,0.100069954529556
29157,2021-09-24,feeder,0.9899,b95_100,1110,2467,1357,0.449939197405756,0.35,0.099939197405756
29163,2022-04-22,feeder,0.9949,b95_100,4427,9836,5409,0.450081333875559,0.35,0.100081333875559
29165,2022-04-04,feeder,0.9964,b95_100,6412,14248,7836,0.450028074115665,0.35,0.100028074115665
29166,2022-04-22,feeder,0.9949,b95_100,4816,10704,5888,0.449925261584454,0.35,0.0999252615844544
29171,2022-05-10,feeder,0.9892,b95_100,5530,12289,6759,0.449995931320693,0.35,0.0999959313206933
29176,2022-04-04,feeder,0.9964,b95_100,5421,12046,6625,0.450024904532625,0.35,0.100024904532625
29177,2022-05-10,feeder,0.9946,b95_100,4789,10643,5854,0.449967114535375,0.35,0.0999671145353754
29180,2021-12-16,feeder,0.998,b95_100,13944,34787,20843,0.400839394026504,0.35,0.0508393940265042
29188,2022-04-22,feeder,0.9949,b95_100,7333,17627,10294,0.416009530833381,0.35,0.0660095308333806
29193,2022-03-03,feeder,0.9957,b95_100,4351,9669,5318,0.449994828834419,0.35,0.0999948288344193
29284,2021-09-01,feeder,0.9994,b95_100,1190,4325,3135,0.27514450867052,0.35,-0.0748554913294798
29415,2021-08-10,feeder,0.9924,b95_100,639,1421,782,0.449683321604504,0.35,0.0996833216045039
29418,2021-08-10,feeder,0.9924,b95_100,518,1152,634,0.449652777777778,0.35,0.0996527777777778
29475,2022-01-03,feeder,0.8975,b85_89,991,1802,811,0.549944506104329,0.45,0.0999445061043285
29572,2022-05-02,feeder,0.9986,b95_100,397,884,487,0.449095022624434,0.35,0.0990950226244344
29575,2022-05-02,feeder,0.9986,b95_100,473,1051,578,0.450047573739296,0.35,0.100047573739296
29659,2022-05-03,fed,0.951,b95_100,3992,8871,4879,0.450005636343141,0.35,0.100005636343141
29737,2022-02-25,feeder,0.9632,b95_100,0,1070,1070,0,0.35,-0.35
30039,2022-01-13,feeder,0.9618,b95_100,1385,3078,1693,0.44996751137102,0.35,0.0999675113710202
30058,2021-08-03,feeder,0.9968,b95_100,5999,15710,9711,0.381858688733291,0.35,0.0318586887332909
30068,2021-11-19,feeder,0.9549,b95_100,0,1825,1825,0,0.35,-0.35
30090,2022-01-25,feeder,0.9693,b95_100,926,2058,1132,0.449951409135083,0.35,0.0999514091350826
30096,2022-02-14,feeder,0.9569,b95_100,674,1496,822,0.450534759358289,0.35,0.100534759358289
30130,2021-08-09,feeder,0.9934,b95_100,1047,2325,1278,0.450322580645161,0.35,0.100322580645161
30164,2021-12-23,feeder,0.9893,b95_100,2996,6658,3662,0.449984980474617,0.35,0.099984980474617
30171,2021-11-18,feeder,0.9574,b95_100,4991,11091,6100,0.450004508159769,0.35,0.100004508159769
30175,2022-01-11,feeder,0.9988,b95_100,11346,25214,13868,0.44998810184818,0.35,0.0999881018481796
30186,2022-06-23,feeder,0.9996,b95_100,1776,3946,2170,0.450076026355803,0.35,0.100076026355803
30192,2021-12-07,feeder,0.957,b95_100,3490,7755,4265,0.45003223726628,0.35,0.10003223726628
30213,2021-09-21,feeder,0.9885,b95_100,955,2124,1169,0.449623352165725,0.35,0.0996233521657251
30342,2021-08-25,feeder,0.9929,b95_100,5023,11164,6141,0.449928341096381,0.35,0.0999283410963813
30399,2021-09-23,feeder,0.9956,b95_100,1460,8344,6884,0.174976030680729,0.35,-0.175023969319271
30403,2021-12-06,feeder,0.999,b95_100,818,2044,1226,0.400195694716243,0.35,0.0501956947162427
30406,2021-09-23,feeder,0.9956,b95_100,1004,5736,4732,0.175034867503487,0.35,-0.174965132496513
30546,2022-03-22,feeder,0.9953,b95_100,3773,9843,6070,0.383318094077009,0.35,0.0333180940770091
30559,2022-01-11,feeder,0.9943,b95_100,1482,3294,1812,0.449908925318761,0.35,0.0999089253187614
30561,2022-02-09,feeder,0.989,b95_100,1317,2927,1610,0.449948752989409,0.35,0.099948752989409
30650,2021-10-28,feeder,0.99,b95_100,2229,4953,2724,0.450030284675954,0.35,0.100030284675954
30654,2021-10-28,feeder,0.99,b95_100,2259,5020,2761,0.45,0.35,0.1
30662,2022-01-27,feeder,0.9922,b95_100,4266,9479,5213,0.450047473362169,0.35,0.100047473362169
30707,2022-01-27,feeder,0.9922,b95_100,2839,6309,3470,0.449992074813758,0.35,0.0999920748137582
30757,2021-12-28,feeder,0.9947,b95_100,21465,57613,36148,0.372572162532762,0.35,0.0225721625327617
30776,2021-11-04,feeder,0.997,b95_100,5192,11536,6344,0.450069348127601,0.35,0.100069348127601
30796,2021-11-24,feeder,0.9894,b95_100,4599,10219,5620,0.450044035619924,0.35,0.100044035619924
30807,2021-08-18,feeder,0.993,b95_100,5569,14195,8626,0.392321239873195,0.35,0.0423212398731948
30808,2022-06-16,feeder,0.9962,b95_100,846,1881,1035,0.449760765550239,0.35,0.0997607655502393
30847,2022-02-22,feeder,0.9939,b95_100,2111,4692,2581,0.449914748508099,0.35,0.0999147485080989
30850,2022-03-01,feeder,0.9965,b95_100,2593,5762,3169,0.45001735508504,0.35,0.10001735508504
31174,2022-05-12,feeder,0.9426,b90_94,0,1918,1918,0,0.4,-0.4
31194,2022-02-24,feeder,0.9898,b95_100,534,1187,653,0.449873631002527,0.35,0.0998736310025274
31195,2022-03-03,feeder,0.9916,b95_100,6324,15425,9101,0.409983792544571,0.35,0.0599837925445705
31199,2022-04-08,feeder,0.9319,b90_94,2439,4877,2438,0.500102522042239,0.4,0.100102522042239
31210,2022-03-31,feeder,0.9911,b95_100,4579,10175,5596,0.45002457002457,0.35,0.10002457002457
31564,2022-04-28,feeder,0.9899,b95_100,126,279,153,0.451612903225806,0.35,0.101612903225806
31570,2022-04-28,feeder,0.9977,b95_100,1035,2300,1265,0.45,0.35,0.1
31605,2022-05-18,feeder,0.9973,b95_100,213,473,260,0.450317124735729,0.35,0.100317124735729
31690,2021-10-08,feeder,0.9896,b95_100,1720,4585,2865,0.375136314067612,0.35,0.0251363140676118
31718,2021-12-01,feeder,0.9886,b95_100,1525,4008,2483,0.380489021956088,0.35,0.0304890219560878
31719,2022-05-02,feeder,0.9995,b95_100,3470,7712,4242,0.449948132780083,0.35,0.099948132780083
31844,2022-05-02,feeder,0.9961,b95_100,4485,11805,7320,0.37992376111817,0.35,0.0299237611181703
31898,2021-11-19,feeder,0.9915,b95_100,280,622,342,0.45016077170418,0.35,0.10016077170418
31909,2021-10-07,feeder,0.9892,b95_100,480,1066,586,0.450281425891182,0.35,0.100281425891182
31918,2021-11-26,feeder,0.9882,b95_100,368,818,450,0.449877750611247,0.35,0.099877750611247
31993,2021-07-27,feeder,0.995,b95_100,581,1292,711,0.44969040247678,0.35,0.0996904024767802
32011,2021-07-27,feeder,0.9951,b95_100,523,1163,640,0.449699054170249,0.35,0.0996990541702494
32119,2021-07-26,feeder,0.9949,b95_100,1597,3548,1951,0.45011273957159,0.35,0.10011273957159
32132,2021-07-26,feeder,0.9949,b95_100,1506,3346,1840,0.45008965929468,0.35,0.10008965929468
32183,2022-02-16,feeder,0.9947,b95_100,437,970,533,0.450515463917526,0.35,0.100515463917526
32186,2021-10-08,feeder,0.993,b95_100,242,537,295,0.450651769087523,0.35,0.100651769087523
32243,2021-10-05,feeder,0.9919,b95_100,737,4212,3475,0.174976258309592,0.35,-0.175023741690408
32316,2022-01-07,feeder,0.9598,b95_100,513,1140,627,0.45,0.35,0.1
32319,2021-07-06,feeder,0.9949,b95_100,1620,4317,2697,0.375260597637248,0.35,0.0252605976372481
32321,2021-12-29,feeder,0.9589,b95_100,982,2183,1201,0.449839670178653,0.35,0.0998396701786533
32333,2022-04-06,feeder,0.9952,b95_100,997,2487,1490,0.400884599919582,0.35,0.0508845999195818
32338,2022-06-03,feeder,0.9796,b95_100,489,1087,598,0.449862005519779,0.35,0.0998620055197792
32344,2021-08-27,feeder,0.9578,b95_100,350,776,426,0.451030927835052,0.35,0.101030927835052
32353,2021-07-26,feeder,0.9853,b95_100,289,642,353,0.450155763239875,0.35,0.100155763239875
32355,2021-09-01,feeder,0.9994,b95_100,555,1233,678,0.450121654501217,0.35,0.100121654501217
32358,2022-03-24,feeder,0.9911,b95_100,442,984,542,0.449186991869919,0.35,0.0991869918699187
32372,2022-03-30,feeder,0.9427,b90_94,463,926,463,0.5,0.4,0.1
32807,2021-07-02,feeder,0.9442,b90_94,40,80,40,0.5,0.4,0.1
32808,2021-07-02,feeder,0.9442,b90_94,37,74,37,0.5,0.4,0.1
32825,2022-06-02,feeder,0.9906,b95_100,354,785,431,0.450955414012739,0.35,0.100955414012739
32895,2021-12-20,feeder,1,b95_100,3825,9978,6153,0.38334335538184,0.35,0.0333433553818401
32904,2021-12-07,feeder,0.9953,b95_100,7495,19552,12057,0.38333674304419,0.35,0.0333367430441899
32956,2022-03-29,feeder,0.9946,b95_100,0,689,689,0,0.35,-0.35
32957,2021-08-13,feeder,0.9922,b95_100,0,765,765,0,0.35,-0.35
32958,2022-03-30,feeder,0.9909,b95_100,0,328,328,0,0.35,-0.35
32959,2021-08-13,feeder,0.9923,b95_100,0,696,696,0,0.35,-0.35
32960,2021-08-04,feeder,0.9929,b95_100,0,214,214,0,0.35,-0.35
32968,2021-08-04,feeder,0.9929,b95_100,0,310,310,0,0.35,-0.35
33051,2021-11-30,feeder,0.9994,b95_100,774,2134,1360,0.36269915651359,0.35,0.0126991565135896
33193,2022-05-18,feeder,0.9994,b95_100,1151,2556,1405,0.450312989045383,0.35,0.100312989045383
33199,2022-05-18,feeder,0.9994,b95_100,1035,2301,1266,0.44980443285528,0.35,0.0998044328552803
33392,2021-08-24,feeder,0.9896,b95_100,6570,14600,8030,0.45,0.35,0.1
33393,2022-04-22,feeder,0.9949,b95_100,10509,23353,12844,0.450006423157624,0.35,0.100006423157624
33394,2022-03-29,feeder,0.9922,b95_100,1288,3479,2191,0.370221327967807,0.35,0.0202213279678068
33395,2021-12-29,feeder,0.9927,b95_100,1641,3646,2005,0.450082281952825,0.35,0.100082281952825
33396,2021-08-25,feeder,0.9912,b95_100,1603,3564,1961,0.449775533108866,0.35,0.0997755331088664
33397,2022-01-21,feeder,0.9993,b95_100,4456,9904,5448,0.449919224555735,0.35,0.0999192245557351
33398,2022-02-23,feeder,0.9989,b95_100,4217,11141,6924,0.37851180324926,0.35,0.0285118032492595
33400,2021-12-30,feeder,0.9917,b95_100,1540,3422,1882,0.450029222676797,0.35,0.100029222676797
33401,2021-07-27,feeder,0.9882,b95_100,1024,2275,1251,0.45010989010989,0.35,0.10010989010989
33402,2022-03-22,feeder,0.9952,b95_100,1742,4709,2967,0.369929921427055,0.35,0.0199299214270546
33403,2022-04-22,feeder,0.9949,b95_100,5711,12692,6981,0.449968484084463,0.35,0.0999684840844627
33406,2022-01-21,feeder,0.9922,b95_100,1534,3408,1874,0.450117370892019,0.35,0.100117370892019
33407,2021-10-13,feeder,0.991,b95_100,900,1999,1099,0.450225112556278,0.35,0.100225112556278
33409,2021-12-01,feeder,0.9974,b95_100,2960,6577,3617,0.450053215751863,0.35,0.100053215751863
33411,2022-02-23,feeder,0.9904,b95_100,2049,4554,2505,0.449934123847167,0.35,0.0999341238471673
33412,2022-01-21,feeder,0.9888,b95_100,1122,2494,1372,0.449879711307137,0.35,0.0998797113071371
33413,2022-03-24,feeder,0.991,b95_100,2677,7235,4558,0.370006910850035,0.35,0.0200069108500346
33415,2021-12-29,feeder,0.9926,b95_100,3124,6943,3819,0.449949589514619,0.35,0.0999495895146191
33417,2021-12-29,feeder,0.9939,b95_100,3636,9826,6190,0.37003867290861,0.35,0.0200386729086098
33418,2021-08-24,feeder,0.9896,b95_100,3009,6685,3676,0.450112191473448,0.35,0.100112191473448
33444,2021-07-29,feeder,0.9828,b95_100,1671,3866,2195,0.432229694774961,0.35,0.0822296947749612
33447,2021-07-29,feeder,0.9828,b95_100,494,1281,787,0.385636221701795,0.35,0.0356362217017955
33824,2022-02-24,feeder,0.9904,b95_100,0,5913,5913,0,0.35,-0.35
33828,2022-04-07,feeder,0.993,b95_100,0,8018,8018,0,0.35,-0.35
33833,2022-05-02,feeder,0.9995,b95_100,0,4124,4124,0,0.35,-0.35
33855,2022-05-02,feeder,0.9961,b95_100,0,1296,1296,0,0.35,-0.35
34259,2021-10-21,feeder,1,b95_100,588,1306,718,0.450229709035222,0.35,0.100229709035222
34260,2021-10-21,feeder,1,b95_100,653,1451,798,0.450034458993797,0.35,0.100034458993797
34357,2022-06-30,feeder,0.9987,b95_100,21204,56886,35682,0.372745490981964,0.35,0.0227454909819639
34363,2022-06-23,feeder,0.9952,b95_100,153,340,187,0.45,0.35,0.1
34371,2022-06-30,feeder,0.9987,b95_100,7803,21563,13760,0.361869869684181,0.35,0.0118698696841812
34373,2021-10-28,feeder,0.99,b95_100,1029,2286,1257,0.450131233595801,0.35,0.100131233595801
34425,2021-08-10,feeder,0.9924,b95_100,4198,9328,5130,0.450042881646655,0.35,0.100042881646655
34427,2022-01-20,feeder,1,b95_100,8112,18027,9915,0.449991679147945,0.35,0.0999916791479448
34429,2021-10-25,feeder,0.9964,b95_100,3383,7517,4134,0.45004656112811,0.35,0.10004656112811
34430,2021-12-08,feeder,0.9887,b95_100,2382,5293,2911,0.450028339316078,0.35,0.100028339316078
34431,2021-11-26,feeder,0.9882,b95_100,10310,22912,12602,0.449982541899441,0.35,0.0999825418994414
34432,2022-01-27,feeder,0.9896,b95_100,6263,13917,7654,0.450025149098225,0.35,0.100025149098225
34437,2022-01-12,feeder,0.9995,b95_100,4983,11074,6091,0.449972909517789,0.35,0.0999729095177894
34438,2022-02-04,feeder,0.99,b95_100,17153,38116,20963,0.450020988561234,0.35,0.100020988561234
34439,2021-12-17,feeder,0.9973,b95_100,1679,3730,2051,0.450134048257373,0.35,0.100134048257373
34441,2021-11-23,feeder,0.9899,b95_100,9550,21224,11674,0.449962306822465,0.35,0.0999623068224652
34445,2022-05-20,feeder,0.9926,b95_100,13220,29376,16156,0.450027233115468,0.35,0.100027233115468
34446,2022-01-10,feeder,0.9993,b95_100,12105,26900,14795,0.45,0.35,0.1
34447,2021-11-18,feeder,0.9904,b95_100,3772,8384,4612,0.449904580152672,0.35,0.0999045801526718
34450,2021-11-17,feeder,0.9932,b95_100,4127,9171,5044,0.450005451968161,0.35,0.100005451968161
34451,2021-08-18,feeder,0.9921,b95_100,3893,8650,4757,0.450057803468208,0.35,0.100057803468208
34453,2021-11-26,feeder,0.9882,b95_100,5700,12667,6967,0.449988158206363,0.35,0.099988158206363
34457,2021-10-13,feeder,0.991,b95_100,1693,3763,2070,0.449906989104438,0.35,0.099906989104438
34463,2022-04-21,feeder,0.9919,b95_100,7959,17686,9727,0.450016962569264,0.35,0.100016962569264
34466,2021-11-29,feeder,0.9967,b95_100,10994,24432,13438,0.449983628028815,0.35,0.0999836280288147
34467,2021-11-15,feeder,0.9882,b95_100,3889,8642,4753,0.45001157139551,0.35,0.10001157139551
34468,2022-02-15,feeder,0.9947,b95_100,14489,32198,17709,0.449996894217032,0.35,0.0999968942170321
34469,2021-12-01,feeder,0.9887,b95_100,3846,8546,4700,0.450035104142289,0.35,0.100035104142289
34470,2021-11-24,feeder,0.9887,b95_100,9464,21032,11568,0.449980981361735,0.35,0.0999809813617345
34474,2021-09-01,feeder,0.9994,b95_100,4443,9874,5431,0.449969617176423,0.35,0.0999696171764229
34475,2021-12-21,feeder,0.9986,b95_100,3393,7539,4146,0.450059689614007,0.35,0.100059689614007
34476,2022-01-11,feeder,0.9988,b95_100,10515,23365,12850,0.450032099293816,0.35,0.100032099293816
34477,2022-02-08,feeder,0.9904,b95_100,6893,15317,8424,0.450022850427629,0.35,0.100022850427629
34478,2022-01-31,feeder,0.9923,b95_100,6906,15347,8441,0.449990226102821,0.35,0.0999902261028214
34480,2022-01-04,feeder,0.9909,b95_100,8037,17860,9823,0.45,0.35,0.1
34481,2022-01-18,feeder,0.9959,b95_100,10767,23926,13159,0.450012538660871,0.35,0.100012538660871
34483,2022-01-05,feeder,0.9901,b95_100,4667,10371,5704,0.45000482113586,0.35,0.10000482113586
34484,2022-01-06,feeder,0.99,b95_100,4716,10481,5765,0.449957065165538,0.35,0.0999570651655377
34486,2022-04-22,feeder,0.9903,b95_100,16371,36380,20009,0.45,0.35,0.1
34487,2022-04-11,feeder,0.9903,b95_100,7992,17760,9768,0.45,0.35,0.1
34488,2022-01-21,feeder,0.9926,b95_100,4064,9030,4966,0.450055370985604,0.35,0.100055370985604
34490,2021-08-17,feeder,0.9881,b95_100,3806,8458,4652,0.449988176873965,0.35,0.0999881768739655
34493,2021-11-16,feeder,0.9944,b95_100,4231,9403,5172,0.449962777836861,0.35,0.0999627778368606
34494,2021-08-23,feeder,0.997,b95_100,4551,10114,5563,0.449970338145145,0.35,0.0999703381451454
34495,2022-01-25,feeder,0.9929,b95_100,23338,51862,28524,0.450001928194053,0.35,0.100001928194053
34496,2022-03-29,feeder,0.9922,b95_100,13379,29732,16353,0.449986546481905,0.35,0.099986546481905
34498,2021-11-03,feeder,0.999,b95_100,4028,8950,4922,0.450055865921788,0.35,0.100055865921788
34500,2022-01-03,feeder,0.9981,b95_100,2892,6426,3534,0.450046685340803,0.35,0.100046685340803
34501,2021-10-14,fed,0.9964,b95_100,3933,8740,4807,0.45,0.35,0.1
34505,2021-08-10,fed,0.9934,b95_100,8223,18274,10051,0.449983583233009,0.35,0.0999835832330086
34507,2021-09-01,fed,0.986,b95_100,3787,8415,4628,0.450029708853238,0.35,0.100029708853238
34515,2021-08-12,feeder,0.995,b95_100,147,325,178,0.452307692307692,0.35,0.102307692307692
34553,2022-04-20,feeder,0.9914,b95_100,0,5340,5340,0,0.35,-0.35
34871,2022-02-28,feeder,0.9995,b95_100,1932,4294,2362,0.449930135072194,0.35,0.0999301350721938
34973,2022-06-02,feeder,0.9919,b95_100,3876,8614,4738,0.449965172974228,0.35,0.099965172974228
35060,2021-08-10,feeder,0.9924,b95_100,0,117,117,0,0.35,-0.35
35061,2021-11-23,feeder,0.8809,b85_89,3,6,3,0.5,0.45,0.05
35063,2021-08-10,feeder,0.9924,b95_100,0,353,353,0,0.35,-0.35
35167,2022-03-31,feeder,0.9911,b95_100,1733,3850,2117,0.45012987012987,0.35,0.10012987012987
35174,2022-05-26,feeder,0.996,b95_100,3119,6932,3813,0.449942296595499,0.35,0.0999422965954991
35178,2022-05-26,feeder,0.996,b95_100,1619,3598,1979,0.449972206781545,0.35,0.0999722067815453
35180,2022-05-05,feeder,0.9918,b95_100,1699,3775,2076,0.450066225165563,0.35,0.100066225165563
35181,2022-03-31,feeder,0.9911,b95_100,15463,34364,18901,0.449976719823071,0.35,0.0999767198230707
35183,2022-01-27,feeder,0.9933,b95_100,1877,4170,2293,0.450119904076739,0.35,0.100119904076739
35186,2022-01-27,feeder,0.9933,b95_100,3232,7183,3951,0.449951273841014,0.35,0.0999512738410136
35328,2022-03-31,feeder,0.9911,b95_100,2904,7001,4097,0.414797886016283,0.35,0.0647978860162834
35329,2022-03-31,feeder,0.9911,b95_100,805,1788,983,0.450223713646532,0.35,0.100223713646532
35334,2022-03-31,feeder,0.9885,b95_100,1869,4154,2285,0.449927780452576,0.35,0.0999277804525758
35335,2021-12-30,feeder,0.9892,b95_100,514,1143,629,0.449693788276465,0.35,0.0996937882764655
35338,2022-04-28,feeder,0.9899,b95_100,2391,5807,3416,0.411744446357844,0.35,0.061744446357844
35342,2021-12-30,feeder,0.9892,b95_100,109,244,135,0.44672131147541,0.35,0.0967213114754099
35353,2022-06-01,feeder,0.9859,b95_100,1319,2931,1612,0.450017059024224,0.35,0.100017059024224
35371,2022-05-04,feeder,0.9404,b90_94,8,21,13,0.380952380952381,0.4,-0.0190476190476191
35422,2021-08-16,fed,0.9963,b95_100,0,5040,5040,0,0.35,-0.35
35425,2021-08-16,fed,0.9987,b95_100,0,5933,5933,0,0.35,-0.35
35464,2021-11-10,feeder,0.9901,b95_100,0,7888,7888,0,0.35,-0.35
35555,2022-02-24,feeder,0.9905,b95_100,3223,7163,3940,0.449951137791428,0.35,0.0999511377914282
35556,2022-02-09,feeder,0.9997,b95_100,8137,21147,13010,0.38478271149572,0.35,0.0347827114957204
35559,2022-03-14,feeder,0.9949,b95_100,1921,4269,2348,0.449988287655189,0.35,0.0999882876551886
35562,2022-05-24,feeder,0.9937,b95_100,1290,2867,1577,0.449947680502267,0.35,0.0999476805022672
35570,2022-02-25,feeder,0.9956,b95_100,2655,5899,3244,0.450076284115952,0.35,0.100076284115952
35572,2022-03-29,feeder,0.9913,b95_100,11595,27515,15920,0.421406505542431,0.35,0.0714065055424315
35576,2022-02-02,feeder,0.9945,b95_100,3509,7798,4289,0.449987176199025,0.35,0.0999871761990254
35577,2022-03-03,feeder,0.9916,b95_100,4276,9502,5226,0.450010524100189,0.35,0.100010524100189
35635,2023-03-15,feeder,0.9927,b95_100,1812,4027,2215,0.449962751427862,0.35,0.0999627514278619
35836,2023-06-22,feeder,0.995,b95_100,0,775,775,0,0.35,-0.35
36197,2023-06-30,feeder,0.9974,b95_100,5957,16170,10213,0.368398268398268,0.35,0.0183982683982684
36277,2023-05-03,feeder,0.9343,b90_94,565,1130,565,0.5,0.4,0.1
36283,2023-05-03,feeder,0.9343,b90_94,628,1255,627,0.500398406374502,0.4,0.100398406374502
36321,2023-02-23,fed,0.9306,b90_94,460,920,460,0.5,0.4,0.1
36460,2023-06-27,feeder,0.9987,b95_100,1097,2438,1341,0.449958982772765,0.35,0.0999589827727646
36469,2023-06-27,feeder,0.9987,b95_100,919,2042,1123,0.450048971596474,0.35,0.100048971596474
36522,2023-02-03,feeder,0.9939,b95_100,2665,5923,3258,0.449940908323485,0.35,0.0999409083234847
36621,2022-07-22,feeder,0.9946,b95_100,352,782,430,0.450127877237852,0.35,0.100127877237852
36654,2023-05-23,feeder,0.9804,b95_100,197,436,239,0.451834862385321,0.35,0.101834862385321
36661,2023-05-23,feeder,0.971,b95_100,186,413,227,0.450363196125908,0.35,0.100363196125908
36692,2022-12-29,feeder,0.994,b95_100,372,825,453,0.450909090909091,0.35,0.100909090909091
36744,2023-05-04,feeder,0.997,b95_100,1480,3288,1808,0.450121654501217,0.35,0.100121654501217
36755,2023-01-26,feeder,0.9947,b95_100,643,1428,785,0.450280112044818,0.35,0.100280112044818
36881,2023-03-01,feeder,0.997,b95_100,252,637,385,0.395604395604396,0.35,0.0456043956043956
36885,2023-03-01,feeder,0.997,b95_100,62,152,90,0.407894736842105,0.35,0.0578947368421053
36926,2022-12-21,feeder,0.9988,b95_100,1895,4212,2317,0.449905033238367,0.35,0.0999050332383666
36941,2023-05-31,feeder,0.9991,b95_100,0,1431,1431,0,0.35,-0.35
36947,2022-11-23,feeder,1,b95_100,2020,4488,2468,0.450089126559715,0.35,0.100089126559715
36948,2022-12-06,feeder,1,b95_100,2139,4753,2614,0.450031559015359,0.35,0.100031559015359
36951,2023-04-25,feeder,0.9951,b95_100,0,3431,3431,0,0.35,-0.35
36955,2022-11-29,feeder,0.9973,b95_100,1929,4287,2358,0.449965010496851,0.35,0.099965010496851
36956,2023-05-23,feeder,0.9799,b95_100,0,1704,1704,0,0.35,-0.35
36958,2023-02-02,feeder,0.9998,b95_100,1762,3915,2153,0.450063856960409,0.35,0.100063856960409
36960,2022-12-27,feeder,0.9993,b95_100,1899,4221,2322,0.449893390191898,0.35,0.0998933901918977
37015,2023-01-26,feeder,0.9947,b95_100,351,781,430,0.449423815620999,0.35,0.0994238156209987
37030,2022-09-29,feeder,0.9976,b95_100,1257,2794,1537,0.449892627057981,0.35,0.0998926270579814
37096,2022-07-11,feeder,0.9998,b95_100,242,537,295,0.450651769087523,0.35,0.100651769087523
37201,2023-06-08,feeder,0.994,b95_100,0,4324,4324,0,0.35,-0.35
37203,2023-06-20,feeder,0.9925,b95_100,0,3120,3120,0,0.35,-0.35
37206,2022-11-09,feeder,0.9897,b95_100,0,6612,6612,0,0.35,-0.35
37209,2023-03-15,feeder,0.9927,b95_100,0,3726,3726,0,0.35,-0.35
37211,2022-09-27,feeder,0.9937,b95_100,0,7281,7281,0,0.35,-0.35
37553,2023-01-30,fed,0.9196,b90_94,274,548,274,0.5,0.4,0.1
37563,2023-05-31,feeder,0.9978,b95_100,304,675,371,0.45037037037037,0.35,0.10037037037037
37566,2023-04-17,feeder,0.9991,b95_100,125,276,151,0.452898550724638,0.35,0.102898550724638
37573,2023-04-06,fed,0.9982,b95_100,134,298,164,0.449664429530201,0.35,0.0996644295302014
37623,2023-04-12,feeder,0.9977,b95_100,364,910,546,0.4,0.35,0.05
37624,2023-04-12,feeder,0.9977,b95_100,533,1332,799,0.40015015015015,0.35,0.0501501501501502
37698,2023-04-21,feeder,0.9919,b95_100,1205,2676,1471,0.450298953662182,0.35,0.100298953662182
37719,2023-02-27,feeder,0.9986,b95_100,1039,2308,1269,0.450173310225303,0.35,0.100173310225303
37890,2023-04-06,feeder,0.9997,b95_100,348,773,425,0.45019404915912,0.35,0.10019404915912
37898,2023-04-18,feeder,0.9961,b95_100,118,262,144,0.450381679389313,0.35,0.100381679389313
37914,2023-04-18,feeder,0.9961,b95_100,215,477,262,0.450733752620545,0.35,0.100733752620545
37923,2023-04-06,feeder,0.9997,b95_100,383,850,467,0.450588235294118,0.35,0.100588235294118
38110,2022-12-16,fed,0.9998,b95_100,7035,15634,8599,0.449980811052834,0.35,0.0999808110528336
38114,2023-03-31,fed,0.9914,b95_100,761,1691,930,0.450029568302779,0.35,0.100029568302779
38116,2023-02-10,fed,0.9947,b95_100,5567,12371,6804,0.450004041710452,0.35,0.100004041710452
38119,2023-03-06,fed,0.9939,b95_100,5239,11644,6405,0.449931295087599,0.35,0.0999312950875988
38125,2023-05-01,feeder,0.9954,b95_100,3227,7170,3943,0.450069735006973,0.35,0.100069735006974
38197,2023-04-03,fed,0.9901,b95_100,2908,6464,3556,0.449876237623762,0.35,0.0998762376237624
38206,2023-04-03,fed,0.9433,b90_94,1410,2821,1411,0.499822757887274,0.4,0.099822757887274
38221,2023-04-20,feeder,0.9979,b95_100,451,1003,552,0.449651046859422,0.35,0.0996510468594218
38830,2023-05-17,feeder,0.9172,b90_94,6,16,10,0.375,0.4,-0.025
38855,2023-05-01,feeder,0.9996,b95_100,0,8289,8289,0,0.35,-0.35
38860,2023-06-30,feeder,0.9974,b95_100,0,5109,5109,0,0.35,-0.35
38867,2023-06-05,feeder,0.9933,b95_100,843,1873,1030,0.450080085424453,0.35,0.100080085424453
38870,2022-12-09,feeder,0.9899,b95_100,1120,2489,1369,0.449979911611089,0.35,0.0999799116110888
38872,2023-05-24,feeder,0.9977,b95_100,4096,10543,6447,0.388504220810016,0.35,0.0385042208100161
38873,2023-06-21,feeder,0.9938,b95_100,190,424,234,0.44811320754717,0.35,0.0981132075471698
38882,2023-05-19,feeder,0.9953,b95_100,720,1599,879,0.450281425891182,0.35,0.100281425891182
38883,2023-06-21,feeder,0.9938,b95_100,248,551,303,0.450090744101633,0.35,0.100090744101633
38920,2022-11-10,fed,0.9959,b95_100,2446,6116,3670,0.399934597776324,0.35,0.0499345977763244
38922,2023-05-26,fed,0.9928,b95_100,1237,3094,1857,0.399806076276665,0.35,0.0498060762766646
38923,2023-06-09,fed,0.9898,b95_100,1223,3058,1835,0.399934597776324,0.35,0.0499345977763244
38928,2023-05-19,fed,0.9973,b95_100,752,1878,1126,0.400425985090522,0.35,0.0504259850905219
38935,2023-06-01,fed,0.9962,b95_100,1024,2273,1249,0.450505939287286,0.35,0.100505939287286
38937,2023-06-30,fed,0.9916,b95_100,1248,3120,1872,0.4,0.35,0.05
39003,2023-06-07,feeder,0.9989,b95_100,831,1933,1102,0.429901707190895,0.35,0.079901707190895
39021,2023-06-07,feeder,0.9989,b95_100,1061,2466,1405,0.430251419302514,0.35,0.0802514193025142
39127,2023-05-22,feeder,0.9939,b95_100,0,7431,7431,0,0.35,-0.35
39137,2023-05-22,feeder,0.9939,b95_100,0,9069,9069,0,0.35,-0.35
39232,2022-07-22,feeder,0.9917,b95_100,15848,35217,19369,0.450009938382031,0.35,0.100009938382031
39242,2023-06-02,feeder,0.9961,b95_100,21682,48182,26500,0.450002075463866,0.35,0.100002075463866
39271,2022-08-26,feeder,0.9992,b95_100,28688,76500,47812,0.375006535947712,0.35,0.0250065359477125
39294,2022-12-23,feeder,0.9987,b95_100,8574,19054,10480,0.449984255274483,0.35,0.0999842552744831
39303,2023-06-30,feeder,0.997,b95_100,14651,32556,17905,0.450024573043371,0.35,0.100024573043371
39304,2023-06-14,feeder,0.9985,b95_100,41600,112707,71107,0.36909863628701,0.35,0.0190986362870097
39338,2023-01-25,feeder,0.9982,b95_100,51690,126498,74808,0.40862306123417,0.35,0.0586230612341697
39348,2022-07-12,feeder,0.997,b95_100,14068,38958,24890,0.361106832999641,0.35,0.0111068329996407
39363,2023-02-08,feeder,0.992,b95_100,921,5264,4343,0.174962006079027,0.35,-0.175037993920973
39368,2022-08-26,feeder,0.9925,b95_100,10598,23552,12954,0.449983016304348,0.35,0.0999830163043479
39386,2022-08-08,feeder,0.9943,b95_100,14874,33053,18179,0.450004538165976,0.35,0.100004538165976
39388,2022-12-14,feeder,0.9992,b95_100,6818,15151,8333,0.450003300112204,0.35,0.100003300112204
39599,2023-06-28,feeder,0.9989,b95_100,1786,10873,9087,0.164260093810356,0.35,-0.185739906189644
39601,2023-03-09,feeder,0.9974,b95_100,0,4535,4535,0,0.35,-0.35
39628,2023-06-28,feeder,0.9989,b95_100,678,6152,5474,0.110208062418726,0.35,-0.239791937581274
39676,2023-02-16,feeder,0.998,b95_100,633,1406,773,0.450213371266003,0.35,0.100213371266003
39700,2023-06-05,feeder,0.998,b95_100,919,2042,1123,0.450048971596474,0.35,0.100048971596474
39709,2023-05-16,feeder,0.9979,b95_100,2856,7629,4773,0.374360990955564,0.35,0.0243609909555643
39776,2023-06-29,feeder,0.9948,b95_100,1505,3927,2422,0.383244206773619,0.35,0.0332442067736186
39788,2023-06-29,feeder,0.9948,b95_100,4502,11745,7243,0.383312047679864,0.35,0.0333120476798638
39793,2023-04-03,feeder,0.9968,b95_100,2411,5356,2945,0.450149365197909,0.35,0.100149365197909
39823,2023-05-22,feeder,0.9939,b95_100,394,875,481,0.450285714285714,0.35,0.100285714285714
39825,2023-05-22,feeder,0.9939,b95_100,89,197,108,0.451776649746193,0.35,0.101776649746193
39835,2023-04-26,feeder,0.9965,b95_100,332,738,406,0.449864498644986,0.35,0.0998644986449865
39837,2023-04-26,feeder,0.9965,b95_100,738,1641,903,0.449725776965265,0.35,0.0997257769652651
39846,2022-07-05,fed,0.9107,b90_94,1182,2364,1182,0.5,0.4,0.1
39849,2023-01-30,fed,0.9938,b95_100,1093,2429,1336,0.449979415397283,0.35,0.0999794153972828
39850,2022-12-16,fed,0.9886,b95_100,1870,4155,2285,0.450060168471721,0.35,0.100060168471721
39853,2022-12-22,fed,0.9943,b95_100,1781,4452,2671,0.400044923629829,0.35,0.0500449236298293
39856,2023-03-20,fed,0.9948,b95_100,2570,5712,3142,0.449929971988796,0.35,0.0999299719887956
39864,2023-01-31,fed,0.9942,b95_100,3920,10018,6098,0.391295667797964,0.35,0.0412956677979637
40050,2023-05-18,feeder,0.9948,b95_100,2100,5478,3378,0.383351588170865,0.35,0.0333515881708653
40110,2023-04-24,feeder,0.9942,b95_100,6730,14954,8224,0.450046810218002,0.35,0.100046810218002
40204,2023-01-19,feeder,0.9916,b95_100,4566,10147,5581,0.449985217305608,0.35,0.0999852173056076
40211,2023-01-11,feeder,0.9955,b95_100,12131,26958,14827,0.449996290526003,0.35,0.0999962905260034
40321,2023-04-18,feeder,0.9416,b90_94,14,34,20,0.411764705882353,0.4,0.0117647058823529
40337,2023-06-16,feeder,0.9971,b95_100,0,347,347,0,0.35,-0.35
40341,2023-06-02,feeder,0.9961,b95_100,0,453,453,0,0.35,-0.35
40346,2023-06-16,feeder,0.9971,b95_100,0,440,440,0,0.35,-0.35
40354,2023-06-02,feeder,0.9962,b95_100,0,357,357,0,0.35,-0.35
40363,2023-04-04,feeder,0.9919,b95_100,0,3210,3210,0,0.35,-0.35
40411,2023-04-04,feeder,0.9919,b95_100,190,4826,4636,0.0393700787401575,0.35,-0.310629921259843
40442,2023-03-30,feeder,0.9968,b95_100,2109,4686,2577,0.450064020486556,0.35,0.100064020486556
40447,2023-03-02,feeder,0.9097,b90_94,93,185,92,0.502702702702703,0.4,0.102702702702703
40448,2022-07-12,feeder,0.8962,b85_89,82,149,67,0.550335570469799,0.45,0.100335570469799
40451,2022-07-29,feeder,0.8946,b85_89,119,216,97,0.550925925925926,0.45,0.100925925925926
40456,2023-04-12,feeder,0.9107,b90_94,173,345,172,0.501449275362319,0.4,0.101449275362319
40457,2023-06-12,feeder,0.9212,b90_94,341,682,341,0.5,0.4,0.1
40458,2022-09-27,feeder,0.8936,b85_89,67,122,55,0.549180327868853,0.45,0.0991803278688525
40466,2023-06-05,feeder,0.998,b95_100,1104,2453,1349,0.450061149612719,0.35,0.100061149612719
40475,2023-04-27,feeder,0.9978,b95_100,382,849,467,0.449941107184923,0.35,0.0999411071849234
40483,2023-04-27,feeder,0.9977,b95_100,248,551,303,0.450090744101633,0.35,0.100090744101633
40505,2022-09-14,feeder,0.9988,b95_100,0,2340,2340,0,0.35,-0.35
40544,2022-09-13,feeder,0.9904,b95_100,0,4493,4493,0,0.35,-0.35
40622,2022-08-02,feeder,0.9563,b95_100,0,1943,1943,0,0.35,-0.35
40641,2022-08-02,feeder,0.9672,b95_100,0,1373,1373,0,0.35,-0.35
40665,2023-03-03,feeder,0.9968,b95_100,705,1566,861,0.450191570881226,0.35,0.100191570881226
40668,2022-10-26,feeder,0.9931,b95_100,1229,2730,1501,0.45018315018315,0.35,0.10018315018315
40681,2023-03-03,feeder,0.9968,b95_100,505,1122,617,0.450089126559715,0.35,0.100089126559715
40697,2023-06-09,fed,0.9947,b95_100,6949,15442,8493,0.450006475845098,0.35,0.100006475845098
40699,2022-08-04,fed,0.9908,b95_100,6857,15236,8379,0.450052507219743,0.35,0.100052507219743
40763,2022-12-29,feeder,0.9928,b95_100,3304,7342,4038,0.450013620266957,0.35,0.100013620266957
41116,2022-08-08,feeder,0.9943,b95_100,328,729,401,0.449931412894376,0.35,0.0999314128943759
41117,2023-02-21,feeder,0.9951,b95_100,594,1319,725,0.450341167551175,0.35,0.100341167551175
41127,2022-08-08,feeder,0.9943,b95_100,379,843,464,0.449584816132859,0.35,0.0995848161328589
41136,2023-02-21,feeder,0.9951,b95_100,685,1524,839,0.449475065616798,0.35,0.0994750656167979
41215,2023-03-21,feeder,0.9947,b95_100,471,1256,785,0.375,0.35,0.025
41249,2023-03-21,feeder,0.9947,b95_100,523,1396,873,0.374641833810888,0.35,0.0246418338108882
41322,2023-02-23,feeder,0.9935,b95_100,3565,7923,4358,0.449955824813833,0.35,0.0999558248138332
41327,2023-02-16,feeder,0.9911,b95_100,4557,10126,5569,0.450029626703535,0.35,0.100029626703535
41408,2022-09-29,feeder,0.9976,b95_100,151,335,184,0.450746268656716,0.35,0.100746268656716
41429,2022-07-28,feeder,0.996,b95_100,2748,6107,3359,0.449975438021942,0.35,0.099975438021942
41445,2023-06-22,feeder,0.9981,b95_100,2232,4959,2727,0.450090744101633,0.35,0.100090744101633
41472,2022-10-27,feeder,0.9975,b95_100,2213,4916,2703,0.450162733930024,0.35,0.100162733930024
41484,2022-07-21,feeder,0.9997,b95_100,1729,3844,2115,0.449791883454735,0.35,0.0997918834547347
41487,2023-01-26,feeder,0.9947,b95_100,2361,5245,2884,0.450142993326978,0.35,0.100142993326978
41493,2022-09-01,feeder,0.9979,b95_100,8082,17961,9879,0.449974945715717,0.35,0.0999749457157174
41496,2022-12-01,feeder,0.9904,b95_100,1259,2796,1537,0.450286123032904,0.35,0.100286123032904
41522,2023-05-19,feeder,0.994,b95_100,219,485,266,0.451546391752577,0.35,0.101546391752577
41675,2023-03-28,feeder,0.9576,b95_100,538,1279,741,0.420641125879594,0.35,0.0706411258795935
41682,2023-03-28,feeder,0.9576,b95_100,570,1357,787,0.420044215180545,0.35,0.0700442151805453
41705,2023-05-04,fed,0.9487,b90_94,1070,2140,1070,0.5,0.4,0.1
41715,2022-08-11,feeder,0.8992,b85_89,124,225,101,0.551111111111111,0.45,0.101111111111111
41718,2022-08-18,feeder,0.9182,b90_94,81,163,82,0.496932515337423,0.4,0.0969325153374233
41723,2023-03-06,feeder,0.9113,b90_94,50,101,51,0.495049504950495,0.4,0.095049504950495
41725,2023-03-09,feeder,0.9134,b90_94,24,48,24,0.5,0.4,0.1
41726,2022-11-30,feeder,0.9158,b90_94,60,120,60,0.5,0.4,0.1
41729,2023-03-07,feeder,0.9077,b90_94,25,49,24,0.510204081632653,0.4,0.110204081632653
41732,2023-06-16,feeder,0.9737,b95_100,944,2097,1153,0.450166905102527,0.35,0.100166905102527
41733,2022-12-21,feeder,0.9082,b90_94,84,167,83,0.502994011976048,0.4,0.102994011976048
41734,2022-12-13,feeder,0.9091,b90_94,54,107,53,0.504672897196262,0.4,0.104672897196262
41736,2022-08-31,feeder,0.8965,b85_89,33,60,27,0.55,0.45,0.1
41738,2022-08-31,feeder,0.9183,b90_94,210,421,211,0.498812351543943,0.4,0.098812351543943
41747,2022-08-25,feeder,0.8942,b85_89,11,19,8,0.578947368421053,0.45,0.128947368421053
41750,2022-11-28,feeder,0.9188,b90_94,61,123,62,0.495934959349594,0.4,0.0959349593495934
41757,2023-03-17,feeder,0.9182,b90_94,160,321,161,0.498442367601246,0.4,0.0984423676012461
41758,2022-11-18,feeder,0.895,b85_89,51,93,42,0.548387096774194,0.45,0.0983870967741935
41759,2022-08-18,feeder,0.9563,b95_100,462,1026,564,0.450292397660819,0.35,0.100292397660819
41772,2023-05-04,feeder,0.997,b95_100,463,1028,565,0.450389105058366,0.35,0.100389105058366
41786,2022-09-01,feeder,0.9979,b95_100,2793,6207,3414,0.449975833736104,0.35,0.0999758337361044
41907,2022-08-16,feeder,0.9916,b95_100,658,1464,806,0.449453551912568,0.35,0.0994535519125683
41909,2022-08-16,feeder,0.9916,b95_100,548,1216,668,0.450657894736842,0.35,0.100657894736842
41911,2023-05-22,feeder,0.9936,b95_100,345,767,422,0.44980443285528,0.35,0.0998044328552803
41913,2023-03-03,feeder,0.9993,b95_100,1372,3049,1677,0.449983601180715,0.35,0.099983601180715
41914,2023-05-22,feeder,0.9936,b95_100,422,938,516,0.449893390191898,0.35,0.0998933901918977
42087,2023-03-27,feeder,0.9769,b95_100,5076,11281,6205,0.449960109919333,0.35,0.0999601099193334
42109,2023-04-17,feeder,0.9584,b95_100,358,795,437,0.450314465408805,0.35,0.100314465408805
42123,2023-03-23,feeder,0.9784,b95_100,3542,7870,4328,0.450063532401525,0.35,0.100063532401525
42141,2023-03-16,feeder,0.9756,b95_100,3605,8010,4405,0.450062421972534,0.35,0.100062421972534
42293,2023-04-13,feeder,0.9615,b95_100,1052,2338,1286,0.449957228400342,0.35,0.0999572284003422
42505,2022-12-01,feeder,0.9949,b95_100,3915,9793,5878,0.39977534973961,0.35,0.04977534973961
42507,2023-04-19,feeder,0.997,b95_100,971,2157,1186,0.450162262401484,0.35,0.100162262401484
42515,2023-04-19,feeder,0.997,b95_100,1107,2461,1354,0.449817147501016,0.35,0.0998171475010159
42519,2022-12-01,feeder,0.9951,b95_100,3812,8470,4658,0.450059031877214,0.35,0.100059031877214
42594,2023-03-10,feeder,0.9976,b95_100,394,876,482,0.449771689497717,0.35,0.0997716894977169
42612,2023-02-10,feeder,0.9911,b95_100,380,848,468,0.44811320754717,0.35,0.0981132075471698
42613,2023-02-08,feeder,0.9924,b95_100,938,2088,1150,0.449233716475096,0.35,0.0992337164750958
42789,2023-02-21,feeder,0.9982,b95_100,1461,3245,1784,0.450231124807396,0.35,0.100231124807396
42812,2023-06-26,feeder,0.9197,b90_94,10,24,14,0.416666666666667,0.4,0.0166666666666667
43147,2023-05-01,feeder,0.9959,b95_100,905,2410,1505,0.37551867219917,0.35,0.0255186721991701
43148,2023-05-01,feeder,0.9959,b95_100,469,1180,711,0.397457627118644,0.35,0.0474576271186441
43153,2023-04-25,feeder,0.9951,b95_100,0,858,858,0,0.35,-0.35
43154,2023-04-19,feeder,0.993,b95_100,0,3950,3950,0,0.35,-0.35
43174,2023-04-13,feeder,0.9955,b95_100,2682,5960,3278,0.45,0.35,0.1
43192,2023-04-13,feeder,0.9954,b95_100,1987,4415,2428,0.450056625141563,0.35,0.100056625141563
43199,2023-03-14,feeder,0.9896,b95_100,2583,5739,3156,0.450078410872974,0.35,0.100078410872974
43204,2023-04-14,feeder,0.9929,b95_100,1634,3631,1997,0.450013770311209,0.35,0.100013770311209
43216,2023-05-17,fed,0.9827,b95_100,1665,3699,2034,0.450121654501217,0.35,0.100121654501217
43218,2023-04-20,fed,0.9662,b95_100,1549,3443,1894,0.449898344467035,0.35,0.0998983444670346
43219,2023-04-11,fed,0.9675,b95_100,3563,7916,4353,0.450101061141991,0.35,0.100101061141991
43221,2023-04-11,fed,0.9701,b95_100,3388,7529,4141,0.449993359011821,0.35,0.099993359011821
43259,2023-04-26,feeder,0.9965,b95_100,712,1582,870,0.450063211125158,0.35,0.100063211125158
43266,2023-04-26,feeder,0.9965,b95_100,1507,3349,1842,0.4499850701702,0.35,0.0999850701702001
43275,2023-02-21,feeder,0.9981,b95_100,682,1515,833,0.45016501650165,0.35,0.10016501650165
43283,2022-08-08,fed,0.9931,b95_100,784,1744,960,0.44954128440367,0.35,0.0995412844036698
43284,2023-04-19,fed,0.9936,b95_100,1057,2348,1291,0.450170357751278,0.35,0.100170357751278
43427,2023-03-03,fed,0.9881,b95_100,2042,4536,2494,0.450176366843034,0.35,0.100176366843034
43452,2023-05-16,feeder,0.9971,b95_100,846,1881,1035,0.449760765550239,0.35,0.0997607655502393
43459,2023-05-16,feeder,0.9979,b95_100,846,1880,1034,0.45,0.35,0.1
43463,2023-01-17,fed,0.995,b95_100,752,1672,920,0.449760765550239,0.35,0.0997607655502393
43742,2022-10-12,feeder,0.9986,b95_100,0,3317,3317,0,0.35,-0.35
43744,2022-10-12,feeder,0.9949,b95_100,0,2434,2434,0,0.35,-0.35
43756,2022-10-04,feeder,0.9995,b95_100,0,2911,2911,0,0.35,-0.35
44310,2023-04-28,feeder,0.9968,b95_100,786,1745,959,0.450429799426934,0.35,0.100429799426934
44316,2023-03-29,feeder,0.9939,b95_100,1806,4014,2208,0.449925261584454,0.35,0.0999252615844544
44319,2023-03-07,feeder,0.991,b95_100,1211,2692,1481,0.449851411589896,0.35,0.099851411589896
44320,2023-05-24,feeder,0.9977,b95_100,789,1753,964,0.450085567598403,0.35,0.100085567598403
44327,2023-03-29,feeder,0.9956,b95_100,1600,3555,1955,0.450070323488045,0.35,0.100070323488045
44330,2023-04-28,feeder,0.9968,b95_100,930,2065,1135,0.450363196125908,0.35,0.100363196125908
44332,2023-03-08,feeder,0.9997,b95_100,628,1395,767,0.450179211469534,0.35,0.100179211469534
44333,2023-05-18,feeder,0.9979,b95_100,815,1810,995,0.450276243093923,0.35,0.100276243093923
44336,2023-03-13,feeder,0.9997,b95_100,2887,6415,3528,0.450038971161341,0.35,0.100038971161341
44543,2023-06-29,feeder,0.9948,b95_100,2129,5675,3546,0.375154185022026,0.35,0.0251541850220264
44715,2023-05-01,feeder,0.9789,b95_100,3441,7647,4206,0.449980384464496,0.35,0.0999803844644959
44718,2023-05-24,feeder,0.981,b95_100,2141,4757,2616,0.450073575783057,0.35,0.100073575783057
44721,2022-08-10,feeder,0.9854,b95_100,813,1807,994,0.449916989485335,0.35,0.0999169894853348
44744,2023-05-10,feeder,0.9659,b95_100,1803,4007,2204,0.449962565510357,0.35,0.0999625655103569
44756,2023-06-05,feeder,0.9769,b95_100,2682,5959,3277,0.450075516026179,0.35,0.100075516026179
44820,2023-03-06,feeder,0.9685,b95_100,808,1795,987,0.450139275766017,0.35,0.100139275766017
44957,2022-07-11,feeder,0.8984,b85_89,0,156,156,0,0.45,-0.45
44960,2022-07-11,feeder,0.8983,b85_89,0,129,129,0,0.45,-0.45
45046,2023-05-31,feeder,0.9978,b95_100,469,1044,575,0.449233716475096,0.35,0.0992337164750958
45104,2023-05-09,feeder,0.996,b95_100,17040,54528,37488,0.3125,0.35,-0.0375
45112,2023-05-09,feeder,0.996,b95_100,0,12192,12192,0,0.35,-0.35
45121,2023-02-14,feeder,0.9099,b90_94,0,17988,17988,0,0.4,-0.4
45128,2023-02-14,feeder,0.9099,b90_94,0,8065,8065,0,0.4,-0.4
45237,2023-02-28,feeder,0.9947,b95_100,0,450,450,0,0.35,-0.35
45590,2023-03-14,feeder,0.9989,b95_100,162,360,198,0.45,0.35,0.1
45612,2023-06-21,feeder,0.9784,b95_100,732,1627,895,0.449907805777505,0.35,0.0999078057775046
45640,2023-06-21,feeder,0.9699,b95_100,925,2055,1130,0.450121654501217,0.35,0.100121654501217
45646,2023-06-29,feeder,0.9949,b95_100,622,1384,762,0.449421965317919,0.35,0.0994219653179191
45711,2022-07-06,feeder,0.9958,b95_100,2507,6843,4336,0.36635978372059,0.35,0.0163597837205904
45725,2023-06-14,fed,0.9905,b95_100,0,827,827,0,0.35,-0.35
45856,2023-05-23,feeder,0.9804,b95_100,786,1745,959,0.450429799426934,0.35,0.100429799426934
45859,2023-01-12,feeder,0.9976,b95_100,0,2151,2151,0,0.35,-0.35
45862,2023-01-12,feeder,0.9976,b95_100,0,2366,2366,0,0.35,-0.35
45881,2023-05-23,feeder,0.971,b95_100,558,1239,681,0.450363196125908,0.35,0.100363196125908
45888,2023-06-20,feeder,0.9566,b95_100,573,1453,880,0.394356503785272,0.35,0.0443565037852719
45894,2022-12-09,feeder,0.9478,b90_94,1211,2692,1481,0.449851411589896,0.4,0.049851411589896
45900,2022-08-08,feeder,0.9923,b95_100,202,448,246,0.450892857142857,0.35,0.100892857142857
45902,2022-12-02,feeder,0.9997,b95_100,1164,3003,1839,0.387612387612388,0.35,0.0376123876123876
45903,2023-01-31,feeder,0.9978,b95_100,760,1687,927,0.45050385299348,0.35,0.10050385299348
45906,2023-04-11,feeder,0.9966,b95_100,252,561,309,0.449197860962567,0.35,0.0991978609625669
45911,2022-10-31,feeder,0.9442,b90_94,2241,4980,2739,0.45,0.4,0.05
45916,2023-05-31,feeder,0.9978,b95_100,156,346,190,0.450867052023121,0.35,0.100867052023121
45919,2023-02-28,feeder,0.9915,b95_100,913,2280,1367,0.400438596491228,0.35,0.0504385964912281
45922,2023-02-09,feeder,1,b95_100,1086,2917,1831,0.372300308536167,0.35,0.0223003085361673
45927,2022-10-31,feeder,0.9467,b90_94,1395,3102,1707,0.449709864603482,0.4,0.0497098646034816
45931,2023-03-08,feeder,0.9922,b95_100,1554,4236,2682,0.36685552407932,0.35,0.0168555240793201
45932,2023-05-18,feeder,0.9972,b95_100,132,293,161,0.450511945392491,0.35,0.100511945392491
45936,2023-01-04,feeder,0.995,b95_100,473,1052,579,0.449619771863118,0.35,0.0996197718631179
45940,2022-12-09,feeder,0.9478,b90_94,898,1994,1096,0.450351053159478,0.4,0.0503510531594784
45942,2022-07-13,feeder,0.9961,b95_100,539,1459,920,0.369431117203564,0.35,0.0194311172035641
45947,2023-04-26,feeder,0.984,b95_100,5356,13390,8034,0.4,0.35,0.05
45948,2022-12-23,feeder,0.9987,b95_100,932,2521,1589,0.369694565648552,0.35,0.0196945656485522
45949,2023-06-20,feeder,0.9966,b95_100,11754,30735,18981,0.382430453879941,0.35,0.0324304538799415
45953,2023-01-25,feeder,0.993,b95_100,3718,9301,5583,0.39974196322976,0.35,0.0497419632297603
45959,2022-12-05,feeder,0.998,b95_100,357,793,436,0.450189155107188,0.35,0.100189155107188
45962,2022-09-26,feeder,0.9903,b95_100,560,1398,838,0.400572246065808,0.35,0.0505722460658084
45966,2023-01-04,feeder,0.9933,b95_100,1127,3045,1918,0.370114942528736,0.35,0.0201149425287356
45970,2023-06-20,feeder,0.9482,b90_94,764,1718,954,0.444703143189756,0.4,0.0447031431897555
45978,2022-09-26,feeder,0.9903,b95_100,622,1554,932,0.4002574002574,0.35,0.0502574002574003
46027,2022-08-19,feeder,0.9905,b95_100,798,1992,1194,0.400602409638554,0.35,0.0506024096385542
46033,2023-06-23,feeder,0.9994,b95_100,1344,2987,1643,0.449949782390358,0.35,0.0999497823903582
46042,2022-08-19,feeder,0.9905,b95_100,885,2214,1329,0.399728997289973,0.35,0.0497289972899729
46047,2023-06-28,feeder,0.9989,b95_100,2025,5062,3037,0.400039510075069,0.35,0.0500395100750692
46053,2023-04-12,feeder,0.976,b95_100,1819,4044,2225,0.449802176063304,0.35,0.0998021760633037
46069,2023-06-28,feeder,0.9989,b95_100,1301,3254,1953,0.399815611555009,0.35,0.0498156115550092
46150,2023-06-01,feeder,0.9324,b90_94,1260,2880,1620,0.4375,0.4,0.0375
46187,2023-04-04,feeder,0.9916,b95_100,388,862,474,0.450116009280742,0.35,0.100116009280742
46202,2023-04-04,feeder,0.9916,b95_100,323,716,393,0.451117318435754,0.35,0.101117318435754
46245,2023-03-03,feeder,0.9968,b95_100,2551,5669,3118,0.449991180102311,0.35,0.0999911801023108
46247,2023-03-03,feeder,0.9968,b95_100,19189,50918,31729,0.376860835068149,0.35,0.0268608350681488
46322,2023-05-19,feeder,0.9918,b95_100,107,237,130,0.451476793248945,0.35,0.101476793248945
46323,2023-04-20,feeder,0.9999,b95_100,265,588,323,0.450680272108844,0.35,0.100680272108844
46324,2023-05-22,feeder,0.9936,b95_100,608,1350,742,0.45037037037037,0.35,0.10037037037037
46334,2022-07-25,feeder,0.9932,b95_100,196,435,239,0.450574712643678,0.35,0.100574712643678
46338,2023-05-19,feeder,0.9918,b95_100,89,197,108,0.451776649746193,0.35,0.101776649746193
46344,2023-05-22,feeder,0.9936,b95_100,584,1296,712,0.450617283950617,0.35,0.100617283950617
46354,2022-07-25,feeder,0.9933,b95_100,215,478,263,0.44979079497908,0.35,0.0997907949790795
46358,2023-04-20,feeder,0.9999,b95_100,319,709,390,0.449929478138223,0.35,0.0999294781382229
46542,2023-03-22,feeder,0.9938,b95_100,483,1074,591,0.449720670391061,0.35,0.0997206703910615
46553,2023-02-01,feeder,0.9921,b95_100,766,1702,936,0.450058754406581,0.35,0.100058754406581
46573,2023-01-04,feeder,0.9657,b95_100,2023,4495,2472,0.450055617352614,0.35,0.100055617352614
46607,2023-03-22,feeder,0.9938,b95_100,532,1182,650,0.450084602368866,0.35,0.100084602368866
46683,2022-11-18,feeder,0.9938,b95_100,1964,5164,3200,0.380325329202169,0.35,0.0303253292021689
46723,2022-10-25,feeder,0.9986,b95_100,3175,8362,5187,0.379693853145181,0.35,0.0296938531451806
46740,2023-01-24,feeder,0.9965,b95_100,2311,5846,3535,0.395313034553541,0.35,0.0453130345535409
46745,2023-02-03,feeder,0.9907,b95_100,4472,11323,6851,0.394948335246843,0.35,0.0449483352468427
46752,2022-10-24,feeder,0.9901,b95_100,3755,9884,6129,0.379906920275192,0.35,0.0299069202751923
46759,2023-01-24,feeder,0.9897,b95_100,2834,7171,4337,0.395202900571747,0.35,0.0452029005717474
46773,2023-06-15,fed,0.9903,b95_100,0,3093,3093,0,0.35,-0.35
46776,2023-06-21,fed,0.9903,b95_100,0,3349,3349,0,0.35,-0.35
46937,2023-05-16,feeder,0.9991,b95_100,0,2215,2215,0,0.35,-0.35
46956,2023-05-16,feeder,0.999,b95_100,0,2013,2013,0,0.35,-0.35
47014,2022-08-09,feeder,0.9921,b95_100,12,33,21,0.363636363636364,0.35,0.0136363636363637
47015,2023-01-30,feeder,0.9909,b95_100,3186,7968,4782,0.399849397590361,0.35,0.0498493975903615
47038,2023-06-30,feeder,0.997,b95_100,2439,6716,4277,0.3631625967838,0.35,0.0131625967837999
47044,2023-01-11,feeder,0.9983,b95_100,1069,2375,1306,0.450105263157895,0.35,0.100105263157895
47049,2023-06-06,feeder,0.9979,b95_100,1440,3201,1761,0.449859418931584,0.35,0.0998594189315839
47052,2023-05-16,feeder,0.9736,b95_100,170,377,207,0.450928381962865,0.35,0.100928381962865
47056,2023-05-16,feeder,0.9736,b95_100,188,418,230,0.449760765550239,0.35,0.0997607655502393
47273,2023-05-18,feeder,0.9948,b95_100,2502,5560,3058,0.45,0.35,0.1
47336,2023-06-01,feeder,0.9961,b95_100,318,706,388,0.45042492917847,0.35,0.10042492917847
47386,2022-08-05,feeder,0.9992,b95_100,239,532,293,0.449248120300752,0.35,0.0992481203007519
47438,2023-05-01,feeder,0.9956,b95_100,325,724,399,0.448895027624309,0.35,0.0988950276243094
47463,2023-05-01,feeder,0.9956,b95_100,297,659,362,0.450682852807284,0.35,0.100682852807284
47562,2023-04-03,feeder,0.9468,b90_94,408,815,407,0.500613496932515,0.4,0.100613496932515
47606,2023-05-22,feeder,0.9522,b95_100,332,737,405,0.450474898236092,0.35,0.100474898236092
47619,2023-06-28,feeder,0.992,b95_100,907,2015,1108,0.450124069478908,0.35,0.100124069478908
47640,2023-04-10,feeder,0.9952,b95_100,393,980,587,0.401020408163265,0.35,0.0510204081632653
47648,2023-05-22,feeder,0.9522,b95_100,298,663,365,0.44947209653092,0.35,0.0994720965309201
47752,2023-05-22,feeder,0.9939,b95_100,170,378,208,0.44973544973545,0.35,0.0997354497354497
47907,2023-04-27,feeder,0.9998,b95_100,459,1020,561,0.45,0.35,0.1
48045,2023-03-30,feeder,0.9972,b95_100,696,1546,850,0.45019404915912,0.35,0.10019404915912
48046,2023-03-30,feeder,0.9972,b95_100,765,1700,935,0.45,0.35,0.1
48048,2022-11-30,feeder,0.9903,b95_100,1422,3160,1738,0.45,0.35,0.1
48179,2023-01-18,feeder,0.9955,b95_100,289,642,353,0.450155763239875,0.35,0.100155763239875
48186,2023-01-18,feeder,0.9955,b95_100,1040,2311,1271,0.45002163565556,0.35,0.10002163565556
48221,2023-04-24,feeder,0.9974,b95_100,250,555,305,0.450450450450451,0.35,0.10045045045045
48223,2023-04-24,feeder,0.9974,b95_100,305,678,373,0.449852507374631,0.35,0.0998525073746313
48225,2023-06-02,feeder,0.9962,b95_100,68,150,82,0.453333333333333,0.35,0.103333333333333
48226,2022-07-25,feeder,0.9933,b95_100,144,319,175,0.45141065830721,0.35,0.10141065830721
48228,2022-07-25,feeder,0.9932,b95_100,131,290,159,0.451724137931035,0.35,0.101724137931035
48231,2023-06-02,feeder,0.9961,b95_100,54,119,65,0.453781512605042,0.35,0.103781512605042
48274,2022-11-03,feeder,0.993,b95_100,1467,3826,2359,0.383429168844746,0.35,0.0334291688447465
48349,2023-04-25,feeder,0.9951,b95_100,1093,2430,1337,0.449794238683128,0.35,0.0997942386831276
48364,2023-04-25,feeder,0.9951,b95_100,4608,11455,6847,0.402269751200349,0.35,0.0522697512003492
48514,2023-05-19,feeder,0.9939,b95_100,0,570,570,0,0.35,-0.35
48521,2023-05-19,feeder,0.994,b95_100,0,518,518,0,0.35,-0.35
48578,2023-05-30,feeder,0.9972,b95_100,1474,3275,1801,0.450076335877863,0.35,0.100076335877863
48757,2022-12-15,feeder,0.9948,b95_100,9150,20333,11183,0.450007377170118,0.35,0.100007377170118
48923,2023-04-21,feeder,0.9982,b95_100,17238,38305,21067,0.450019579689336,0.35,0.100019579689336
48968,2023-03-02,feeder,0.9967,b95_100,9129,20287,11158,0.44999260610243,0.35,0.0999926061024302
48975,2022-11-17,feeder,0.9973,b95_100,12135,26966,14831,0.450011125120522,0.35,0.100011125120522
49017,2023-01-18,feeder,0.9984,b95_100,15004,34481,19477,0.435138192047794,0.35,0.0851381920477944
49041,2022-07-25,feeder,0.9944,b95_100,6921,18172,11251,0.38086066475897,0.35,0.0308606647589699
49043,2022-07-25,feeder,0.9944,b95_100,6210,16162,9952,0.38423462442767,0.35,0.0342346244276699
49098,2023-06-20,feeder,0.9925,b95_100,17649,46582,28933,0.378880254175433,0.35,0.0288802541754326
49103,2023-04-21,feeder,0.9918,b95_100,4572,10160,5588,0.45,0.35,0.1
49146,2022-07-12,feeder,0.9935,b95_100,15507,41337,25830,0.375136076638363,0.35,0.0251360766383628
49153,2023-06-07,feeder,0.9989,b95_100,32946,85783,52837,0.384062110208316,0.35,0.0340621102083163
49174,2022-11-17,feeder,0.9973,b95_100,7088,15752,8664,0.449974606399187,0.35,0.0999746063991874
49181,2023-02-21,feeder,0.9933,b95_100,0,7341,7341,0,0.35,-0.35
49407,2023-06-15,feeder,0.9964,b95_100,0,25251,25251,0,0.35,-0.35
49469,2023-06-06,feeder,0.9953,b95_100,0,736,736,0,0.35,-0.35
49471,2023-04-28,feeder,0.9997,b95_100,783,2069,1286,0.378443692605123,0.35,0.0284436926051233
49472,2023-05-24,feeder,0.9977,b95_100,2070,4600,2530,0.45,0.35,0.1
49483,2023-04-28,feeder,0.9997,b95_100,856,2258,1402,0.379096545615589,0.35,0.0290965456155891
49485,2023-05-24,feeder,0.9977,b95_100,1710,3801,2091,0.449881610102605,0.35,0.0998816101026046
49489,2023-06-06,feeder,0.9954,b95_100,0,624,624,0,0.35,-0.35
49496,2023-06-01,feeder,0.988,b95_100,1070,2917,1847,0.366815221117587,0.35,0.0168152211175866
49503,2023-06-01,feeder,0.988,b95_100,201,446,245,0.45067264573991,0.35,0.10067264573991
49504,2023-06-05,feeder,0.9997,b95_100,104,270,166,0.385185185185185,0.35,0.0351851851851852
49505,2023-04-19,feeder,0.9959,b95_100,1299,2885,1586,0.450259965337955,0.35,0.100259965337955
49668,2023-06-12,feeder,0.9947,b95_100,1079,2398,1319,0.449958298582152,0.35,0.0999582985821518
49675,2023-06-12,feeder,0.9947,b95_100,594,1319,725,0.450341167551175,0.35,0.100341167551175
49683,2023-06-01,feeder,0.9961,b95_100,1634,3630,1996,0.450137741046832,0.35,0.100137741046832
49689,2023-04-10,feeder,0.9914,b95_100,3718,8264,4546,0.449903194578896,0.35,0.0999031945788965
49726,2023-06-30,feeder,0.9974,b95_100,2028,4508,2480,0.449866903283052,0.35,0.0998669032830524
49935,2023-05-31,feeder,0.9978,b95_100,351,781,430,0.449423815620999,0.35,0.0994238156209987
49941,2023-05-31,feeder,0.9978,b95_100,419,930,511,0.450537634408602,0.35,0.100537634408602
49953,2023-06-13,feeder,0.9931,b95_100,441,980,539,0.45,0.35,0.1
49958,2023-04-20,feeder,0.9999,b95_100,2316,5145,2829,0.450145772594752,0.35,0.100145772594752
50015,2023-06-13,feeder,0.9931,b95_100,675,1500,825,0.45,0.35,0.1
50056,2023-04-26,feeder,0.9978,b95_100,106,232,126,0.456896551724138,0.35,0.106896551724138
50060,2023-06-22,feeder,0.995,b95_100,1270,2824,1554,0.44971671388102,0.35,0.0997167138810198
50062,2022-08-08,feeder,0.9943,b95_100,1099,2776,1677,0.395893371757925,0.35,0.0458933717579251
50075,2022-08-08,feeder,0.9943,b95_100,525,1165,640,0.450643776824034,0.35,0.100643776824034
50076,2023-01-23,feeder,0.995,b95_100,1740,3866,2126,0.450077599586136,0.35,0.100077599586136
50078,2023-04-27,feeder,0.9895,b95_100,504,1118,614,0.450805008944544,0.35,0.100805008944544
50082,2023-04-26,feeder,0.9978,b95_100,268,594,326,0.451178451178451,0.35,0.101178451178451
50101,2023-06-22,feeder,0.9978,b95_100,491,1090,599,0.45045871559633,0.35,0.10045871559633
50119,2023-03-29,feeder,0.9953,b95_100,681,1704,1023,0.399647887323944,0.35,0.0496478873239437
50133,2023-05-16,feeder,0.9979,b95_100,2770,6926,4156,0.399942246606988,0.35,0.0499422466069882
50151,2023-06-15,feeder,0.9969,b95_100,1562,3470,1908,0.45014409221902,0.35,0.10014409221902
50153,2023-06-15,feeder,1,b95_100,1475,3277,1802,0.450106805004577,0.35,0.100106805004577
50166,2023-06-02,feeder,0.9942,b95_100,489,1085,596,0.450691244239631,0.35,0.100691244239631
50169,2023-06-02,feeder,0.9927,b95_100,782,1956,1174,0.399795501022495,0.35,0.0497955010224949
50170,2023-03-15,feeder,0.9978,b95_100,3477,8694,5217,0.399930986887509,0.35,0.0499309868875086
50180,2023-06-02,feeder,0.9942,b95_100,3180,8715,5535,0.364888123924269,0.35,0.0148881239242685
50316,2023-06-28,feeder,0.9952,b95_100,6304,14008,7704,0.450028555111365,0.35,0.100028555111365
50336,2023-04-14,feeder,0.9929,b95_100,1489,3793,2304,0.392565251779594,0.35,0.042565251779594
50371,2023-06-06,feeder,0.9952,b95_100,1407,3127,1720,0.449952030700352,0.35,0.0999520307003518
50383,2023-06-06,feeder,0.9952,b95_100,1196,2658,1462,0.449962377727615,0.35,0.0999623777276148
50479,2023-05-24,feeder,0.9977,b95_100,0,429,429,0,0.35,-0.35
50495,2023-05-22,feeder,0.9939,b95_100,251,558,307,0.449820788530466,0.35,0.099820788530466
50503,2023-06-21,feeder,0.9963,b95_100,305,677,372,0.450516986706056,0.35,0.100516986706056
50524,2023-06-28,feeder,0.9989,b95_100,357,794,437,0.449622166246851,0.35,0.0996221662468514
50531,2023-06-28,feeder,0.9989,b95_100,325,722,397,0.450138504155125,0.35,0.100138504155125
50549,2023-06-21,feeder,0.9963,b95_100,872,1938,1066,0.449948400412797,0.35,0.0999484004127967
50595,2023-04-20,feeder,0.9977,b95_100,926,2058,1132,0.449951409135083,0.35,0.0999514091350826
50603,2023-03-01,feeder,0.9952,b95_100,36778,99786,63008,0.368568737097388,0.35,0.0185687370973884
50630,2023-04-20,feeder,0.9977,b95_100,2069,4955,2886,0.417558022199798,0.35,0.0675580221997982
50632,2023-03-01,feeder,0.9949,b95_100,33411,90965,57554,0.367295113505194,0.35,0.0172951135051943
50652,2023-03-01,feeder,0.9935,b95_100,41784,113370,71586,0.368563111934374,0.35,0.0185631119343742
50831,2023-03-07,feeder,0.9923,b95_100,0,14737,14737,0,0.35,-0.35
50888,2023-03-02,feeder,0.9967,b95_100,47583,118247,70664,0.402403443639162,0.35,0.0524034436391621
50890,2023-02-06,feeder,0.9916,b95_100,2164,4809,2645,0.449989602828031,0.35,0.0999896028280308
50917,2023-04-24,feeder,0.9973,b95_100,714,1587,873,0.449905482041588,0.35,0.099905482041588
50945,2023-04-24,feeder,0.9973,b95_100,940,2088,1148,0.450191570881226,0.35,0.100191570881226
50950,2023-06-06,feeder,0.9952,b95_100,162,362,200,0.447513812154696,0.35,0.0975138121546962
50953,2023-06-30,feeder,0.997,b95_100,204,454,250,0.449339207048458,0.35,0.0993392070484582
50959,2023-06-06,feeder,0.9952,b95_100,146,326,180,0.447852760736196,0.35,0.0978527607361964
50962,2023-06-30,feeder,0.997,b95_100,306,680,374,0.45,0.35,0.1
50966,2023-03-27,feeder,0.9948,b95_100,0,5700,5700,0,0.35,-0.35
51075,2023-03-27,feeder,0.9948,b95_100,1818,4040,2222,0.45,0.35,0.1
51077,2023-03-27,feeder,0.9948,b95_100,2309,5130,2821,0.45009746588694,0.35,0.10009746588694
51081,2023-05-30,feeder,0.9958,b95_100,654,1454,800,0.449793672627235,0.35,0.0997936726272352
51083,2022-11-17,feeder,0.9904,b95_100,24693,61732,37039,0.400003239810795,0.35,0.0500032398107951
51084,2023-06-15,feeder,0.9992,b95_100,1189,2644,1455,0.449697428139183,0.35,0.0996974281391831
51087,2022-12-01,feeder,0.9904,b95_100,7833,18807,10974,0.416493858669644,0.35,0.0664938586696443
51106,2023-03-17,feeder,0.993,b95_100,1939,4956,3017,0.391242937853107,0.35,0.0412429378531073
51109,2023-03-17,feeder,0.993,b95_100,1506,3850,2344,0.391168831168831,0.35,0.0411688311688312
51265,2023-03-21,feeder,0.9749,b95_100,2065,4588,2523,0.450087183958152,0.35,0.100087183958152
51336,2022-07-26,fed,0.9706,b95_100,2303,5118,2815,0.449980461117624,0.35,0.0999804611176241
51337,2023-05-17,fed,0.9721,b95_100,8901,19781,10880,0.449977250897326,0.35,0.0999772508973257
51348,2023-06-29,feeder,0.9926,b95_100,698,1928,1230,0.362033195020747,0.35,0.0120331950207469
51354,2022-07-14,feeder,0.99,b95_100,1908,4241,2333,0.449893892949776,0.35,0.099893892949776
51356,2023-05-31,feeder,0.9991,b95_100,3238,7886,4648,0.410601065178798,0.35,0.0606010651787979
51387,2023-05-30,feeder,0.998,b95_100,41,92,51,0.445652173913043,0.35,0.0956521739130435
51389,2023-04-28,feeder,0.9997,b95_100,75,167,92,0.449101796407186,0.35,0.0991017964071856
51400,2023-05-30,feeder,0.998,b95_100,61,135,74,0.451851851851852,0.35,0.101851851851852
51410,2023-04-28,feeder,0.9997,b95_100,51,114,63,0.447368421052632,0.35,0.0973684210526316
51479,2022-09-26,feeder,0.9903,b95_100,13,36,23,0.361111111111111,0.35,0.0111111111111111
51721,2023-06-08,feeder,0.994,b95_100,523,1163,640,0.449699054170249,0.35,0.0996990541702494
51758,2023-06-08,feeder,0.9996,b95_100,968,2150,1182,0.450232558139535,0.35,0.100232558139535
51763,2023-06-14,feeder,0.9985,b95_100,912,2026,1114,0.450148075024679,0.35,0.100148075024679
51785,2023-02-15,feeder,0.998,b95_100,2068,4595,2527,0.450054406964091,0.35,0.100054406964091
51788,2023-06-22,feeder,0.9981,b95_100,998,2218,1220,0.449954914337241,0.35,0.0999549143372408
51841,2023-02-17,feeder,0.9713,b95_100,561,1247,686,0.449879711307137,0.35,0.0998797113071371
51843,2023-06-22,feeder,0.995,b95_100,909,2019,1110,0.450222882615156,0.35,0.100222882615156
51850,2023-01-24,feeder,0.9793,b95_100,941,2091,1150,0.450023912003826,0.35,0.100023912003826
51851,2022-11-25,feeder,0.9915,b95_100,504,1120,616,0.45,0.35,0.1
51853,2023-01-24,feeder,0.9897,b95_100,738,1639,901,0.450274557657108,0.35,0.100274557657108
51867,2023-02-10,feeder,0.9705,b95_100,548,1218,670,0.44991789819376,0.35,0.0999178981937603
52059,2023-06-07,feeder,0.9926,b95_100,2267,5037,2770,0.450069485805043,0.35,0.100069485805043
52196,2022-11-15,feeder,0.9755,b95_100,0,668,668,0,0.35,-0.35
52341,2023-06-30,feeder,0.997,b95_100,545,1211,666,0.450041288191577,0.35,0.100041288191577
52360,2023-06-30,feeder,0.997,b95_100,491,1090,599,0.45045871559633,0.35,0.10045871559633
52536,2023-04-25,feeder,0.9673,b95_100,2857,6348,3491,0.450063011972275,0.35,0.100063011972275
52720,2023-04-17,feeder,0.9939,b95_100,3645,8101,4456,0.449944451302308,0.35,0.0999444513023084
52727,2023-06-23,feeder,0.9929,b95_100,13184,31282,18098,0.421456428617096,0.35,0.0714564286170961
52752,2023-01-20,feeder,0.9938,b95_100,513,1139,626,0.450395083406497,0.35,0.100395083406497
52757,2022-12-05,feeder,0.9987,b95_100,7723,17162,9439,0.45000582682671,0.35,0.10000582682671
52759,2023-01-31,feeder,0.9897,b95_100,1361,3488,2127,0.39019495412844,0.35,0.0401949541284404
52761,2022-12-20,feeder,0.9932,b95_100,3579,7954,4375,0.449962283127986,0.35,0.0999622831279859
52762,2022-11-21,feeder,0.9936,b95_100,7089,15753,8664,0.45000952199581,0.35,0.10000952199581
52764,2023-06-13,feeder,0.9942,b95_100,1144,2544,1400,0.449685534591195,0.35,0.099685534591195
52768,2023-06-12,feeder,0.9997,b95_100,3911,8690,4779,0.45005753739931,0.35,0.10005753739931
52800,2023-01-09,feeder,0.9946,b95_100,460,1022,562,0.450097847358121,0.35,0.100097847358121
52808,2022-11-15,feeder,0.99,b95_100,0,5660,5660,0,0.35,-0.35
52811,2023-03-16,feeder,0.9943,b95_100,684,1519,835,0.450296247531271,0.35,0.100296247531271
52813,2023-05-26,feeder,0.9954,b95_100,333,741,408,0.449392712550607,0.35,0.0993927125506073
52814,2023-01-09,feeder,0.9946,b95_100,900,1999,1099,0.450225112556278,0.35,0.100225112556278
52818,2023-02-06,feeder,0.9977,b95_100,2233,5950,3717,0.375294117647059,0.35,0.0252941176470589
52821,2023-06-28,feeder,0.9929,b95_100,2192,4871,2679,0.450010264832683,0.35,0.100010264832683
52824,2023-06-21,feeder,0.9938,b95_100,2691,5980,3289,0.45,0.35,0.1
52828,2023-06-15,feeder,0.9936,b95_100,1056,2347,1291,0.449936088623775,0.35,0.0999360886237751
52829,2023-03-06,feeder,0.9954,b95_100,916,2436,1520,0.376026272577997,0.35,0.0260262725779967
52833,2023-05-04,feeder,0.9948,b95_100,819,1821,1002,0.449752883031302,0.35,0.0997528830313015
52835,2023-03-21,feeder,0.9949,b95_100,719,1598,879,0.449937421777222,0.35,0.0999374217772215
52836,2023-02-16,feeder,0.9965,b95_100,362,960,598,0.377083333333333,0.35,0.0270833333333334
52838,2023-06-12,feeder,0.9995,b95_100,909,2437,1528,0.372999589659417,0.35,0.0229995896594173
52841,2023-04-25,feeder,0.9935,b95_100,565,1475,910,0.383050847457627,0.35,0.0330508474576272
52843,2023-04-20,feeder,0.9933,b95_100,702,1561,859,0.449711723254324,0.35,0.0997117232543241
52857,2022-11-15,feeder,0.9944,b95_100,0,9584,9584,0,0.35,-0.35
52870,2023-05-18,feeder,0.9979,b95_100,645,1434,789,0.44979079497908,0.35,0.0997907949790795
52877,2023-06-21,feeder,0.9163,b90_94,1010,2021,1011,0.499752597723899,0.4,0.099752597723899
52888,2023-06-21,feeder,0.9163,b90_94,1498,2995,1497,0.50016694490818,0.4,0.10016694490818
52889,2022-09-23,feeder,0.9771,b95_100,1344,2987,1643,0.449949782390358,0.35,0.0999497823903582
53028,2023-03-27,feeder,0.9933,b95_100,343,764,421,0.448952879581152,0.35,0.0989528795811518
53146,2023-03-08,feeder,0.9922,b95_100,1940,4311,2371,0.450011598237068,0.35,0.100011598237068
53147,2022-11-10,feeder,0.9902,b95_100,2373,5273,2900,0.450028446804476,0.35,0.100028446804476
53152,2023-04-06,feeder,0.9973,b95_100,3478,7729,4251,0.449993530857808,0.35,0.0999935308578083
53153,2023-05-25,feeder,0.9998,b95_100,4125,9166,5041,0.450032729653066,0.35,0.100032729653066
53156,2023-04-18,feeder,0.9997,b95_100,1808,4017,2209,0.45008712969878,0.35,0.10008712969878
53161,2022-07-06,feeder,0.9968,b95_100,3317,7370,4053,0.450067842605156,0.35,0.100067842605156
53168,2022-11-10,feeder,0.9901,b95_100,2141,4756,2615,0.450168208578638,0.35,0.100168208578638
53206,2023-02-17,feeder,0.9982,b95_100,0,704,704,0,0.35,-0.35
53269,2023-06-12,feeder,0.9499,b90_94,823,1645,822,0.500303951367781,0.4,0.100303951367781
53270,2023-03-29,feeder,0.9483,b90_94,1128,2255,1127,0.500221729490022,0.4,0.100221729490022
53278,2022-11-08,feeder,0.9438,b90_94,438,875,437,0.500571428571429,0.4,0.100571428571429
53281,2022-10-26,feeder,0.9379,b90_94,1088,2175,1087,0.500229885057471,0.4,0.100229885057471
53283,2023-05-11,feeder,0.9463,b90_94,649,1297,648,0.500385505011565,0.4,0.100385505011565
53324,2022-09-06,feeder,0.9921,b95_100,342,761,419,0.449408672798949,0.35,0.0994086727989488
53327,2022-09-06,feeder,0.9921,b95_100,1079,2398,1319,0.449958298582152,0.35,0.0999582985821518
53377,2023-03-07,feeder,0.9923,b95_100,2267,12340,10073,0.183711507293355,0.35,-0.166288492706645
53403,2022-09-27,feeder,0.9922,b95_100,7028,15618,8590,0.449993597131515,0.35,0.099993597131515
53545,2023-02-24,feeder,0.9926,b95_100,6472,31697,25225,0.204183361201376,0.35,-0.145816638798624
53592,2023-05-18,feeder,0.9978,b95_100,411,914,503,0.449671772428884,0.35,0.099671772428884
53617,2023-05-31,feeder,0.9955,b95_100,1004,2652,1648,0.378582202111614,0.35,0.0285822021116139
53625,2023-05-18,feeder,0.9978,b95_100,386,857,471,0.450408401400233,0.35,0.100408401400233
53921,2023-02-27,feeder,0.9971,b95_100,212,470,258,0.451063829787234,0.35,0.101063829787234
53922,2022-11-30,feeder,0.9975,b95_100,249,554,305,0.449458483754513,0.35,0.0994584837545127
53924,2023-01-24,feeder,0.9994,b95_100,257,571,314,0.450087565674256,0.35,0.100087565674256
53970,2023-04-25,feeder,0.9953,b95_100,1275,3306,2031,0.385662431941924,0.35,0.0356624319419238
53972,2022-07-25,feeder,0.9899,b95_100,527,1171,644,0.450042698548249,0.35,0.100042698548249
53974,2023-04-25,feeder,0.9953,b95_100,1372,3572,2200,0.384098544232923,0.35,0.0340985442329227
54025,2022-09-07,feeder,0.9979,b95_100,0,1116,1116,0,0.35,-0.35
54068,2023-03-13,feeder,0.9963,b95_100,2456,5458,3002,0.449981678270429,0.35,0.0999816782704288
54071,2022-09-07,feeder,0.9979,b95_100,0,507,507,0,0.35,-0.35
54072,2022-07-25,feeder,0.9899,b95_100,610,1355,745,0.450184501845019,0.35,0.100184501845018
54079,2022-10-26,feeder,0.9951,b95_100,960,2417,1457,0.39718659495242,0.35,0.0471865949524204
54112,2023-05-22,feeder,0.9939,b95_100,2105,4678,2573,0.449978623343309,0.35,0.0999786233433091
54113,2022-08-09,feeder,0.9921,b95_100,1240,2755,1515,0.450090744101633,0.35,0.100090744101633
54128,2022-11-14,feeder,0.9919,b95_100,372,826,454,0.450363196125908,0.35,0.100363196125908
54144,2023-03-28,feeder,0.9964,b95_100,1295,2878,1583,0.449965253648367,0.35,0.0999652536483669
54153,2023-04-28,feeder,0.9404,b90_94,147,294,147,0.5,0.4,0.1
54163,2022-11-15,feeder,0.9907,b95_100,398,888,490,0.448198198198198,0.35,0.0981981981981982
54180,2023-04-19,feeder,0.9966,b95_100,2460,5467,3007,0.449972562648619,0.35,0.099972562648619
54192,2023-04-24,feeder,0.9974,b95_100,1437,3193,1756,0.450046977763858,0.35,0.100046977763858
54193,2023-06-20,feeder,0.9985,b95_100,664,1474,810,0.450474898236092,0.35,0.100474898236092
54194,2023-06-20,feeder,0.9985,b95_100,604,1340,736,0.450746268656716,0.35,0.100746268656716
54205,2022-08-16,feeder,0.9926,b95_100,1368,3040,1672,0.45,0.35,0.1
54207,2023-03-08,feeder,0.9922,b95_100,2942,6537,3595,0.450053541379838,0.35,0.100053541379838
54227,2023-05-25,feeder,0.9972,b95_100,3560,7911,4351,0.450006320313488,0.35,0.100006320313488
54230,2022-10-26,feeder,0.9951,b95_100,1067,2857,1790,0.373468673433672,0.35,0.0234686734336717
54231,2023-02-02,feeder,0.9933,b95_100,1584,3521,1937,0.449872195399034,0.35,0.0998721953990344
54251,2023-04-24,feeder,0.9974,b95_100,3198,7107,3909,0.449978894048122,0.35,0.0999788940481216
54252,2022-11-14,feeder,0.9918,b95_100,124,276,152,0.449275362318841,0.35,0.0992753623188406
54295,2022-10-17,feeder,0.9971,b95_100,4007,10016,6009,0.400059904153355,0.35,0.0500599041533547
54296,2022-11-21,feeder,0.9971,b95_100,276,610,334,0.452459016393443,0.35,0.102459016393443
54302,2023-04-28,feeder,0.9489,b90_94,360,720,360,0.5,0.4,0.1
54348,2023-04-28,feeder,0.9489,b90_94,164,328,164,0.5,0.4,0.1
54358,2023-03-28,feeder,0.9964,b95_100,1178,2616,1438,0.450305810397554,0.35,0.100305810397554
54472,2023-03-23,feeder,0.9404,b90_94,4298,10125,5827,0.424493827160494,0.4,0.0244938271604938
54573,2023-05-18,feeder,0.9972,b95_100,1904,4914,3010,0.387464387464387,0.35,0.0374643874643875
54596,2023-05-02,feeder,0.9951,b95_100,1058,2351,1293,0.450021267545725,0.35,0.100021267545725
54618,2023-05-18,feeder,0.9972,b95_100,754,1675,921,0.450149253731343,0.35,0.100149253731343
54639,2023-05-03,feeder,0.9956,b95_100,2168,5911,3743,0.366773811537811,0.35,0.0167738115378109
54653,2023-05-01,feeder,0.9956,b95_100,311,692,381,0.449421965317919,0.35,0.0994219653179191
54659,2023-03-17,feeder,0.9925,b95_100,4300,9555,5255,0.450026164311879,0.35,0.100026164311879
54672,2023-05-02,feeder,0.9951,b95_100,1175,2612,1437,0.449846860643185,0.35,0.0998468606431853
54679,2023-04-11,feeder,0.9947,b95_100,392,872,480,0.44954128440367,0.35,0.0995412844036698
54687,2022-08-17,feeder,0.9933,b95_100,836,1858,1022,0.44994617868676,0.35,0.09994617868676
54690,2023-05-24,feeder,0.9977,b95_100,679,1509,830,0.449966865473824,0.35,0.0999668654738238
54749,2023-05-24,feeder,0.9977,b95_100,1070,2377,1307,0.450147244425747,0.35,0.100147244425747
54762,2022-08-17,feeder,0.9933,b95_100,752,1672,920,0.449760765550239,0.35,0.0997607655502393
54765,2023-05-31,feeder,0.9995,b95_100,2650,7324,4674,0.361824139814309,0.35,0.0118241398143091
54770,2023-05-31,feeder,0.9995,b95_100,1677,4588,2911,0.365518744551003,0.35,0.0155187445510027
54776,2023-05-17,feeder,0.9936,b95_100,505,1123,618,0.449688334817453,0.35,0.0996883348174533
54781,2023-05-17,feeder,0.9936,b95_100,518,1152,634,0.449652777777778,0.35,0.0996527777777778
55019,2023-05-10,feeder,0.9918,b95_100,874,1944,1070,0.449588477366255,0.35,0.0995884773662551
55075,2023-04-24,feeder,0.9974,b95_100,5143,13335,8192,0.3856767904012,0.35,0.0356767904011999
55095,2023-05-10,feeder,0.9918,b95_100,1836,4079,2243,0.450110321157146,0.35,0.100110321157146
55478,2023-04-11,feeder,0.9928,b95_100,3373,8538,5165,0.395057390489576,0.35,0.045057390489576
55482,2023-04-24,feeder,1,b95_100,3377,8537,5160,0.39557221506384,0.35,0.0455722150638398
55485,2023-06-29,feeder,0.9949,b95_100,1049,2332,1283,0.449828473413379,0.35,0.0998284734133791
55497,2023-04-10,feeder,0.9954,b95_100,11058,27991,16933,0.395055553570791,0.35,0.0450555535707906
55500,2023-05-15,feeder,0.9994,b95_100,418,928,510,0.450431034482759,0.35,0.100431034482759
55503,2023-04-17,feeder,0.997,b95_100,3556,9002,5446,0.3950233281493,0.35,0.0450233281493002
55571,2023-04-24,fed,0.9892,b95_100,1998,4439,2441,0.450101374183375,0.35,0.100101374183375
55590,2022-08-01,feeder,0.9949,b95_100,852,1894,1042,0.449841605068638,0.35,0.0998416050686378
55614,2022-08-01,feeder,0.9949,b95_100,897,1994,1097,0.449849548645938,0.35,0.0998495486459378
55619,2023-05-24,feeder,0.9934,b95_100,2126,5361,3235,0.396567804514083,0.35,0.0465678045140832
55660,2023-05-24,feeder,0.9934,b95_100,1666,4185,2519,0.398088410991637,0.35,0.0480884109916368
55679,2022-12-07,feeder,0.9484,b90_94,252,504,252,0.5,0.4,0.1
55755,2022-12-07,feeder,0.9484,b90_94,284,567,283,0.500881834215168,0.4,0.100881834215168
55797,2022-07-12,feeder,0.9971,b95_100,1351,3439,2088,0.392846757778424,0.35,0.042846757778424
55811,2022-12-29,feeder,0.9959,b95_100,928,2062,1134,0.450048496605238,0.35,0.100048496605238
55837,2023-04-12,feeder,0.9977,b95_100,482,1072,590,0.449626865671642,0.35,0.0996268656716418
55886,2023-04-27,feeder,0.9976,b95_100,474,1054,580,0.449715370018975,0.35,0.0997153700189753
55890,2023-05-18,feeder,0.9972,b95_100,2391,6571,4180,0.363871556840664,0.35,0.0138715568406635
55891,2023-03-21,feeder,0.993,b95_100,1472,3682,2210,0.399782726778925,0.35,0.0497827267789245
55895,2023-04-27,feeder,0.9976,b95_100,496,1104,608,0.449275362318841,0.35,0.0992753623188406
55920,2023-06-12,feeder,0.9995,b95_100,554,1307,753,0.423871461361897,0.35,0.0738714613618975
55929,2022-11-04,feeder,0.991,b95_100,615,1365,750,0.450549450549451,0.35,0.100549450549451
55931,2023-03-28,feeder,0.9964,b95_100,732,1625,893,0.450461538461538,0.35,0.100461538461538
55940,2023-05-01,feeder,0.9956,b95_100,2295,5736,3441,0.40010460251046,0.35,0.0501046025104603
55951,2023-03-03,feeder,0.9993,b95_100,784,1743,959,0.449799196787149,0.35,0.0997991967871486
55953,2023-02-28,feeder,0.9947,b95_100,562,1248,686,0.450320512820513,0.35,0.100320512820513
55970,2023-04-27,feeder,0.9976,b95_100,150,334,184,0.449101796407186,0.35,0.0991017964071856
55978,2022-12-22,feeder,0.999,b95_100,377,838,461,0.449880668257757,0.35,0.0998806682577566
55994,2023-01-23,feeder,0.9961,b95_100,1333,3417,2084,0.390108282118818,0.35,0.0401082821188177
55996,2022-12-22,feeder,0.999,b95_100,339,754,415,0.449602122015915,0.35,0.0996021220159151
56009,2023-03-28,feeder,0.9931,b95_100,1359,3020,1661,0.45,0.35,0.1
56023,2023-03-28,feeder,0.9931,b95_100,378,839,461,0.450536352800954,0.35,0.100536352800954
56033,2023-01-23,feeder,0.9961,b95_100,171,380,209,0.45,0.35,0.1
56067,2023-04-25,feeder,0.978,b95_100,3115,8579,5464,0.363095931926798,0.35,0.013095931926798
56076,2023-04-25,feeder,0.978,b95_100,1966,5350,3384,0.367476635514019,0.35,0.0174766355140187
56424,2023-05-10,feeder,0.9918,b95_100,3239,7198,3959,0.449986107252014,0.35,0.0999861072520144
56581,2023-05-17,feeder,0.9929,b95_100,703,1563,860,0.44977607165707,0.35,0.0997760716570698
56607,2023-05-16,feeder,0.999,b95_100,8668,23530,14862,0.368380790480238,0.35,0.018380790480238
56629,2023-05-26,feeder,0.9926,b95_100,544,1208,664,0.450331125827815,0.35,0.100331125827815
56640,2023-05-26,feeder,0.9926,b95_100,720,1599,879,0.450281425891182,0.35,0.100281425891182
56736,2022-12-02,feeder,0.9913,b95_100,202,449,247,0.44988864142539,0.35,0.0998886414253898
56744,2022-11-21,feeder,0.9971,b95_100,325,724,399,0.448895027624309,0.35,0.0988950276243094
56756,2023-06-27,feeder,0.9951,b95_100,883,1962,1079,0.450050968399592,0.35,0.100050968399592
56785,2022-11-21,feeder,0.9971,b95_100,392,871,479,0.450057405281286,0.35,0.100057405281286
56799,2023-06-30,feeder,0.997,b95_100,2269,5043,2774,0.449930596866944,0.35,0.0999305968669443
56805,2023-06-27,feeder,0.9951,b95_100,795,1766,971,0.450169875424689,0.35,0.100169875424689
56825,2023-06-30,feeder,0.997,b95_100,3087,6861,3774,0.44993441189331,0.35,0.09993441189331
56826,2022-12-02,feeder,0.9913,b95_100,244,544,300,0.448529411764706,0.35,0.0985294117647059
57048,2023-05-01,feeder,0.9956,b95_100,10558,26347,15789,0.400728735719437,0.35,0.0507287357194368
57050,2023-05-19,feeder,0.9939,b95_100,701,1558,857,0.449935815147625,0.35,0.0999358151476252
57059,2023-05-19,feeder,0.9948,b95_100,8646,20343,11697,0.425011060315588,0.35,0.0750110603155877
57078,2023-05-01,feeder,0.9956,b95_100,12019,30099,18080,0.399315591880129,0.35,0.0493155918801289
57089,2023-05-22,feeder,0.9936,b95_100,656,1458,802,0.449931412894376,0.35,0.0999314128943759
57099,2023-05-23,feeder,0.9972,b95_100,1650,3666,2016,0.450081833060557,0.35,0.100081833060557
57115,2023-05-19,feeder,0.9948,b95_100,7781,18308,10527,0.425005462093074,0.35,0.0750054620930741
57116,2023-05-19,feeder,0.994,b95_100,2336,5192,2856,0.449922958397535,0.35,0.0999229583975347
57221,2023-03-29,feeder,0.9918,b95_100,2379,5946,3567,0.400100908173562,0.35,0.0501009081735621
57247,2023-04-28,feeder,0.9921,b95_100,2461,5469,3008,0.449990857560797,0.35,0.0999908575607972
57248,2023-03-16,feeder,0.9992,b95_100,6668,17287,10619,0.385723375947244,0.35,0.0357233759472436
57356,2023-05-18,feeder,0.9475,b90_94,209,418,209,0.5,0.4,0.1
57391,2023-05-18,feeder,0.9475,b90_94,159,317,158,0.501577287066246,0.4,0.101577287066246
57398,2023-06-12,feeder,0.9947,b95_100,991,2202,1211,0.450045413260672,0.35,0.100045413260672
57413,2023-06-01,feeder,0.9961,b95_100,1297,2883,1586,0.449878598681929,0.35,0.0998785986819285
57420,2023-06-05,feeder,0.9933,b95_100,333,740,407,0.45,0.35,0.1
57454,2023-05-03,feeder,0.9967,b95_100,6264,16244,9980,0.385619305589756,0.35,0.0356193055897562
57468,2023-03-31,feeder,0.9924,b95_100,225,499,274,0.450901803607215,0.35,0.100901803607214
57608,2022-07-01,feeder,1,b95_100,783,1739,956,0.450258769407706,0.35,0.100258769407706
57615,2023-03-15,feeder,0.9929,b95_100,717,1594,877,0.449811794228356,0.35,0.0998117942283563
57616,2022-07-13,feeder,0.9946,b95_100,939,2087,1148,0.449928126497365,0.35,0.0999281264973647
57625,2022-07-22,feeder,0.9946,b95_100,2139,5667,3528,0.377448385389095,0.35,0.0274483853890948
57634,2023-03-08,feeder,0.9923,b95_100,313,695,382,0.450359712230216,0.35,0.100359712230216
57652,2023-04-06,feeder,0.9997,b95_100,7430,19206,11776,0.386858273456212,0.35,0.0368582734562116
57683,2023-03-08,feeder,0.9922,b95_100,284,632,348,0.449367088607595,0.35,0.099367088607595
57711,2023-04-06,feeder,0.9997,b95_100,10311,27334,17023,0.377222506768128,0.35,0.0272225067681277
57886,2022-11-17,fed,0.9964,b95_100,6414,14254,7840,0.449978953276273,0.35,0.0999789532762734
57893,2022-10-26,fed,0.9931,b95_100,3974,8831,4857,0.450005661872948,0.35,0.100005661872948
57913,2022-12-27,fed,0.9903,b95_100,5552,12337,6785,0.450028369944071,0.35,0.100028369944071
57989,2023-06-20,feeder,0.9966,b95_100,619,1609,990,0.384711000621504,0.35,0.0347110006215041
58029,2023-06-20,feeder,0.9985,b95_100,668,1771,1103,0.377188029361942,0.35,0.0271880293619424
58177,2023-04-11,feeder,0.9966,b95_100,3897,9742,5845,0.400020529665366,0.35,0.0500205296653665
58196,2023-05-01,feeder,0.9974,b95_100,4872,10826,5954,0.450027711065952,0.35,0.100027711065952
58204,2022-12-13,feeder,0.9926,b95_100,1842,4094,2252,0.449926722032242,0.35,0.0999267220322423
58210,2023-05-02,feeder,0.9951,b95_100,1815,4031,2216,0.450260481270156,0.35,0.100260481270156
58211,2023-05-01,feeder,0.9974,b95_100,4008,8907,4899,0.4499831593129,0.35,0.0999831593129
58219,2023-03-22,feeder,0.9996,b95_100,2690,5977,3287,0.450058557804919,0.35,0.100058557804919
58306,2023-06-23,feeder,0.9964,b95_100,1486,3302,1816,0.450030284675954,0.35,0.100030284675954
58317,2023-06-07,feeder,0.9978,b95_100,381,845,464,0.450887573964497,0.35,0.100887573964497
58321,2023-04-11,feeder,0.9966,b95_100,253,562,309,0.450177935943061,0.35,0.100177935943061
58323,2023-04-11,feeder,0.9966,b95_100,203,450,247,0.451111111111111,0.35,0.101111111111111
58424,2023-04-17,feeder,0.9987,b95_100,260,578,318,0.449826989619377,0.35,0.0998269896193772
58483,2023-04-04,feeder,0.9915,b95_100,215,477,262,0.450733752620545,0.35,0.100733752620545
58493,2023-03-29,feeder,0.9953,b95_100,2002,5520,3518,0.36268115942029,0.35,0.0126811594202899
58513,2023-04-04,feeder,0.9915,b95_100,172,382,210,0.450261780104712,0.35,0.100261780104712
58577,2023-06-29,feeder,0.9949,b95_100,0,154,154,0,0.35,-0.35
58639,2023-04-24,feeder,0.9974,b95_100,2199,4886,2687,0.450061399918133,0.35,0.100061399918133
58647,2023-04-24,feeder,0.9974,b95_100,1846,4104,2258,0.449805068226121,0.35,0.0998050682261209
58819,2023-06-15,feeder,1,b95_100,889,1975,1086,0.450126582278481,0.35,0.100126582278481
58826,2023-06-15,feeder,1,b95_100,2856,7491,4635,0.381257509010813,0.35,0.031257509010813
58835,2023-04-19,feeder,0.9931,b95_100,1216,2702,1486,0.450037009622502,0.35,0.100037009622502
58877,2022-11-17,feeder,0.9973,b95_100,2139,4754,2615,0.449936895246109,0.35,0.0999368952461085
58939,2023-05-17,feeder,0.9917,b95_100,885,1967,1082,0.449923741738688,0.35,0.0999237417386884
58985,2022-12-02,feeder,0.9915,b95_100,7217,19507,12290,0.369969754447122,0.35,0.0199697544471216
58994,2022-12-05,feeder,0.998,b95_100,1004,2231,1227,0.450022411474675,0.35,0.100022411474675
58997,2022-10-19,feeder,0.9969,b95_100,6596,17824,11228,0.370062836624776,0.35,0.0200628366247756
59070,2023-05-08,feeder,1,b95_100,473,1050,577,0.450476190476191,0.35,0.100476190476191
59074,2023-05-08,feeder,1,b95_100,323,716,393,0.451117318435754,0.35,0.101117318435754
59093,2023-05-31,feeder,0.9421,b90_94,233,466,233,0.5,0.4,0.1
59105,2022-07-13,feeder,0.9403,b90_94,170,339,169,0.501474926253687,0.4,0.101474926253687
59141,2023-05-19,feeder,0.9948,b95_100,690,1724,1034,0.400232018561485,0.35,0.050232018561485
59153,2023-05-19,feeder,0.9948,b95_100,620,1550,930,0.4,0.35,0.05
59217,2023-06-13,feeder,0.9931,b95_100,1173,2606,1433,0.450115118956255,0.35,0.100115118956255
59229,2023-04-12,feeder,0.9977,b95_100,643,1429,786,0.449965010496851,0.35,0.099965010496851
59234,2023-04-12,feeder,0.9977,b95_100,585,1299,714,0.450346420323326,0.35,0.100346420323326
59251,2023-04-28,feeder,0.9916,b95_100,679,1509,830,0.449966865473824,0.35,0.0999668654738238
59452,2023-04-24,feeder,0.9929,b95_100,1365,3033,1668,0.450049455984174,0.35,0.100049455984174
59520,2022-09-06,feeder,0.9925,b95_100,0,7729,7729,0,0.35,-0.35
59523,2022-09-27,feeder,0.9906,b95_100,0,9538,9538,0,0.35,-0.35
59542,2023-06-14,feeder,0.9617,b95_100,0,4165,4165,0,0.35,-0.35
59767,2023-06-02,feeder,0.9927,b95_100,22284,49519,27235,0.45000908742099,0.35,0.10000908742099
59768,2023-04-06,feeder,0.9972,b95_100,1152,2561,1409,0.449824287387739,0.35,0.0998242873877392
59770,2023-06-02,feeder,0.9927,b95_100,26409,58687,32278,0.449997444067681,0.35,0.0999974440676811
59772,2023-02-23,feeder,0.9934,b95_100,8533,18963,10430,0.449981543004799,0.35,0.0999815430047988
59773,2023-02-23,feeder,0.9913,b95_100,3127,6948,3821,0.450057570523892,0.35,0.100057570523892
59774,2023-04-06,feeder,0.9973,b95_100,10830,24065,13235,0.450031165593185,0.35,0.100031165593185
59854,2023-01-31,feeder,0.9955,b95_100,0,8049,8049,0,0.35,-0.35
59864,2023-05-03,feeder,0.9932,b95_100,0,4194,4194,0,0.35,-0.35
59935,2022-11-03,feeder,0.9914,b95_100,1043,2316,1273,0.450345423143351,0.35,0.100345423143351
59989,2022-11-03,feeder,0.9914,b95_100,1147,2548,1401,0.450156985871272,0.35,0.100156985871272
60004,2023-06-06,feeder,0.9239,b90_94,0,1611,1611,0,0.4,-0.4
60060,2022-07-01,feeder,0.9975,b95_100,768,1705,937,0.450439882697947,0.35,0.100439882697947
60061,2022-07-01,feeder,0.9975,b95_100,861,1913,1052,0.450078410872974,0.35,0.100078410872974
60064,2023-03-14,feeder,0.9446,b90_94,0,2159,2159,0,0.4,-0.4
60206,2023-05-02,feeder,0.9351,b90_94,0,384,384,0,0.4,-0.4
60207,2023-05-02,feeder,0.9351,b90_94,0,1210,1210,0,0.4,-0.4
60604,2023-04-21,feeder,0.9952,b95_100,392,870,478,0.450574712643678,0.35,0.100574712643678
60605,2023-04-21,feeder,0.9952,b95_100,156,345,189,0.452173913043478,0.35,0.102173913043478
60616,2023-04-21,feeder,0.9952,b95_100,205,455,250,0.450549450549451,0.35,0.100549450549451
60643,2023-05-18,feeder,0.9967,b95_100,221,491,270,0.45010183299389,0.35,0.10010183299389
60659,2023-06-29,feeder,0.9926,b95_100,244,543,299,0.449355432780847,0.35,0.0993554327808472
60877,2023-03-20,feeder,0.9966,b95_100,0,1746,1746,0,0.35,-0.35
60947,2022-08-26,feeder,0.9992,b95_100,17082,55322,38240,0.308774086258631,0.35,-0.0412259137413687
61167,2023-04-21,fed,0.9991,b95_100,22345,57455,35110,0.388913062396658,0.35,0.0389130623966583
61170,2023-05-02,fed,0.9908,b95_100,14956,37061,22105,0.40355090256604,0.35,0.0535509025660398
61174,2023-06-20,fed,0.992,b95_100,3779,8396,4617,0.450095283468318,0.35,0.100095283468318
61176,2023-06-20,fed,0.9931,b95_100,8576,19057,10481,0.450018365954767,0.35,0.100018365954767
61182,2023-03-28,fed,0.9889,b95_100,0,10093,10093,0,0.35,-0.35
61250,2023-05-17,feeder,0.9777,b95_100,0,1692,1692,0,0.35,-0.35
61548,2023-01-26,feeder,0.9933,b95_100,343,762,419,0.450131233595801,0.35,0.100131233595801
61572,2023-01-26,feeder,0.9933,b95_100,381,846,465,0.450354609929078,0.35,0.100354609929078
61640,2023-01-26,feeder,0.9933,b95_100,19809,44019,24210,0.450010222858311,0.35,0.100010222858311
61646,2022-09-29,feeder,0.9976,b95_100,5318,11818,6500,0.449991538331359,0.35,0.099991538331359
61647,2022-12-01,feeder,0.9984,b95_100,2546,5658,3112,0.449982325910216,0.35,0.0999823259102157
61649,2022-10-27,feeder,0.9975,b95_100,7736,17190,9454,0.450029086678301,0.35,0.100029086678301
61658,2023-01-26,feeder,0.9933,b95_100,3555,7900,4345,0.45,0.35,0.1
61660,2022-09-29,feeder,0.9976,b95_100,12876,28614,15738,0.449989515621724,0.35,0.0999895156217237
61662,2022-08-18,feeder,0.9921,b95_100,2597,5771,3174,0.450008664009704,0.35,0.100008664009704
61665,2022-07-28,feeder,0.996,b95_100,5496,12214,6718,0.449975438021942,0.35,0.099975438021942
61671,2023-04-03,feeder,0.9951,b95_100,0,7142,7142,0,0.35,-0.35
61979,2023-04-11,feeder,0.9928,b95_100,1216,2704,1488,0.449704142011834,0.35,0.0997041420118344
61980,2023-04-11,feeder,0.9928,b95_100,1107,2459,1352,0.450183001220008,0.35,0.100183001220008
61992,2023-03-31,feeder,0.9924,b95_100,653,1450,797,0.450344827586207,0.35,0.100344827586207
62001,2022-12-29,feeder,0.994,b95_100,861,1913,1052,0.450078410872974,0.35,0.100078410872974
62017,2023-06-28,feeder,0.992,b95_100,0,1209,1209,0,0.35,-0.35
62023,2023-02-27,feeder,0.9987,b95_100,842,1870,1028,0.450267379679144,0.35,0.100267379679144
62024,2023-03-14,feeder,0.9986,b95_100,698,1550,852,0.450322580645161,0.35,0.100322580645161
62026,2023-06-28,feeder,0.992,b95_100,0,1343,1343,0,0.35,-0.35
62040,2023-03-02,feeder,0.9967,b95_100,378,841,463,0.449464922711058,0.35,0.0994649227110583
62053,2023-03-02,feeder,0.9967,b95_100,288,639,351,0.450704225352113,0.35,0.100704225352113
62077,2023-06-12,feeder,0.9337,b90_94,7,17,10,0.411764705882353,0.4,0.0117647058823529
62175,2022-11-01,feeder,0.9961,b95_100,413,918,505,0.449891067538126,0.35,0.0998910675381264
62187,2022-11-01,feeder,0.9961,b95_100,574,1275,701,0.450196078431373,0.35,0.100196078431373
62200,2023-05-05,feeder,0.9953,b95_100,378,840,462,0.45,0.35,0.1
62202,2022-11-01,feeder,0.9951,b95_100,1187,2636,1449,0.450303490136571,0.35,0.100303490136571
62204,2023-05-05,feeder,0.9933,b95_100,813,1806,993,0.450166112956811,0.35,0.100166112956811
62216,2023-06-30,feeder,0.9412,b90_94,0,782,782,0,0.4,-0.4
62217,2023-06-29,feeder,0.999,b95_100,1256,2791,1535,0.450017914725905,0.35,0.100017914725905
62218,2022-10-31,feeder,0.9915,b95_100,1522,3382,1860,0.450029568302779,0.35,0.100029568302779
62228,2022-11-21,feeder,0.9943,b95_100,2496,5545,3049,0.450135256988278,0.35,0.100135256988278
62271,2023-06-29,feeder,0.9926,b95_100,750,1667,917,0.449910017996401,0.35,0.0999100179964008
62277,2023-06-02,feeder,0.9927,b95_100,891,1981,1090,0.44977284199899,0.35,0.0997728419989904
62308,2023-05-12,feeder,0.9935,b95_100,814,1808,994,0.450221238938053,0.35,0.100221238938053
62318,2023-05-12,feeder,0.9935,b95_100,958,2128,1170,0.450187969924812,0.35,0.100187969924812
62333,2023-04-18,feeder,0.9942,b95_100,25586,65496,39910,0.390649810675461,0.35,0.0406498106754611
62354,2023-05-05,feeder,0.9933,b95_100,1331,3403,2072,0.391125477519835,0.35,0.0411254775198355
62385,2023-05-19,feeder,0.9939,b95_100,1215,3332,2117,0.364645858343337,0.35,0.0146458583433374
62388,2023-05-19,feeder,0.994,b95_100,993,2726,1733,0.364269992663243,0.35,0.0142699926632429
62389,2023-06-30,feeder,0.9974,b95_100,81,180,99,0.45,0.35,0.1
62390,2023-06-30,feeder,0.9974,b95_100,224,496,272,0.451612903225806,0.35,0.101612903225806
62399,2023-05-02,feeder,0.9945,b95_100,0,7462,7462,0,0.35,-0.35
62402,2023-03-27,feeder,0.9948,b95_100,580,1288,708,0.450310559006211,0.35,0.100310559006211
62413,2023-02-08,feeder,0.9992,b95_100,1364,3030,1666,0.45016501650165,0.35,0.10016501650165
62436,2023-03-15,feeder,0.9929,b95_100,804,1786,982,0.4501679731243,0.35,0.1001679731243
62441,2023-05-18,feeder,0.9972,b95_100,0,860,860,0,0.35,-0.35
62444,2023-05-18,feeder,0.9972,b95_100,0,223,223,0,0.35,-0.35
62447,2023-03-09,feeder,0.9913,b95_100,269,598,329,0.449832775919732,0.35,0.0998327759197324
62448,2023-02-08,feeder,0.992,b95_100,7570,16823,9253,0.449979195149498,0.35,0.0999791951494977
62456,2022-12-29,feeder,0.9928,b95_100,5632,12515,6883,0.450019976028765,0.35,0.100019976028765
62476,2023-04-25,feeder,0.9935,b95_100,3552,7893,4341,0.45001900418092,0.35,0.10001900418092
62527,2023-04-06,feeder,0.9947,b95_100,1862,66902,65040,0.0278317539087023,0.35,-0.322168246091298
62528,2023-05-11,feeder,0.9997,b95_100,0,74783,74783,0,0.35,-0.35
62610,2023-02-23,feeder,0.9921,b95_100,2403,5341,2938,0.44991574611496,0.35,0.0999157461149598
62617,2023-04-14,feeder,0.9915,b95_100,2073,4607,2534,0.449967440850879,0.35,0.0999674408508791
62625,2023-02-13,feeder,0.9937,b95_100,5181,12073,6892,0.429139401971341,0.35,0.079139401971341
62627,2023-03-27,feeder,0.9934,b95_100,3172,7049,3877,0.44999290679529,0.35,0.0999929067952902
62631,2023-04-17,feeder,0.997,b95_100,2025,4501,2476,0.449900022217285,0.35,0.0999000222172851
62644,2023-01-10,feeder,0.9936,b95_100,15394,38484,23090,0.400010393929945,0.35,0.0500103939299449
62645,2023-01-19,feeder,0.9972,b95_100,5649,14142,8493,0.399448451421298,0.35,0.0494484514212983
62649,2023-04-28,feeder,0.9923,b95_100,1051,2335,1284,0.450107066381156,0.35,0.100107066381156
62653,2023-03-08,feeder,0.9922,b95_100,1227,2725,1498,0.450275229357798,0.35,0.100275229357798
62656,2023-01-25,feeder,0.9975,b95_100,5817,14540,8723,0.400068775790922,0.35,0.0500687757909216
62657,2023-03-03,feeder,0.9952,b95_100,2560,6398,3838,0.400125039074711,0.35,0.0501250390747109
62668,2023-03-17,feeder,0.9984,b95_100,3232,7183,3951,0.449951273841014,0.35,0.0999512738410136
62672,2023-04-21,feeder,0.9982,b95_100,1839,4086,2247,0.45007342143906,0.35,0.10007342143906
62777,2024-05-13,feeder,0.9277,b90_94,0,1807,1807,0,0.4,-0.4
62779,2024-05-13,feeder,0.9277,b90_94,0,1469,1469,0,0.4,-0.4
62818,2024-04-23,feeder,0.966,b95_100,1367,3037,1670,0.45011524530787,0.35,0.10011524530787
62999,2024-05-28,feeder,0.9961,b95_100,120,265,145,0.452830188679245,0.35,0.102830188679245
63006,2024-05-28,feeder,0.9962,b95_100,145,324,179,0.447530864197531,0.35,0.0975308641975309
63514,2024-02-23,feeder,0.9967,b95_100,1813,4029,2216,0.449987589972698,0.35,0.099987589972698
63519,2024-02-16,feeder,0.9937,b95_100,926,2057,1131,0.45017015070491,0.35,0.10017015070491
63520,2024-02-23,feeder,0.9967,b95_100,266,590,324,0.450847457627119,0.35,0.100847457627119
63818,2024-01-25,feeder,0.9992,b95_100,22115,56329,34214,0.392604164817412,0.35,0.042604164817412
63830,2023-08-08,feeder,0.9921,b95_100,595,1322,727,0.450075642965204,0.35,0.100075642965204
63843,2023-08-08,feeder,0.9922,b95_100,723,1605,882,0.450467289719626,0.35,0.100467289719626
63922,2023-08-30,feeder,0.9932,b95_100,170,378,208,0.44973544973545,0.35,0.0997354497354497
63934,2023-08-30,feeder,0.9932,b95_100,139,309,170,0.449838187702265,0.35,0.0998381877022654
64035,2023-10-18,feeder,0.9461,b90_94,310,620,310,0.5,0.4,0.1
64039,2023-10-18,feeder,0.9461,b90_94,458,916,458,0.5,0.4,0.1
64043,2023-12-07,feeder,0.9158,b90_94,1053,2106,1053,0.5,0.4,0.1
64044,2024-05-14,feeder,0.9255,b90_94,1689,3377,1688,0.500148060408647,0.4,0.100148060408647
64058,2024-05-14,feeder,0.9571,b95_100,1025,2276,1251,0.450351493848858,0.35,0.100351493848858
64067,2024-04-22,feeder,0.9859,b95_100,982,2184,1202,0.4496336996337,0.35,0.0996336996336997
64074,2024-04-22,feeder,0.9981,b95_100,901,2002,1101,0.45004995004995,0.35,0.10004995004995
64075,2023-10-18,feeder,0.9461,b90_94,599,1197,598,0.500417710944027,0.4,0.100417710944027
64079,2023-11-09,feeder,0.9413,b90_94,379,758,379,0.5,0.4,0.1
64080,2023-11-09,feeder,0.9413,b90_94,421,843,422,0.499406880189798,0.4,0.0994068801897983
64085,2024-04-01,feeder,0.9281,b90_94,3014,6027,3013,0.500082960013274,0.4,0.100082960013274
64097,2023-11-09,feeder,0.9591,b95_100,536,1191,655,0.450041981528128,0.35,0.100041981528128
64103,2024-04-22,feeder,0.9396,b90_94,1156,2313,1157,0.49978383052313,0.4,0.0997838305231301
64104,2024-04-29,feeder,0.9937,b95_100,1155,2565,1410,0.450292397660819,0.35,0.100292397660819
64109,2023-10-18,feeder,0.9461,b90_94,539,1077,538,0.500464252553389,0.4,0.100464252553389
64111,2023-10-18,feeder,0.9461,b90_94,599,1197,598,0.500417710944027,0.4,0.100417710944027
64112,2024-04-22,feeder,0.9595,b95_100,973,2164,1191,0.449630314232902,0.35,0.099630314232902
64155,2023-08-14,fed,0.9124,b90_94,1461,2923,1462,0.499828942866918,0.4,0.0998289428669175
64163,2024-04-01,fed,0.8928,b85_89,1654,3007,1353,0.550049883604922,0.45,0.100049883604922
64168,2024-05-14,fed,0.9162,b90_94,1297,2594,1297,0.5,0.4,0.1
64176,2024-02-23,feeder,0.9968,b95_100,5851,13002,7151,0.450007691124442,0.35,0.100007691124442
64178,2024-03-22,feeder,0.9979,b95_100,2932,6515,3583,0.450038372985418,0.35,0.100038372985418
64195,2024-02-01,feeder,0.9969,b95_100,787,1749,962,0.449971412235563,0.35,0.0999714122355632
64241,2024-04-24,feeder,0.9965,b95_100,0,1022,1022,0,0.35,-0.35
64329,2024-05-22,feeder,0.9993,b95_100,1762,4408,2646,0.3997277676951,0.35,0.0497277676950998
64369,2023-12-22,feeder,0.9923,b95_100,17551,47289,29738,0.371143394869843,0.35,0.0211433948698429
64401,2024-03-20,feeder,0.9998,b95_100,450,999,549,0.450450450450451,0.35,0.10045045045045
64405,2024-04-10,feeder,0.9967,b95_100,1432,3182,1750,0.450031426775613,0.35,0.100031426775613
64420,2024-03-20,feeder,0.9998,b95_100,177,393,216,0.450381679389313,0.35,0.100381679389313
64426,2024-03-28,feeder,0.9932,b95_100,45,100,55,0.45,0.35,0.1
64449,2024-03-27,feeder,0.9984,b95_100,4734,10520,5786,0.45,0.35,0.1
64458,2024-03-27,feeder,0.9984,b95_100,1130,2510,1380,0.450199203187251,0.35,0.100199203187251
64466,2024-02-28,feeder,0.9988,b95_100,3303,7340,4037,0.45,0.35,0.1
64479,2024-04-09,feeder,0.9933,b95_100,4838,10750,5912,0.450046511627907,0.35,0.100046511627907
64482,2024-04-04,feeder,0.9979,b95_100,576,1509,933,0.381709741550696,0.35,0.0317097415506958
64486,2024-04-04,feeder,0.9978,b95_100,154,342,188,0.450292397660819,0.35,0.100292397660819
64489,2024-03-28,feeder,0.9932,b95_100,797,1770,973,0.450282485875706,0.35,0.100282485875706
64502,2024-02-28,feeder,0.9988,b95_100,698,1552,854,0.449742268041237,0.35,0.0997422680412371
64510,2024-04-10,feeder,0.9967,b95_100,2325,5166,2841,0.450058072009292,0.35,0.100058072009292
64514,2024-04-09,feeder,0.9933,b95_100,757,1684,927,0.449524940617577,0.35,0.0995249406175772
64558,2024-02-28,feeder,0.9969,b95_100,0,3315,3315,0,0.35,-0.35
64561,2024-02-28,feeder,0.9969,b95_100,0,3745,3745,0,0.35,-0.35
64689,2024-02-21,feeder,0.9995,b95_100,5998,13328,7330,0.450030012004802,0.35,0.100030012004802
64725,2024-02-23,feeder,0.9967,b95_100,1048,2328,1280,0.450171821305842,0.35,0.100171821305842
64739,2024-03-21,feeder,0.9942,b95_100,1232,2738,1506,0.449963476990504,0.35,0.0999634769905041
64887,2024-01-17,feeder,0.9666,b95_100,1223,3381,2158,0.361727299615498,0.35,0.0117272996154984
64894,2023-12-07,feeder,0.9935,b95_100,11442,25426,13984,0.450011798945961,0.35,0.100011798945961
64895,2024-01-11,feeder,0.9991,b95_100,3698,8216,4518,0.450097370983447,0.35,0.100097370983447
64904,2024-04-30,feeder,0.9982,b95_100,2377,5284,2907,0.449848599545799,0.35,0.0998485995457987
64913,2023-11-09,feeder,0.9999,b95_100,10151,22558,12407,0.449995566982889,0.35,0.0999955669828886
65110,2023-09-07,feeder,0.9947,b95_100,0,965,965,0,0.35,-0.35
65113,2023-09-07,feeder,0.9947,b95_100,0,1608,1608,0,0.35,-0.35
65114,2024-06-14,feeder,0.9973,b95_100,0,987,987,0,0.35,-0.35
65118,2024-06-14,feeder,0.9973,b95_100,0,1253,1253,0,0.35,-0.35
65272,2024-02-29,feeder,0.994,b95_100,3142,6983,3841,0.449949878275813,0.35,0.0999498782758127
65276,2024-02-29,feeder,0.994,b95_100,1695,3767,2072,0.449960180514999,0.35,0.0999601805149987
65380,2024-06-26,feeder,0.9971,b95_100,0,3397,3397,0,0.35,-0.35
65390,2023-11-08,feeder,0.9971,b95_100,3833,20053,16220,0.191143469805017,0.35,-0.158856530194983
65395,2023-07-20,feeder,0.9921,b95_100,0,6469,6469,0,0.35,-0.35
65396,2024-04-08,feeder,1,b95_100,0,5486,5486,0,0.35,-0.35
65399,2023-09-14,feeder,0.9966,b95_100,0,5920,5920,0,0.35,-0.35
65567,2024-03-21,fed,0.9937,b95_100,744,1653,909,0.450090744101633,0.35,0.100090744101633
65739,2023-12-07,feeder,0.9648,b95_100,570,1265,695,0.450592885375494,0.35,0.100592885375494
65745,2023-12-07,feeder,0.9648,b95_100,712,1582,870,0.450063211125158,0.35,0.100063211125158
65792,2024-03-19,feeder,0.9959,b95_100,1240,7086,5846,0.17499294383291,0.35,-0.17500705616709
66055,2024-02-15,fed,0.9916,b95_100,822,1825,1003,0.45041095890411,0.35,0.10041095890411
66081,2024-02-15,fed,0.9971,b95_100,3328,9055,5727,0.367531750414136,0.35,0.0175317504141359
66161,2024-05-02,fed,0.9911,b95_100,59,132,73,0.446969696969697,0.35,0.096969696969697
66164,2024-03-12,fed,0.9946,b95_100,143,318,175,0.449685534591195,0.35,0.099685534591195
66165,2024-03-13,fed,0.998,b95_100,282,626,344,0.450479233226837,0.35,0.100479233226837
66171,2024-05-02,fed,0.9889,b95_100,455,1197,742,0.380116959064327,0.35,0.0301169590643275
66339,2023-10-26,fed,0.984,b95_100,0,480,480,0,0.35,-0.35
66354,2024-05-06,feeder,0.9965,b95_100,746,1658,912,0.449939686369119,0.35,0.0999396863691194
66369,2023-08-01,feeder,0.9924,b95_100,603,1340,737,0.45,0.35,0.1
66379,2024-06-07,feeder,0.9428,b90_94,300,599,299,0.500834724540902,0.4,0.100834724540901
66380,2023-08-01,feeder,0.9924,b95_100,670,1489,819,0.449966420416387,0.35,0.0999664204163869
66385,2024-06-07,feeder,0.9428,b90_94,183,366,183,0.5,0.4,0.1
66430,2023-11-14,fed,0.9955,b95_100,0,1473,1473,0,0.35,-0.35
66721,2023-12-01,feeder,0.9211,b90_94,0,1105,1105,0,0.4,-0.4
66722,2023-11-07,feeder,0.9601,b95_100,0,1147,1147,0,0.35,-0.35
66730,2023-11-07,feeder,0.9601,b95_100,0,1262,1262,0,0.35,-0.35
66753,2023-12-01,feeder,0.921,b90_94,0,1216,1216,0,0.4,-0.4
66882,2024-04-02,fed,0.918,b90_94,151,302,151,0.5,0.4,0.1
66899,2023-09-25,fed,0.9946,b95_100,8198,18217,10019,0.450019212823187,0.35,0.100019212823187
66903,2023-10-13,fed,0.9912,b95_100,9302,20670,11368,0.450024189646831,0.35,0.100024189646831
66906,2024-02-16,fed,0.9969,b95_100,8209,18242,10033,0.45000548185506,0.35,0.10000548185506
66934,2023-09-12,feeder,0.9935,b95_100,2762,6136,3374,0.45013037809648,0.35,0.10013037809648
66935,2023-09-18,feeder,0.9999,b95_100,1783,3963,2180,0.449911683068383,0.35,0.0999116830683825
66938,2024-03-15,feeder,0.9948,b95_100,5367,11926,6559,0.45002515512326,0.35,0.10002515512326
67045,2024-01-31,fed,0.9949,b95_100,5088,11305,6217,0.450066342326404,0.35,0.100066342326404
67053,2024-05-22,fed,0.9413,b90_94,421,842,421,0.5,0.4,0.1
67289,2024-04-02,fed,0.9936,b95_100,0,4561,4561,0,0.35,-0.35
67296,2024-04-01,fed,0.9994,b95_100,0,8206,8206,0,0.35,-0.35
67343,2023-08-17,feeder,0.9912,b95_100,144,319,175,0.45141065830721,0.35,0.10141065830721
67346,2024-05-28,feeder,0.9991,b95_100,257,571,314,0.450087565674256,0.35,0.100087565674256
67357,2024-05-28,feeder,0.999,b95_100,257,571,314,0.450087565674256,0.35,0.100087565674256
67359,2023-08-17,feeder,0.9832,b95_100,162,360,198,0.45,0.35,0.1
67456,2024-02-02,feeder,0.9967,b95_100,6386,14190,7804,0.450035236081748,0.35,0.100035236081748
67538,2023-09-11,fed,0.9437,b90_94,0,5846,5846,0,0.4,-0.4
67724,2024-02-02,fed,0.9908,b95_100,0,5539,5539,0,0.35,-0.35
67890,2023-08-03,feeder,0.9978,b95_100,1723,4604,2881,0.374239791485665,0.35,0.0242397914856647
67901,2023-12-11,feeder,0.9936,b95_100,990,2198,1208,0.450409463148317,0.35,0.100409463148317
67951,2024-04-29,feeder,0.9949,b95_100,928,2062,1134,0.450048496605238,0.35,0.100048496605238
67957,2024-04-29,feeder,0.9949,b95_100,2371,5269,2898,0.449990510533308,0.35,0.099990510533308
67967,2023-12-08,feeder,0.9879,b95_100,363,806,443,0.450372208436725,0.35,0.100372208436725
67968,2023-12-08,feeder,0.9879,b95_100,453,1007,554,0.449851042701092,0.35,0.0998510427010924
67970,2024-01-29,feeder,0.9958,b95_100,1062,2691,1629,0.394648829431438,0.35,0.0446488294314382
67980,2023-12-11,feeder,0.9937,b95_100,792,1761,969,0.449744463373083,0.35,0.0997444633730835
68002,2024-01-09,fed,0.9873,b95_100,2589,5753,3164,0.450026073353033,0.35,0.100026073353033
68197,2024-03-19,feeder,0.9885,b95_100,2771,6156,3385,0.450129954515919,0.35,0.100129954515919
68308,2024-03-14,feeder,0.9977,b95_100,2935,6522,3587,0.450015332720025,0.35,0.100015332720025
68325,2023-09-25,feeder,0.999,b95_100,581,1291,710,0.450038729666925,0.35,0.100038729666925
68336,2024-04-04,feeder,0.9979,b95_100,998,2473,1475,0.403558431055398,0.35,0.0535584310553983
68343,2023-09-25,feeder,0.999,b95_100,523,1162,639,0.450086058519793,0.35,0.100086058519793
68360,2023-09-28,feeder,0.9921,b95_100,666,1481,815,0.449696151249156,0.35,0.099696151249156
68413,2024-02-02,fed,0.9948,b95_100,1560,3466,1906,0.450086555106751,0.35,0.100086555106751
68431,2024-02-09,fed,0.9964,b95_100,3186,7082,3896,0.449872917255013,0.35,0.0998729172550127
68435,2024-03-13,fed,0.9984,b95_100,3374,7498,4124,0.449986663110163,0.35,0.0999866631101627
68449,2024-02-23,fed,0.9983,b95_100,1656,3678,2022,0.450244698205546,0.35,0.100244698205546
68515,2024-05-01,feeder,0.9974,b95_100,3150,7874,4724,0.4000508001016,0.35,0.0500508001016002
68737,2024-05-24,fed,0.9961,b95_100,403,895,492,0.450279329608939,0.35,0.100279329608939
68742,2023-07-05,fed,0.9938,b95_100,105,234,129,0.448717948717949,0.35,0.0987179487179488
68860,2023-11-02,feeder,0.9983,b95_100,213,474,261,0.449367088607595,0.35,0.099367088607595
68861,2023-07-26,feeder,0.9948,b95_100,4960,12400,7440,0.4,0.35,0.05
68892,2023-07-18,feeder,0.9953,b95_100,52508,124477,71969,0.421828932252545,0.35,0.0718289322525447
68896,2024-01-19,feeder,0.9988,b95_100,23435,56243,32808,0.416674074996,0.35,0.0666740749959995
68897,2023-11-03,feeder,0.9985,b95_100,1668,3706,2038,0.450080949811117,0.35,0.100080949811117
68949,2024-02-06,feeder,0.9987,b95_100,2759,6131,3372,0.450008155276464,0.35,0.100008155276464
68962,2024-05-02,feeder,0.9952,b95_100,14910,33134,18224,0.44999094585622,0.35,0.0999909458562202
68963,2023-11-02,feeder,0.9983,b95_100,220,489,269,0.449897750511247,0.35,0.0998977505112474
68992,2023-10-03,feeder,0.9989,b95_100,1695,3767,2072,0.449960180514999,0.35,0.0999601805149987
69012,2023-11-02,feeder,0.9983,b95_100,266,590,324,0.450847457627119,0.35,0.100847457627119
69041,2023-10-03,feeder,0.9989,b95_100,969,2153,1184,0.450069670227589,0.35,0.100069670227589
69069,2023-08-17,feeder,0.9992,b95_100,66729,165300,98571,0.403684210526316,0.35,0.0536842105263158
69092,2023-11-03,feeder,0.9986,b95_100,1382,3071,1689,0.450016281341583,0.35,0.100016281341583
69094,2023-11-02,feeder,0.9982,b95_100,374,830,456,0.450602409638554,0.35,0.100602409638554
69121,2024-04-01,fed,0.9994,b95_100,1517,3372,1855,0.44988137603796,0.35,0.0998813760379597
69228,2024-03-06,fed,0.9931,b95_100,47755,110204,62449,0.433332728394614,0.35,0.0833327283946136
69237,2024-06-20,fed,0.9968,b95_100,0,912,912,0,0.35,-0.35
69292,2024-03-11,feeder,0.957,b95_100,0,826,826,0,0.35,-0.35
69465,2024-04-23,feeder,0.997,b95_100,3160,7928,4768,0.398587285570131,0.35,0.0485872855701312
69474,2024-04-29,feeder,0.9962,b95_100,1210,2689,1479,0.449981405727036,0.35,0.0999814057270361
69484,2024-05-16,feeder,0.9963,b95_100,593,1423,830,0.416725228390724,0.35,0.0667252283907239
69485,2024-03-21,feeder,0.9999,b95_100,6173,16460,10287,0.375030376670717,0.35,0.0250303766707169
69489,2024-05-17,feeder,0.9929,b95_100,0,8324,8324,0,0.35,-0.35
69545,2024-03-22,feeder,0.9979,b95_100,726,1614,888,0.449814126394052,0.35,0.0998141263940521
69549,2024-03-19,feeder,0.9932,b95_100,644,1430,786,0.45034965034965,0.35,0.10034965034965
69554,2024-04-05,feeder,0.9975,b95_100,680,1510,830,0.450331125827815,0.35,0.100331125827815
69557,2024-05-03,feeder,0.9761,b95_100,5365,13410,8045,0.400074571215511,0.35,0.0500745712155108
69561,2024-05-08,feeder,0.9758,b95_100,4517,12047,7530,0.374948119863867,0.35,0.0249481198638665
69568,2023-10-06,fed,0.8971,b85_89,951,1729,778,0.550028918449971,0.45,0.100028918449971
69628,2023-08-14,fed,0.9946,b95_100,1332,2961,1629,0.449848024316109,0.35,0.0998480243161094
69631,2023-09-14,fed,0.9974,b95_100,1942,4315,2373,0.450057937427578,0.35,0.100057937427578
69644,2023-11-09,fed,0.9908,b95_100,5491,12203,6712,0.449971318528231,0.35,0.0999713185282308
69651,2023-11-09,fed,0.9908,b95_100,2199,4887,2688,0.449969306322897,0.35,0.0999693063228975
69666,2024-03-26,fed,0.9894,b95_100,1814,4031,2217,0.450012403870007,0.35,0.100012403870007
69667,2023-08-14,fed,0.9961,b95_100,2114,4698,2584,0.44997871434653,0.35,0.0999787143465304
69697,2023-10-20,fed,0.998,b95_100,9671,26244,16573,0.368503276939491,0.35,0.0185032769394909
69708,2024-02-14,feeder,0.9963,b95_100,0,4536,4536,0,0.35,-0.35
69844,2023-10-24,feeder,0.9964,b95_100,318,707,389,0.44978783592645,0.35,0.0997878359264498
69856,2023-10-23,feeder,0.9928,b95_100,309,687,378,0.449781659388646,0.35,0.0997816593886463
69894,2023-09-26,feeder,0.9842,b95_100,279,620,341,0.45,0.35,0.1
69905,2024-02-05,feeder,0.9991,b95_100,1016,2258,1242,0.449955713020372,0.35,0.099955713020372
69911,2023-09-21,feeder,0.9832,b95_100,237,525,288,0.451428571428571,0.35,0.101428571428571
70025,2023-09-28,feeder,0.9993,b95_100,2033,4516,2483,0.450177147918512,0.35,0.100177147918512
70026,2024-03-18,feeder,0.9605,b95_100,1648,3664,2016,0.449781659388646,0.35,0.0997816593886463
70030,2024-01-04,feeder,0.9999,b95_100,940,2088,1148,0.450191570881226,0.35,0.100191570881226
70033,2024-01-04,feeder,0.9999,b95_100,242,537,295,0.450651769087523,0.35,0.100651769087523
70042,2023-10-20,feeder,0.993,b95_100,0,10430,10430,0,0.35,-0.35
70055,2024-02-23,feeder,0.9968,b95_100,18109,77610,59501,0.233333333333333,0.35,-0.116666666666667
70127,2023-10-20,feeder,0.9929,b95_100,0,9387,9387,0,0.35,-0.35
70245,2024-02-29,feeder,0.994,b95_100,307,683,376,0.449487554904832,0.35,0.0994875549048316
70286,2024-02-28,feeder,0.9988,b95_100,707,1902,1195,0.371713985278654,0.35,0.0217139852786541
70297,2024-04-17,feeder,0.9935,b95_100,109,242,133,0.450413223140496,0.35,0.100413223140496
70300,2024-03-20,feeder,0.9998,b95_100,429,1164,735,0.368556701030928,0.35,0.0185567010309279
70514,2024-05-15,feeder,0.9981,b95_100,0,2468,2468,0,0.35,-0.35
70518,2024-05-15,feeder,0.9981,b95_100,0,1110,1110,0,0.35,-0.35
70636,2024-05-22,feeder,0.9934,b95_100,1362,3025,1663,0.450247933884298,0.35,0.100247933884298
70659,2024-04-30,feeder,0.9941,b95_100,6769,18034,11265,0.375346567594544,0.35,0.0253465675945437
70669,2023-07-27,feeder,0.9223,b90_94,384,767,383,0.500651890482399,0.4,0.100651890482399
70677,2023-10-30,feeder,0.9274,b90_94,293,585,292,0.500854700854701,0.4,0.100854700854701
70680,2023-11-20,feeder,0.9158,b90_94,195,391,196,0.498721227621483,0.4,0.0987212276214833
70682,2024-04-15,feeder,0.9848,b95_100,437,971,534,0.45005149330587,0.35,0.10005149330587
70684,2023-08-14,feeder,0.9303,b90_94,223,445,222,0.501123595505618,0.4,0.101123595505618
70688,2023-07-27,feeder,0.9218,b90_94,171,342,171,0.5,0.4,0.1
70693,2024-03-18,feeder,0.9378,b90_94,1051,2103,1052,0.499762244412744,0.4,0.0997622444127437
70694,2023-11-06,feeder,0.9215,b90_94,179,358,179,0.5,0.4,0.1
70702,2024-04-15,feeder,0.9377,b90_94,629,1258,629,0.5,0.4,0.1
70709,2023-11-21,feeder,0.9791,b95_100,1399,3109,1710,0.449983917658411,0.35,0.0999839176584111
70712,2023-11-21,feeder,0.9772,b95_100,8358,18573,10215,0.450008076239703,0.35,0.100008076239703
70715,2023-11-21,feeder,0.9791,b95_100,1554,3454,1900,0.44991314418066,0.35,0.0999131441806601
70716,2023-11-21,feeder,0.9772,b95_100,7079,15732,8653,0.449974574116451,0.35,0.0999745741164505
70720,2023-08-24,feeder,0.9941,b95_100,0,14812,14812,0,0.35,-0.35
70768,2023-08-18,feeder,0.9977,b95_100,0,13621,13621,0,0.35,-0.35
70777,2023-08-21,feeder,0.9975,b95_100,0,13309,13309,0,0.35,-0.35
70813,2023-08-24,feeder,0.9941,b95_100,0,14303,14303,0,0.35,-0.35
70841,2024-04-08,feeder,0.999,b95_100,0,1456,1456,0,0.35,-0.35
70874,2024-04-22,fed,0.9996,b95_100,0,3783,3783,0,0.35,-0.35
70989,2023-10-20,fed,0.9978,b95_100,0,2588,2588,0,0.35,-0.35
70993,2023-10-20,fed,0.9951,b95_100,0,5241,5241,0,0.35,-0.35
71013,2023-12-28,feeder,0.995,b95_100,4046,8991,4945,0.450005561116672,0.35,0.100005561116672
71064,2023-07-10,fed,0.9897,b95_100,14567,34907,20340,0.417308849227949,0.35,0.0673088492279486
71069,2023-09-11,fed,0.9979,b95_100,13296,29545,16249,0.450025385005923,0.35,0.100025385005923
71088,2023-09-06,fed,0.9902,b95_100,10004,22231,12227,0.450002249111601,0.35,0.100002249111601
71095,2023-08-03,fed,0.9976,b95_100,12001,26669,14668,0.449998125164048,0.35,0.0999981251640482
71105,2023-09-25,fed,0.9942,b95_100,6435,14299,7864,0.450031470732219,0.35,0.100031470732219
71114,2023-08-25,fed,0.9976,b95_100,21553,47893,26340,0.450024011859771,0.35,0.100024011859771
71127,2023-08-10,fed,0.9983,b95_100,5934,13185,7251,0.450056882821388,0.35,0.100056882821388
71764,2023-12-22,feeder,0.9715,b95_100,238,529,291,0.449905482041588,0.35,0.099905482041588
71774,2023-12-22,feeder,0.9804,b95_100,93,206,113,0.451456310679612,0.35,0.101456310679612
71820,2024-04-11,feeder,0.9961,b95_100,1632,3626,1994,0.450082735797022,0.35,0.100082735797022
71834,2023-11-14,feeder,0.994,b95_100,708,1573,865,0.450095359186268,0.35,0.100095359186268
71883,2024-03-26,feeder,0.9999,b95_100,3312,8282,4970,0.399903404974644,0.35,0.0499034049746439
71899,2024-05-20,feeder,0.9936,b95_100,302,672,370,0.449404761904762,0.35,0.0994047619047619
71903,2024-03-26,feeder,0.9944,b95_100,765,1701,936,0.44973544973545,0.35,0.0997354497354497
71914,2024-05-20,feeder,0.9936,b95_100,604,1342,738,0.450074515648286,0.35,0.100074515648286
71928,2024-03-26,feeder,0.9944,b95_100,885,1966,1081,0.450152594099695,0.35,0.100152594099695
71962,2024-04-09,feeder,0.9916,b95_100,201,447,246,0.449664429530201,0.35,0.0996644295302014
71982,2024-04-09,feeder,0.9845,b95_100,210,467,257,0.449678800856531,0.35,0.0996788008565311
72064,2024-04-26,feeder,0.9902,b95_100,2083,4628,2545,0.450086430423509,0.35,0.100086430423509
72065,2024-01-29,feeder,0.9281,b90_94,178,932,754,0.190987124463519,0.4,-0.209012875536481
72070,2024-01-29,feeder,0.9281,b90_94,224,1071,847,0.209150326797386,0.4,-0.190849673202614
72144,2023-08-25,fed,0.9976,b95_100,6288,13973,7685,0.450010734988907,0.35,0.100010734988907
72188,2024-06-11,feeder,0.9954,b95_100,0,1161,1161,0,0.35,-0.35
72196,2023-10-05,feeder,0.9939,b95_100,0,8592,8592,0,0.35,-0.35
72261,2023-11-13,feeder,0.9214,b90_94,7,18,11,0.388888888888889,0.4,-0.0111111111111111
72276,2024-03-08,feeder,0.9987,b95_100,3295,7324,4029,0.449890770071,0.35,0.0998907700709995
72294,2024-01-16,feeder,0.9961,b95_100,16581,36845,20264,0.450020355543493,0.35,0.100020355543493
72298,2024-04-11,feeder,0.9959,b95_100,147,327,180,0.44954128440367,0.35,0.0995412844036698
72314,2024-04-11,feeder,0.9959,b95_100,509,1130,621,0.450442477876106,0.35,0.100442477876106
72474,2024-05-01,feeder,0.9976,b95_100,381,847,466,0.449822904368359,0.35,0.0998229043683589
72486,2023-11-13,feeder,0.987,b95_100,1628,3616,1988,0.450221238938053,0.35,0.100221238938053
72492,2023-09-28,feeder,0.9998,b95_100,4249,9444,5195,0.4499152901313,0.35,0.0999152901313003
72500,2024-01-25,feeder,0.995,b95_100,9995,22211,12216,0.450002251136824,0.35,0.100002251136824
72508,2023-08-31,feeder,0.9973,b95_100,4118,9150,5032,0.450054644808743,0.35,0.100054644808743
72539,2023-09-27,feeder,0.9929,b95_100,3507,9148,5641,0.383362483602973,0.35,0.0333624836029733
72550,2023-11-07,feeder,0.9953,b95_100,2836,6302,3466,0.45001586797842,0.35,0.10001586797842
72553,2023-10-23,feeder,0.9984,b95_100,2209,4909,2700,0.449989814626197,0.35,0.0999898146261968
72555,2023-10-06,feeder,0.9567,b95_100,1800,4000,2200,0.45,0.35,0.1
72566,2024-04-05,feeder,0.9975,b95_100,3234,7186,3952,0.450041747843028,0.35,0.100041747843028
72571,2023-10-23,feeder,0.9981,b95_100,4188,9305,5117,0.450080601826975,0.35,0.100080601826975
72589,2024-05-23,feeder,0.995,b95_100,4449,9887,5438,0.449984828562759,0.35,0.0999848285627592
72602,2024-02-20,feeder,0.9942,b95_100,5387,14664,9277,0.367362247681397,0.35,0.0173622476813967
72608,2023-10-02,feeder,0.9426,b90_94,410,819,409,0.500610500610501,0.4,0.100610500610501
72610,2023-10-02,feeder,0.9426,b90_94,323,645,322,0.50077519379845,0.4,0.10077519379845
72726,2023-10-30,feeder,0.9914,b95_100,3256,7687,4431,0.423572264862755,0.35,0.0735722648627553
72748,2023-10-30,feeder,0.9914,b95_100,2931,6919,3988,0.423616129498482,0.35,0.0736161294984825
72769,2023-08-21,feeder,0.9739,b95_100,253,563,310,0.449378330373002,0.35,0.0993783303730018
72780,2023-10-12,feeder,0.9431,b90_94,173,345,172,0.501449275362319,0.4,0.101449275362319
72784,2023-09-07,feeder,0.9716,b95_100,210,465,255,0.451612903225806,0.35,0.101612903225806
72786,2024-02-20,feeder,0.9417,b90_94,610,1220,610,0.5,0.4,0.1
72788,2024-02-08,feeder,0.9311,b90_94,154,307,153,0.501628664495114,0.4,0.101628664495114
72795,2023-07-27,feeder,0.9666,b95_100,144,320,176,0.45,0.35,0.1
72801,2023-08-04,feeder,0.9684,b95_100,131,291,160,0.450171821305842,0.35,0.100171821305842
72807,2023-08-24,feeder,0.9705,b95_100,311,690,379,0.45072463768116,0.35,0.100724637681159
72808,2024-01-10,feeder,0.9502,b95_100,710,1577,867,0.450221940393152,0.35,0.100221940393152
72809,2024-02-21,feeder,0.9398,b90_94,545,1091,546,0.499541704857928,0.4,0.0995417048579285
72812,2023-10-12,feeder,0.9667,b95_100,46,102,56,0.450980392156863,0.35,0.100980392156863
72814,2023-12-14,feeder,0.9449,b90_94,405,810,405,0.5,0.4,0.1
72820,2023-10-05,feeder,0.9721,b95_100,495,1099,604,0.450409463148317,0.35,0.100409463148317
72830,2024-02-06,feeder,0.9299,b90_94,975,1949,974,0.500256541816316,0.4,0.100256541816316
72833,2023-11-28,feeder,0.9058,b90_94,114,227,113,0.502202643171806,0.4,0.102202643171806
72837,2024-02-15,feeder,0.9475,b90_94,1779,3558,1779,0.5,0.4,0.1
72851,2023-09-28,feeder,0.9998,b95_100,1261,2802,1541,0.450035688793719,0.35,0.100035688793719
72863,2024-05-31,feeder,0.9995,b95_100,9937,22082,12145,0.45000452857531,0.35,0.10000452857531
72866,2024-01-25,feeder,0.995,b95_100,1715,3810,2095,0.450131233595801,0.35,0.100131233595801
72901,2024-02-12,feeder,0.9539,b95_100,1806,4014,2208,0.449925261584454,0.35,0.0999252615844544
72910,2024-01-25,feeder,0.995,b95_100,3851,10136,6285,0.379932912391476,0.35,0.0299329123914759
72941,2023-12-28,feeder,0.9954,b95_100,2833,7454,4621,0.380064394955729,0.35,0.0300643949557285
72957,2023-12-28,feeder,0.9954,b95_100,2901,7633,4732,0.380060264640377,0.35,0.0300602646403773
72994,2024-02-23,feeder,0.9967,b95_100,1334,3510,2176,0.38005698005698,0.35,0.0300569800569801
73081,2024-01-30,feeder,0.9955,b95_100,561,1245,684,0.450602409638554,0.35,0.100602409638554
73246,2024-06-25,feeder,0.9994,b95_100,967,2149,1182,0.449976733364356,0.35,0.0999767333643555
73288,2024-06-25,feeder,0.9994,b95_100,1228,2729,1501,0.449981678270429,0.35,0.0999816782704288
73306,2024-06-03,feeder,0.9951,b95_100,0,20830,20830,0,0.35,-0.35
73339,2024-03-28,feeder,0.9939,b95_100,0,897,897,0,0.35,-0.35
73397,2024-03-12,feeder,0.9983,b95_100,2255,5012,2757,0.449920191540303,0.35,0.0999201915403033
73402,2024-02-12,feeder,0.9989,b95_100,6206,13790,7584,0.450036258158086,0.35,0.100036258158086
73410,2024-03-12,feeder,0.9983,b95_100,9125,20276,11151,0.450039455513908,0.35,0.100039455513908
73470,2024-02-12,feeder,0.9988,b95_100,15900,35334,19434,0.449991509594159,0.35,0.0999915095941586
73476,2024-02-05,feeder,0.9992,b95_100,15850,35222,19372,0.450002839134632,0.35,0.100002839134632
73540,2023-07-21,feeder,0.9926,b95_100,1090,2423,1333,0.449855550969872,0.35,0.0998555509698721
73558,2023-08-21,feeder,0.9995,b95_100,194,431,237,0.450116009280742,0.35,0.100116009280742
73781,2024-02-23,fed,0.9946,b95_100,41309,131166,89857,0.314936797645731,0.35,-0.0350632023542686
73807,2024-02-23,fed,0.9946,b95_100,34471,114442,79971,0.301209346219045,0.35,-0.0487906537809545
73899,2023-12-20,feeder,0.994,b95_100,291,647,356,0.449768160741886,0.35,0.0997681607418857
73919,2024-01-17,feeder,0.997,b95_100,1166,2590,1424,0.45019305019305,0.35,0.10019305019305
73928,2024-02-13,feeder,0.9963,b95_100,11400,28453,17053,0.400660738762169,0.35,0.0506607387621692
74133,2024-03-20,feeder,0.9998,b95_100,869,2265,1396,0.383664459161148,0.35,0.0336644591611479
74134,2024-05-01,feeder,0.9976,b95_100,0,3292,3292,0,0.35,-0.35
74141,2023-10-10,feeder,0.9986,b95_100,5928,14462,8534,0.409901811644309,0.35,0.0599018116443093
74160,2024-05-09,feeder,0.9962,b95_100,0,5390,5390,0,0.35,-0.35
74171,2024-03-20,feeder,0.9998,b95_100,559,1457,898,0.383665065202471,0.35,0.0336650652024709
74212,2023-09-28,fed,0.9928,b95_100,5833,14580,8747,0.400068587105624,0.35,0.0500685871056242
74298,2023-11-07,feeder,0.9428,b90_94,104,230,126,0.452173913043478,0.4,0.0521739130434782
74299,2023-10-24,feeder,0.9496,b90_94,821,1824,1003,0.450109649122807,0.4,0.050109649122807
74301,2023-08-31,feeder,0.9583,b95_100,1074,2684,1610,0.400149031296572,0.35,0.0501490312965723
74302,2023-10-24,feeder,0.9494,b90_94,1449,3222,1773,0.449720670391061,0.4,0.0497206703910614
74303,2023-10-24,feeder,0.9426,b90_94,531,1180,649,0.45,0.4,0.05
74308,2023-10-24,feeder,0.9427,b90_94,729,1620,891,0.45,0.4,0.05
74310,2023-09-07,feeder,0.9452,b90_94,1602,3558,1956,0.450252951096121,0.4,0.0502529510961214
74312,2023-11-07,feeder,0.9475,b90_94,1253,2786,1533,0.449748743718593,0.4,0.049748743718593
74313,2023-11-07,feeder,0.9431,b90_94,553,1228,675,0.450325732899023,0.4,0.0503257328990228
74314,2023-10-18,feeder,0.9463,b90_94,2216,4924,2708,0.45004061738424,0.4,0.0500406173842404
74317,2023-10-24,feeder,0.9494,b90_94,2002,4448,2446,0.450089928057554,0.4,0.0500899280575539
74319,2023-11-07,feeder,0.9441,b90_94,536,1192,656,0.449664429530201,0.4,0.0496644295302013
74320,2023-10-18,feeder,0.9461,b90_94,806,1790,984,0.450279329608939,0.4,0.0502793296089386
74321,2023-11-07,feeder,0.9441,b90_94,594,1320,726,0.45,0.4,0.05
74322,2023-08-22,feeder,0.9622,b95_100,4160,10402,6242,0.399923091713132,0.35,0.0499230917131321
74324,2023-09-12,feeder,0.9478,b90_94,3359,7464,4105,0.45002679528403,0.4,0.05002679528403
74325,2023-10-24,feeder,0.9424,b90_94,203,452,249,0.449115044247788,0.4,0.0491150442477876
74326,2023-11-07,feeder,0.9431,b90_94,509,1132,623,0.449646643109541,0.4,0.0496466431095406
74327,2023-11-07,feeder,0.9483,b90_94,3038,6752,3714,0.449940758293839,0.4,0.0499407582938388
74341,2024-05-14,feeder,0.9974,b95_100,559,1243,684,0.449718423169751,0.35,0.0997184231697506
74346,2024-05-14,feeder,0.9974,b95_100,671,1491,820,0.450033534540577,0.35,0.100033534540577
74748,2024-02-26,feeder,0.9987,b95_100,4667,10371,5704,0.45000482113586,0.35,0.10000482113586
74753,2024-02-26,feeder,0.9981,b95_100,1550,3444,1894,0.450058072009292,0.35,0.100058072009292
74786,2023-10-19,feeder,0.9989,b95_100,0,2150,2150,0,0.35,-0.35
74790,2023-10-19,feeder,0.9989,b95_100,0,1935,1935,0,0.35,-0.35
74814,2023-07-03,feeder,0.9233,b90_94,8,21,13,0.380952380952381,0.4,-0.0190476190476191
75312,2024-05-07,feeder,1,b95_100,158,350,192,0.451428571428571,0.35,0.101428571428571
75315,2024-03-19,feeder,0.9932,b95_100,72,160,88,0.45,0.35,0.1
75321,2024-04-01,feeder,0.9934,b95_100,41,91,50,0.450549450549451,0.35,0.100549450549451
75322,2024-03-25,feeder,0.9993,b95_100,89,196,107,0.454081632653061,0.35,0.104081632653061
75325,2024-01-26,feeder,0.9474,b90_94,1819,3637,1818,0.50013747594171,0.4,0.10013747594171
75326,2024-01-12,feeder,0.9585,b95_100,1358,3018,1660,0.449966865473824,0.35,0.0999668654738238
75328,2024-02-06,feeder,0.9424,b90_94,1318,2635,1317,0.500189753320683,0.4,0.100189753320683
75329,2024-01-26,feeder,0.9459,b90_94,1328,2656,1328,0.5,0.4,0.1
75331,2024-01-17,feeder,0.9441,b90_94,1704,3408,1704,0.5,0.4,0.1
75352,2024-04-30,feeder,0.9941,b95_100,2416,5368,2952,0.450074515648286,0.35,0.100074515648286
75399,2024-01-19,fed,0.9924,b95_100,1644,3654,2010,0.44991789819376,0.35,0.0999178981937603
75400,2024-03-04,fed,0.9904,b95_100,2016,4479,2463,0.450100468854655,0.35,0.100100468854655
75406,2024-01-19,fed,0.9959,b95_100,3267,7260,3993,0.45,0.35,0.1
75547,2024-02-29,feeder,0.9943,b95_100,2235,4966,2731,0.450060410793395,0.35,0.100060410793395
75626,2024-04-22,feeder,0.9966,b95_100,423,1058,635,0.399810964083176,0.35,0.0498109640831758
75631,2024-04-22,feeder,0.9966,b95_100,1097,2744,1647,0.399781341107872,0.35,0.0497813411078718
75656,2024-04-25,fed,0.989,b95_100,1549,3444,1895,0.449767711962834,0.35,0.099767711962834
75657,2024-06-25,fed,0.9971,b95_100,2849,6331,3482,0.450007897646501,0.35,0.100007897646501
75658,2024-05-24,fed,0.9983,b95_100,2031,4513,2482,0.450033237314425,0.35,0.100033237314425
75670,2024-06-25,fed,0.9971,b95_100,1383,3074,1691,0.449902407286923,0.35,0.0999024072869226
75676,2024-05-24,fed,0.9964,b95_100,1792,3984,2192,0.449799196787149,0.35,0.0997991967871486
75680,2024-02-06,fed,0.9993,b95_100,12478,31194,18716,0.400012822978778,0.35,0.050012822978778
75682,2024-04-25,fed,0.9909,b95_100,1389,3085,1696,0.450243111831442,0.35,0.100243111831442
75758,2024-06-14,feeder,0.9969,b95_100,166,369,203,0.449864498644986,0.35,0.0998644986449865
75769,2024-02-12,feeder,0.9927,b95_100,306,680,374,0.45,0.35,0.1
75772,2024-01-19,feeder,0.9956,b95_100,1188,2641,1453,0.449829609996214,0.35,0.0998296099962136
75774,2024-02-12,feeder,0.9927,b95_100,624,1386,762,0.45021645021645,0.35,0.10021645021645
75775,2024-06-14,feeder,0.9969,b95_100,427,948,521,0.45042194092827,0.35,0.10042194092827
75777,2024-04-29,feeder,0.9949,b95_100,367,815,448,0.450306748466258,0.35,0.100306748466258
75778,2024-01-19,feeder,0.9956,b95_100,732,1626,894,0.450184501845019,0.35,0.100184501845018
75783,2024-04-29,feeder,0.9949,b95_100,82,183,101,0.448087431693989,0.35,0.0980874316939891
75805,2023-09-20,feeder,0.9978,b95_100,23825,63536,39711,0.374984260891463,0.35,0.0249842608914631
75807,2024-02-22,feeder,0.9949,b95_100,814,1809,995,0.449972360420122,0.35,0.0999723604201216
75821,2023-11-27,fed,0.9935,b95_100,48583,132145,83562,0.36764917325665,0.35,0.0176491732566499
75833,2023-10-18,feeder,0.9951,b95_100,3942,8761,4819,0.449948636000457,0.35,0.0999486360004566
75838,2023-10-05,feeder,0.9937,b95_100,1063,2362,1299,0.45004233700254,0.35,0.10004233700254
75845,2023-10-12,feeder,0.9965,b95_100,1178,2616,1438,0.450305810397554,0.35,0.100305810397554
75846,2023-11-07,feeder,0.9984,b95_100,710,1577,867,0.450221940393152,0.35,0.100221940393152
75849,2023-10-05,feeder,0.9937,b95_100,450,1000,550,0.45,0.35,0.1
75857,2023-10-12,feeder,0.9965,b95_100,568,1264,696,0.449367088607595,0.35,0.099367088607595
75868,2023-10-16,fed,0.9921,b95_100,374,832,458,0.449519230769231,0.35,0.0995192307692308
76050,2024-03-22,feeder,0.9998,b95_100,0,14098,14098,0,0.35,-0.35
76073,2024-03-22,feeder,0.9979,b95_100,0,11738,11738,0,0.35,-0.35
76157,2024-02-09,fed,0.9964,b95_100,4760,10576,5816,0.450075642965204,0.35,0.100075642965204
76231,2024-06-05,fed,0.995,b95_100,2295,5099,2804,0.450088252598549,0.35,0.100088252598549
76336,2023-09-13,feeder,0.9366,b90_94,6556,15989,9433,0.410031896929139,0.4,0.0100318969291388
76426,2024-04-25,fed,0.9944,b95_100,1512,3361,1849,0.449866111276406,0.35,0.0998661112764059
76712,2024-02-02,feeder,0.9952,b95_100,198,441,243,0.448979591836735,0.35,0.0989795918367347
76731,2024-02-14,fed,0.9969,b95_100,1301,2891,1590,0.450017295053615,0.35,0.100017295053615
76849,2024-04-12,fed,0.9985,b95_100,0,504,504,0,0.35,-0.35
76857,2024-04-12,fed,0.9956,b95_100,0,362,362,0,0.35,-0.35
76874,2024-04-05,feeder,0.9975,b95_100,976,2440,1464,0.4,0.35,0.05
77018,2024-01-26,feeder,0.9936,b95_100,3838,8529,4691,0.449994137648024,0.35,0.0999941376480244
77072,2024-03-11,feeder,0.9952,b95_100,144,319,175,0.45141065830721,0.35,0.10141065830721
77085,2024-03-12,feeder,0.9983,b95_100,251,558,307,0.449820788530466,0.35,0.099820788530466
77431,2023-10-03,feeder,0.9989,b95_100,481,1068,587,0.450374531835206,0.35,0.100374531835206
77832,2023-09-08,feeder,0.9974,b95_100,0,9885,9885,0,0.35,-0.35
77864,2023-09-08,feeder,0.9937,b95_100,0,6949,6949,0,0.35,-0.35
77891,2024-02-23,feeder,0.9967,b95_100,834,25260,24426,0.0330166270783848,0.35,-0.316983372921615
77911,2023-09-08,feeder,0.9936,b95_100,0,7541,7541,0,0.35,-0.35
77950,2024-04-23,feeder,0.997,b95_100,2255,5010,2755,0.450099800399202,0.35,0.100099800399202
77953,2024-06-03,feeder,0.9967,b95_100,990,2201,1211,0.449795547478419,0.35,0.0997955474784189
77976,2024-06-03,feeder,0.9967,b95_100,1101,2445,1344,0.450306748466258,0.35,0.100306748466258
78398,2024-06-04,feeder,0.9938,b95_100,42,94,52,0.446808510638298,0.35,0.0968085106382979
78413,2024-05-20,feeder,0.9982,b95_100,82,183,101,0.448087431693989,0.35,0.0980874316939891
78419,2024-06-04,feeder,0.9938,b95_100,46,104,58,0.442307692307692,0.35,0.0923076923076923
78762,2024-04-23,feeder,0.9982,b95_100,5043,11205,6162,0.450066934404284,0.35,0.100066934404284
78786,2024-04-16,feeder,0.9911,b95_100,3302,7338,4036,0.449986372308531,0.35,0.099986372308531
78792,2023-12-26,feeder,0.9736,b95_100,1603,3563,1960,0.449901768172888,0.35,0.099901768172888
78794,2024-03-25,feeder,0.9934,b95_100,1305,2899,1594,0.450155225939979,0.35,0.100155225939979
78795,2024-05-30,feeder,0.9879,b95_100,1727,3837,2110,0.45009121709669,0.35,0.10009121709669
78797,2024-03-15,feeder,0.9977,b95_100,2398,5328,2930,0.450075075075075,0.35,0.100075075075075
78799,2024-05-31,feeder,0.9962,b95_100,1401,3113,1712,0.450048185030517,0.35,0.100048185030517
78801,2024-05-10,feeder,0.9965,b95_100,2615,5810,3195,0.450086058519793,0.35,0.100086058519793
78803,2023-10-30,feeder,0.9566,b95_100,3911,8692,4781,0.449953980671882,0.35,0.0999539806718822
78808,2023-12-18,feeder,0.9538,b95_100,1611,3581,1970,0.449874336777437,0.35,0.0998743367774365
78816,2024-03-06,feeder,0.9825,b95_100,3385,7523,4138,0.449953476006912,0.35,0.0999534760069122
78854,2024-03-28,feeder,0.9939,b95_100,0,3020,3020,0,0.35,-0.35
78864,2024-03-28,feeder,0.9939,b95_100,0,1804,1804,0,0.35,-0.35
79068,2023-10-20,feeder,0.971,b95_100,0,3946,3946,0,0.35,-0.35
79085,2023-10-12,feeder,0.9824,b95_100,0,2734,2734,0,0.35,-0.35
79097,2023-10-24,feeder,0.9793,b95_100,0,2634,2634,0,0.35,-0.35
79199,2023-11-13,feeder,0.9236,b90_94,0,12116,12116,0,0.4,-0.4
79200,2024-01-18,feeder,0.9283,b90_94,0,21591,21591,0,0.4,-0.4
79206,2023-11-13,feeder,0.9236,b90_94,0,21807,21807,0,0.4,-0.4
79207,2023-11-08,feeder,0.9554,b95_100,0,9263,9263,0,0.35,-0.35
79208,2024-01-18,feeder,0.9283,b90_94,0,45341,45341,0,0.4,-0.4
79210,2023-12-05,feeder,0.9198,b90_94,0,18635,18635,0,0.4,-0.4
79213,2023-11-21,feeder,0.922,b90_94,0,15347,15347,0,0.4,-0.4
79297,2024-05-14,feeder,0.9974,b95_100,878,1950,1072,0.45025641025641,0.35,0.10025641025641
79298,2024-05-14,feeder,0.9924,b95_100,925,2055,1130,0.450121654501217,0.35,0.100121654501217
79300,2024-05-14,feeder,0.9974,b95_100,957,2127,1170,0.449929478138223,0.35,0.0999294781382229
79301,2024-05-14,feeder,0.9924,b95_100,841,1868,1027,0.450214132762313,0.35,0.100214132762313
79386,2024-01-03,feeder,0.9944,b95_100,581,1290,709,0.450387596899225,0.35,0.100387596899225
79449,2024-01-08,feeder,0.9926,b95_100,24276,53946,29670,0.450005561116672,0.35,0.100005561116672
79580,2023-07-21,feeder,0.9944,b95_100,1075,2388,1313,0.450167504187605,0.35,0.100167504187605
79581,2024-04-03,feeder,0.9948,b95_100,1101,2447,1346,0.44993870044953,0.35,0.0999387004495301
79587,2024-04-03,feeder,0.9948,b95_100,1211,2692,1481,0.449851411589896,0.35,0.099851411589896
79588,2024-04-03,feeder,0.9948,b95_100,1850,4111,2261,0.450012162490878,0.35,0.100012162490878
79596,2023-07-21,feeder,0.9944,b95_100,1934,4297,2363,0.450081452175937,0.35,0.100081452175937
79641,2024-02-22,feeder,0.9944,b95_100,1936,4303,2367,0.449918661399024,0.35,0.099918661399024
79765,2024-06-17,feeder,0.9958,b95_100,5177,13766,8589,0.376071480459102,0.35,0.0260714804591022
79789,2024-02-16,fed,0.9688,b95_100,2879,6397,3518,0.450054713146788,0.35,0.100054713146788
79815,2024-02-20,feeder,0.9941,b95_100,3167,8544,5377,0.370669475655431,0.35,0.0206694756554308
80016,2023-07-05,feeder,0.9986,b95_100,480,1782,1302,0.269360269360269,0.35,-0.0806397306397306
80031,2023-11-13,feeder,0.9954,b95_100,1998,4994,2996,0.400080096115338,0.35,0.0500800961153384
80032,2024-06-21,feeder,0.9985,b95_100,700,1554,854,0.450450450450451,0.35,0.10045045045045
80052,2023-10-03,feeder,0.9595,b95_100,1463,3658,2195,0.399945325314379,0.35,0.0499453253143795
80055,2024-04-01,feeder,0.9952,b95_100,5076,12884,7808,0.393977025768395,0.35,0.0439770257683949
80057,2023-10-03,feeder,0.9548,b95_100,985,2464,1479,0.399756493506494,0.35,0.0497564935064935
80059,2024-04-22,feeder,0.9966,b95_100,222,493,271,0.450304259634888,0.35,0.100304259634888
80060,2024-03-07,feeder,0.9947,b95_100,4875,12188,7313,0.399983590416803,0.35,0.0499835904168035
80063,2023-11-13,feeder,0.9955,b95_100,10069,25172,15103,0.400007945336088,0.35,0.0500079453360877
80065,2024-06-21,feeder,1,b95_100,2770,6926,4156,0.399942246606988,0.35,0.0499422466069882
80066,2023-08-22,feeder,0.9995,b95_100,1595,3965,2370,0.402269861286255,0.35,0.0522698612862548
80069,2023-10-03,feeder,0.9674,b95_100,415,924,509,0.449134199134199,0.35,0.0991341991341991
80071,2023-07-21,feeder,0.996,b95_100,585,1580,995,0.370253164556962,0.35,0.020253164556962
80074,2023-12-29,feeder,0.9244,b90_94,183,366,183,0.5,0.4,0.1
80075,2024-04-03,feeder,0.9948,b95_100,879,1954,1075,0.449846468781986,0.35,0.0998464687819857
80082,2024-02-23,feeder,0.998,b95_100,495,1101,606,0.449591280653951,0.35,0.099591280653951
80083,2024-02-06,feeder,0.9964,b95_100,612,1361,749,0.449669360764144,0.35,0.099669360764144
80086,2024-04-26,feeder,0.9935,b95_100,5176,14208,9032,0.364301801801802,0.35,0.0143018018018019
80097,2024-05-28,feeder,0.9961,b95_100,359,797,438,0.450439146800502,0.35,0.100439146800502
80100,2024-04-26,feeder,0.9935,b95_100,6518,17891,11373,0.364317254485496,0.35,0.0143172544854955
80110,2024-03-01,feeder,0.9947,b95_100,1182,2626,1444,0.45011424219345,0.35,0.10011424219345
80114,2023-11-13,feeder,0.9958,b95_100,6366,15914,9548,0.400025135101169,0.35,0.0500251351011688
80115,2024-01-11,feeder,0.9981,b95_100,618,1373,755,0.450109249817917,0.35,0.100109249817917
80118,2024-01-23,feeder,0.9963,b95_100,2699,7361,4662,0.366662138296427,0.35,0.0166621382964272
80119,2023-11-17,feeder,0.9958,b95_100,490,1089,599,0.449954086317723,0.35,0.0999540863177227
80124,2023-10-03,feeder,0.9547,b95_100,183,456,273,0.401315789473684,0.35,0.0513157894736843
80134,2024-02-27,feeder,0.9978,b95_100,846,1881,1035,0.449760765550239,0.35,0.0997607655502393
80135,2024-06-21,feeder,0.9985,b95_100,171,380,209,0.45,0.35,0.1
80137,2024-05-28,feeder,0.9961,b95_100,455,1012,557,0.449604743083004,0.35,0.099604743083004
80145,2024-03-07,feeder,0.9983,b95_100,9447,23934,14487,0.394710453747806,0.35,0.0447104537478065
80205,2024-04-03,feeder,0.9947,b95_100,0,5164,5164,0,0.35,-0.35
80233,2024-04-03,feeder,0.9947,b95_100,0,4648,4648,0,0.35,-0.35
80255,2024-03-18,feeder,0.9969,b95_100,1503,3340,1837,0.45,0.35,0.1
80268,2024-03-07,feeder,0.997,b95_100,17515,38922,21407,0.450002569241046,0.35,0.100002569241046
80271,2024-03-15,feeder,0.9977,b95_100,2038,4528,2490,0.450088339222615,0.35,0.100088339222615
80285,2023-07-10,feeder,0.9929,b95_100,0,27142,27142,0,0.35,-0.35
80339,2024-03-13,feeder,0.9999,b95_100,1394,3098,1704,0.449967721110394,0.35,0.0999677211103938
80347,2024-03-13,feeder,0.9999,b95_100,845,1878,1033,0.449946751863685,0.35,0.0999467518636848
80349,2024-04-03,feeder,0.9948,b95_100,460,1024,564,0.44921875,0.35,0.09921875
80383,2024-04-03,feeder,0.9948,b95_100,419,931,512,0.450053705692803,0.35,0.100053705692803
80662,2024-06-06,feeder,0.9963,b95_100,44,97,53,0.45360824742268,0.35,0.10360824742268
80665,2024-05-22,feeder,0.9936,b95_100,457,1015,558,0.450246305418719,0.35,0.100246305418719
80677,2024-06-06,feeder,0.9963,b95_100,68,152,84,0.447368421052632,0.35,0.0973684210526316
80680,2024-06-06,feeder,0.9963,b95_100,112,249,137,0.449799196787149,0.35,0.0997991967871486
80690,2023-09-27,feeder,0.9928,b95_100,548,1217,669,0.450287592440427,0.35,0.100287592440427
80695,2023-11-06,feeder,0.9939,b95_100,365,812,447,0.449507389162562,0.35,0.0995073891625616
80703,2024-05-15,feeder,0.9953,b95_100,1021,2268,1247,0.450176366843034,0.35,0.100176366843034
80786,2023-11-27,fed,0.996,b95_100,0,3639,3639,0,0.35,-0.35
80852,2024-05-15,feeder,0.9953,b95_100,918,2041,1123,0.449779519843214,0.35,0.0997795198432141
80941,2024-05-14,feeder,0.9974,b95_100,735,1949,1214,0.377116469984608,0.35,0.0271164699846075
80942,2024-05-15,feeder,0.9953,b95_100,743,1650,907,0.45030303030303,0.35,0.10030303030303
80946,2024-04-22,feeder,0.9966,b95_100,1623,4304,2681,0.377091078066915,0.35,0.0270910780669145
81024,2024-03-21,feeder,0.9999,b95_100,1698,5173,3475,0.32824279914943,0.35,-0.0217572008505703
81032,2024-03-21,feeder,0.9999,b95_100,2034,6102,4068,0.333333333333333,0.35,-0.0166666666666667
81052,2023-10-16,feeder,0.9999,b95_100,1850,4679,2829,0.395383628980551,0.35,0.0453836289805514
81053,2024-03-01,feeder,0.9984,b95_100,4359,11034,6675,0.39505165851006,0.35,0.0450516585100598
81066,2024-01-05,feeder,0.997,b95_100,7651,19366,11715,0.395073840751833,0.35,0.0450738407518331
81067,2024-01-12,feeder,0.9927,b95_100,8017,20287,12270,0.395179178784443,0.35,0.0451791787844433
81073,2023-09-29,feeder,0.9951,b95_100,7670,19414,11744,0.395075718553621,0.35,0.0450757185536211
81083,2024-01-26,feeder,0.994,b95_100,17834,45148,27314,0.395011960662709,0.35,0.0450119606627093
81122,2024-01-22,feeder,0.9998,b95_100,8686,21989,13303,0.395015689663013,0.35,0.0450156896630133
81130,2024-02-09,feeder,0.9946,b95_100,8250,20890,12640,0.394925801819052,0.35,0.0449258018190522
81133,2024-01-19,feeder,0.9927,b95_100,6950,17585,10635,0.395223201592266,0.35,0.0452232015922662
81217,2023-09-20,feeder,0.9978,b95_100,4086,9080,4994,0.45,0.35,0.1
81355,2024-02-21,feeder,0.9954,b95_100,5243,14172,8929,0.369954840530624,0.35,0.0199548405306238
81357,2023-07-18,feeder,0.9237,b90_94,7,17,10,0.411764705882353,0.4,0.0117647058823529
81379,2023-07-17,feeder,0.9281,b90_94,14,36,22,0.388888888888889,0.4,-0.0111111111111111
81464,2024-03-01,feeder,0.9982,b95_100,743,1652,909,0.449757869249395,0.35,0.0997578692493947
81466,2024-03-01,feeder,0.9982,b95_100,410,911,501,0.450054884742042,0.35,0.100054884742042
81470,2024-03-01,feeder,0.9982,b95_100,532,1184,652,0.449324324324324,0.35,0.0993243243243244
81898,2024-03-18,feeder,0.9969,b95_100,307,684,377,0.448830409356725,0.35,0.0988304093567251
81916,2024-03-18,feeder,0.9969,b95_100,296,658,362,0.449848024316109,0.35,0.0998480243161094
82074,2024-01-29,feeder,0.997,b95_100,946,2103,1157,0.449833571088921,0.35,0.0998335710889206
82137,2024-01-29,feeder,0.997,b95_100,1041,2313,1272,0.450064850843061,0.35,0.100064850843061
82262,2024-06-10,feeder,0.9973,b95_100,1346,3338,1992,0.403235470341522,0.35,0.0532354703415219
82269,2024-04-24,feeder,0.9931,b95_100,962,2138,1176,0.449953227315248,0.35,0.0999532273152479
82277,2023-10-02,feeder,0.9871,b95_100,134,296,162,0.452702702702703,0.35,0.102702702702703
82313,2023-10-02,feeder,0.9871,b95_100,154,342,188,0.450292397660819,0.35,0.100292397660819
82330,2024-06-10,feeder,0.9973,b95_100,1170,2891,1721,0.404704254583189,0.35,0.0547042545831892
82358,2024-03-22,fed,0.9975,b95_100,0,23539,23539,0,0.35,-0.35
82516,2023-10-23,feeder,0.9716,b95_100,194,432,238,0.449074074074074,0.35,0.0990740740740741
82551,2024-02-22,feeder,0.9987,b95_100,73,163,90,0.447852760736196,0.35,0.0978527607361964
82553,2024-03-04,feeder,0.9977,b95_100,1772,3936,2164,0.45020325203252,0.35,0.10020325203252
82591,2024-06-05,feeder,0.9955,b95_100,139,308,169,0.451298701298701,0.35,0.101298701298701
82636,2024-04-09,feeder,0.9934,b95_100,827,1838,1011,0.449945593035909,0.35,0.0999455930359086
82690,2024-01-26,feeder,0.9941,b95_100,471,1045,574,0.450717703349282,0.35,0.100717703349282
82698,2024-06-14,feeder,0.9969,b95_100,1232,3078,1846,0.400259909031839,0.35,0.0502599090318389
82721,2024-06-14,feeder,0.9969,b95_100,1476,3657,2181,0.403609515996719,0.35,0.0536095159967187
82723,2024-06-10,feeder,0.9998,b95_100,365,810,445,0.450617283950617,0.35,0.100617283950617
82737,2024-06-10,feeder,0.9998,b95_100,473,1051,578,0.450047573739296,0.35,0.100047573739296
82742,2024-01-26,feeder,0.9941,b95_100,518,1150,632,0.450434782608696,0.35,0.100434782608696
83155,2024-04-04,feeder,0.9979,b95_100,4955,11012,6057,0.449963675989829,0.35,0.0999636759898293
83165,2023-08-29,feeder,0.9957,b95_100,1869,4153,2284,0.450036118468577,0.35,0.100036118468577
83168,2024-02-01,feeder,0.9997,b95_100,2058,4574,2516,0.44993441189331,0.35,0.09993441189331
83187,2024-02-08,feeder,0.9971,b95_100,0,6045,6045,0,0.35,-0.35
83303,2023-10-24,feeder,0.9368,b90_94,10,24,14,0.416666666666667,0.4,0.0166666666666667
83471,2023-10-05,feeder,0.9937,b95_100,842,1870,1028,0.450267379679144,0.35,0.100267379679144
83599,2023-12-04,feeder,0.9926,b95_100,320,712,392,0.449438202247191,0.35,0.099438202247191
83602,2023-12-04,feeder,0.9926,b95_100,2653,5895,3242,0.450042408821035,0.35,0.100042408821035
83790,2024-05-14,feeder,0.9934,b95_100,5328,11840,6512,0.45,0.35,0.1
83983,2024-03-14,feeder,0.9934,b95_100,11248,24995,13747,0.4500100020004,0.35,0.1000100020004
84186,2024-03-20,feeder,0.9952,b95_100,14441,32090,17649,0.450015581177937,0.35,0.100015581177937
84188,2024-03-28,feeder,0.9972,b95_100,14928,33173,18245,0.450004521749616,0.35,0.100004521749616
84189,2024-02-06,feeder,0.9965,b95_100,5062,11248,6186,0.450035561877667,0.35,0.100035561877667
84194,2024-06-21,feeder,0.9927,b95_100,8261,18357,10096,0.450019066296236,0.35,0.100019066296236
84198,2023-09-29,feeder,0.9945,b95_100,8631,19181,10550,0.449976539283666,0.35,0.0999765392836662
84207,2024-04-18,feeder,0.9988,b95_100,13784,30631,16847,0.450001632333257,0.35,0.100001632333257
84224,2024-04-18,feeder,0.9988,b95_100,11654,25896,14242,0.450030892801977,0.35,0.100030892801977
84229,2023-10-20,feeder,0.993,b95_100,11047,27670,16623,0.399241055294543,0.35,0.0492410552945429
84258,2023-07-18,feeder,0.9957,b95_100,15890,39724,23834,0.400010069479408,0.35,0.050010069479408
84259,2023-09-15,feeder,0.9988,b95_100,4571,10156,5585,0.450078771169752,0.35,0.100078771169752
84285,2024-03-22,feeder,0.9998,b95_100,13275,29500,16225,0.45,0.35,0.1
84287,2024-05-10,feeder,0.9921,b95_100,12850,28555,15705,0.450008755034145,0.35,0.100008755034145
84302,2024-06-21,feeder,0.9927,b95_100,4656,10347,5691,0.449985503044361,0.35,0.0999855030443607
84314,2024-02-02,feeder,0.9997,b95_100,19470,49829,30359,0.390736318208272,0.35,0.0407363182082723
84318,2024-02-02,feeder,0.9997,b95_100,12367,33030,20663,0.374417196488041,0.35,0.0244171964880412
84324,2024-04-18,feeder,0.9988,b95_100,9464,21032,11568,0.449980981361735,0.35,0.0999809813617345
84339,2023-12-19,feeder,0.9918,b95_100,11884,26408,14524,0.450015146925174,0.35,0.100015146925174
84353,2023-12-19,feeder,0.9946,b95_100,5683,12629,6946,0.449996040858342,0.35,0.099996040858342
84364,2024-03-06,feeder,0.9975,b95_100,4568,10152,5584,0.449960598896769,0.35,0.0999605988967691
84366,2024-02-02,feeder,0.9997,b95_100,10745,23876,13131,0.450033506449992,0.35,0.100033506449992
84381,2023-09-26,feeder,0.9996,b95_100,6391,14202,7811,0.450007041261794,0.35,0.100007041261794
84392,2023-07-18,feeder,0.9957,b95_100,10563,27084,16521,0.390008861320337,0.35,0.0400088613203368
84393,2024-04-18,feeder,0.9949,b95_100,6892,15315,8423,0.450016323865491,0.35,0.100016323865491
84404,2023-09-15,feeder,0.9988,b95_100,9699,21554,11855,0.449986081469797,0.35,0.0999860814697968
84412,2024-02-06,feeder,0.9965,b95_100,8559,19019,10460,0.450023660549976,0.35,0.100023660549976
84425,2024-03-20,feeder,0.9952,b95_100,3943,8762,4819,0.450011412919425,0.35,0.100011412919425
84445,2023-12-22,feeder,0.9982,b95_100,10293,22874,12581,0.449986884672554,0.35,0.099986884672554
84456,2024-03-22,feeder,0.9979,b95_100,6629,14730,8101,0.450033944331297,0.35,0.100033944331297
84476,2024-02-02,feeder,0.9997,b95_100,4266,9480,5214,0.45,0.35,0.1
84480,2023-09-26,feeder,0.9996,b95_100,2701,6003,3302,0.449941695818757,0.35,0.0999416958187573
84481,2024-04-18,feeder,0.9988,b95_100,11195,24876,13681,0.450032159511175,0.35,0.100032159511175
84486,2023-10-20,feeder,0.993,b95_100,11656,29198,17542,0.399205425029112,0.35,0.0492054250291116
84493,2024-03-06,feeder,0.9975,b95_100,7498,16662,9164,0.450006001680471,0.35,0.100006001680471
84496,2024-03-22,feeder,0.9998,b95_100,26169,58154,31985,0.449994841283489,0.35,0.0999948412834887
84497,2024-04-18,feeder,0.9949,b95_100,8151,18114,9963,0.449983438224578,0.35,0.0999834382245777
84509,2023-09-26,fed,0.9945,b95_100,3830,8512,4682,0.449953007518797,0.35,0.099953007518797
84518,2023-09-26,fed,0.9945,b95_100,4109,9132,5023,0.449956197985107,0.35,0.0999561979851073
84530,2024-03-20,fed,0.9966,b95_100,8852,19670,10818,0.450025419420437,0.35,0.100025419420437
84533,2023-09-15,fed,0.9911,b95_100,4500,10001,5501,0.44995500449955,0.35,0.0999550044995501
84538,2024-02-02,fed,0.9948,b95_100,11566,25704,14138,0.449968876439465,0.35,0.0999688764394647
84539,2023-09-15,fed,0.9911,b95_100,4818,10707,5889,0.449985990473522,0.35,0.099985990473522
84593,2024-05-22,feeder,0.9993,b95_100,930,2065,1135,0.450363196125908,0.35,0.100363196125908
84598,2024-05-22,feeder,0.9993,b95_100,772,1715,943,0.450145772594752,0.35,0.100145772594752
84824,2023-11-01,feeder,0.9986,b95_100,0,3461,3461,0,0.35,-0.35
84834,2023-11-01,feeder,0.9987,b95_100,0,3845,3845,0,0.35,-0.35
84948,2024-06-14,feeder,0.9958,b95_100,2013,5438,3425,0.37017285766826,0.35,0.0201728576682604
84951,2024-05-28,feeder,0.9961,b95_100,584,1297,713,0.450269853508096,0.35,0.100269853508096
84954,2024-01-24,feeder,0.9934,b95_100,1061,2358,1297,0.449957591178965,0.35,0.0999575911789652
84962,2024-04-18,feeder,0.9958,b95_100,951,2113,1162,0.450070989115002,0.35,0.100070989115002
84975,2024-05-31,feeder,0.9959,b95_100,689,1531,842,0.450032658393207,0.35,0.100032658393207
84978,2024-05-28,feeder,0.9962,b95_100,2059,5439,3380,0.378562235705093,0.35,0.0285622357050929
84992,2024-04-16,feeder,0.9932,b95_100,4107,9127,5020,0.449983565245974,0.35,0.0999835652459735
84993,2024-06-06,feeder,0.9939,b95_100,2053,4563,2510,0.449923296077142,0.35,0.0999232960771422
84999,2024-01-24,feeder,0.9934,b95_100,955,2123,1168,0.44983513895431,0.35,0.09983513895431
85052,2024-03-18,feeder,0.9941,b95_100,7513,20805,13292,0.36111511655852,0.35,0.0111151165585196
85054,2023-07-27,feeder,0.994,b95_100,31,68,37,0.455882352941176,0.35,0.105882352941177
85067,2023-07-27,feeder,0.994,b95_100,35,76,41,0.460526315789474,0.35,0.110526315789474
85147,2024-03-11,feeder,0.9941,b95_100,3803,9074,5271,0.419109543751378,0.35,0.0691095437513776
85163,2024-04-09,feeder,0.996,b95_100,2558,5688,3130,0.44971870604782,0.35,0.09971870604782
85196,2024-04-26,feeder,0.9934,b95_100,2348,5218,2870,0.449980835569184,0.35,0.0999808355691836
85398,2024-06-14,feeder,0.9965,b95_100,471,1149,678,0.409921671018277,0.35,0.0599216710182768
85404,2024-06-14,feeder,0.9965,b95_100,568,1413,845,0.401981599433829,0.35,0.0519815994338287
85454,2024-02-20,feeder,0.9975,b95_100,4028,8952,4924,0.449955317247542,0.35,0.0999553172475425
85539,2024-04-11,feeder,0.9925,b95_100,1013,2250,1237,0.450222222222222,0.35,0.100222222222222
85557,2024-04-11,feeder,0.9925,b95_100,1056,2345,1289,0.450319829424307,0.35,0.100319829424307
85679,2024-06-27,feeder,0.9945,b95_100,267,594,327,0.44949494949495,0.35,0.0994949494949495
85687,2024-06-27,feeder,0.9945,b95_100,294,653,359,0.450229709035222,0.35,0.100229709035222
85753,2023-07-17,feeder,0.9995,b95_100,1050,2333,1283,0.450064294899271,0.35,0.100064294899271
85791,2024-06-14,feeder,0.9965,b95_100,786,1746,960,0.450171821305842,0.35,0.100171821305842
85796,2024-05-17,feeder,0.998,b95_100,63,140,77,0.45,0.35,0.1
85813,2024-06-14,feeder,0.9965,b95_100,692,1537,845,0.450227716330514,0.35,0.100227716330514
85844,2024-05-17,feeder,0.998,b95_100,235,522,287,0.450191570881226,0.35,0.100191570881226
85845,2024-05-28,feeder,0.9962,b95_100,3360,10170,6810,0.330383480825959,0.35,-0.0196165191740413
85944,2024-05-28,feeder,0.9961,b95_100,197,437,240,0.450800915331808,0.35,0.100800915331808
85948,2024-05-28,feeder,0.9961,b95_100,177,394,217,0.449238578680203,0.35,0.0992385786802031
85955,2023-07-10,feeder,0.9986,b95_100,1407,3125,1718,0.45024,0.35,0.10024
85962,2024-05-02,feeder,0.9952,b95_100,183,405,222,0.451851851851852,0.35,0.101851851851852
85972,2024-03-14,feeder,0.9987,b95_100,621,1379,758,0.45032632342277,0.35,0.10032632342277
85990,2023-07-10,feeder,0.9986,b95_100,717,1593,876,0.450094161958569,0.35,0.100094161958569
85994,2024-05-02,feeder,0.9952,b95_100,163,364,201,0.447802197802198,0.35,0.0978021978021978
86005,2024-03-14,feeder,0.9987,b95_100,691,1535,844,0.450162866449511,0.35,0.100162866449511
86033,2023-07-18,feeder,0.9969,b95_100,694,1542,848,0.450064850843061,0.35,0.100064850843061
86038,2024-05-17,feeder,0.998,b95_100,921,2046,1125,0.450146627565982,0.35,0.100146627565982
86044,2023-07-18,feeder,0.9969,b95_100,625,1388,763,0.45028818443804,0.35,0.10028818443804
86060,2024-05-17,feeder,0.998,b95_100,1023,2273,1250,0.45006599208095,0.35,0.10006599208095
86126,2024-04-24,feeder,0.9965,b95_100,880,1955,1075,0.450127877237852,0.35,0.100127877237852
86259,2024-05-07,feeder,0.9939,b95_100,1209,2687,1478,0.449944175660588,0.35,0.0999441756605881
86273,2024-04-03,feeder,0.9947,b95_100,5103,13526,8423,0.377273399378974,0.35,0.0272733993789738
86278,2024-05-07,feeder,0.9939,b95_100,809,1797,988,0.450194769059544,0.35,0.100194769059544
86289,2024-04-03,feeder,0.9947,b95_100,4117,10294,6177,0.399941713619584,0.35,0.0499417136195843
86291,2024-04-15,feeder,0.9939,b95_100,1221,2714,1493,0.449889462048637,0.35,0.0998894620486367
86295,2024-02-26,feeder,0.996,b95_100,2952,6562,3610,0.449862846693081,0.35,0.0998628466930814
86298,2024-01-31,feeder,0.9987,b95_100,48,105,57,0.457142857142857,0.35,0.107142857142857
86299,2023-12-08,feeder,0.9853,b95_100,152,336,184,0.452380952380952,0.35,0.102380952380952
86427,2024-04-11,feeder,0.9924,b95_100,638,1417,779,0.450247000705716,0.35,0.100247000705716
86439,2024-03-13,feeder,0.9999,b95_100,222,493,271,0.450304259634888,0.35,0.100304259634888
86441,2024-06-18,feeder,1,b95_100,539,1196,657,0.45066889632107,0.35,0.10066889632107
86447,2023-09-12,feeder,0.9859,b95_100,1617,3593,1976,0.450041747843028,0.35,0.100041747843028
86450,2024-03-12,feeder,0.9989,b95_100,5338,11863,6525,0.449970496501728,0.35,0.0999704965017281
86455,2024-02-05,feeder,0.9232,b90_94,11645,25875,14230,0.450048309178744,0.4,0.0500483091787439
86460,2023-09-12,feeder,0.9859,b95_100,1470,3266,1796,0.45009185548071,0.35,0.10009185548071
86544,2024-03-05,feeder,0.9982,b95_100,0,679,679,0,0.35,-0.35
86559,2024-05-28,feeder,0.999,b95_100,420,934,514,0.449678800856531,0.35,0.0996788008565311
86575,2024-06-04,feeder,0.9964,b95_100,497,1704,1207,0.291666666666667,0.35,-0.0583333333333333
86588,2024-05-28,feeder,0.9991,b95_100,647,1438,791,0.449930458970793,0.35,0.0999304589707928
86595,2024-06-04,feeder,0.9964,b95_100,547,2343,1796,0.233461374306445,0.35,-0.116538625693555
86631,2024-05-15,feeder,0.9941,b95_100,219,487,268,0.449691991786448,0.35,0.0996919917864477
86638,2024-03-22,feeder,0.9999,b95_100,5637,12527,6890,0.449988025864133,0.35,0.0999880258641335
86647,2024-04-22,feeder,0.9936,b95_100,34,75,41,0.453333333333333,0.35,0.103333333333333
86648,2024-05-15,feeder,0.9941,b95_100,783,1741,958,0.449741527857553,0.35,0.0997415278575531
86657,2024-06-07,feeder,0.9978,b95_100,445,989,544,0.44994944388271,0.35,0.0999494438827098
86670,2024-02-14,feeder,0.9976,b95_100,5275,11723,6448,0.449970144161051,0.35,0.0999701441610509
86680,2024-06-07,feeder,0.9978,b95_100,372,827,455,0.449818621523579,0.35,0.0998186215235792
86696,2024-04-22,feeder,0.9936,b95_100,212,471,259,0.450106157112527,0.35,0.100106157112527
86801,2024-04-18,feeder,0.9479,b90_94,596,1404,808,0.424501424501425,0.4,0.0245014245014245
86816,2024-04-18,feeder,0.9479,b90_94,762,1792,1030,0.425223214285714,0.4,0.0252232142857143
86841,2023-10-10,feeder,0.9263,b90_94,4148,9761,5613,0.424956459379162,0.4,0.024956459379162
86867,2024-06-18,feeder,0.993,b95_100,1087,2980,1893,0.364765100671141,0.35,0.014765100671141
86888,2023-10-23,feeder,0.9481,b90_94,534,1256,722,0.42515923566879,0.4,0.0251592356687898
86938,2023-10-23,feeder,0.9737,b95_100,7766,20705,12939,0.375078483458102,0.35,0.0250784834581019
86960,2023-10-23,feeder,0.939,b90_94,4662,10972,6310,0.424899744804958,0.4,0.024899744804958
87209,2024-01-22,feeder,0.9998,b95_100,351,779,428,0.450577663671374,0.35,0.100577663671374
87265,2023-12-04,feeder,0.9926,b95_100,3159,7020,3861,0.45,0.35,0.1
87336,2024-02-27,feeder,0.9519,b95_100,621,1379,758,0.45032632342277,0.35,0.10032632342277
87337,2024-02-20,feeder,0.9995,b95_100,790,1755,965,0.45014245014245,0.35,0.10014245014245
87338,2024-03-18,feeder,0.9935,b95_100,2546,6603,4057,0.385582311070725,0.35,0.0355823110707255
87345,2024-05-20,feeder,0.9982,b95_100,624,1387,763,0.449891852919971,0.35,0.0998918529199712
87353,2024-02-12,feeder,0.9529,b95_100,1660,3689,2029,0.44998644619138,0.35,0.0999864461913798
87364,2023-10-04,feeder,0.9604,b95_100,125,276,151,0.452898550724638,0.35,0.102898550724638
87368,2024-02-07,feeder,0.9522,b95_100,622,1382,760,0.450072358900145,0.35,0.100072358900145
87373,2024-03-18,feeder,0.9935,b95_100,941,2090,1149,0.450239234449761,0.35,0.100239234449761
87374,2023-07-03,feeder,0.9952,b95_100,2022,4493,2471,0.450033385265969,0.35,0.100033385265969
87376,2024-03-04,feeder,0.9534,b95_100,802,1782,980,0.450056116722783,0.35,0.100056116722783
87402,2023-10-04,feeder,0.9525,b95_100,86,191,105,0.450261780104712,0.35,0.100261780104712
87420,2024-04-02,feeder,0.9974,b95_100,1160,2578,1418,0.449961210240497,0.35,0.0999612102404965
87450,2024-04-15,feeder,0.9929,b95_100,949,2108,1159,0.450189753320683,0.35,0.100189753320683
87466,2023-10-31,feeder,0.9927,b95_100,786,1745,959,0.450429799426934,0.35,0.100429799426934
87471,2023-11-15,feeder,0.9945,b95_100,3056,6792,3736,0.449941107184923,0.35,0.0999411071849234
87478,2023-11-15,feeder,0.9936,b95_100,2102,4671,2569,0.450010704345964,0.35,0.100010704345964
87483,2023-09-13,feeder,0.9653,b95_100,973,2163,1190,0.449838187702265,0.35,0.0998381877022654
87489,2023-12-08,feeder,0.9904,b95_100,1270,2824,1554,0.44971671388102,0.35,0.0997167138810198
87493,2023-11-08,feeder,0.9958,b95_100,3486,7747,4261,0.449980637666193,0.35,0.0999806376661934
87538,2024-03-11,feeder,0.9951,b95_100,1553,3450,1897,0.450144927536232,0.35,0.100144927536232
87548,2024-02-16,feeder,0.9937,b95_100,2338,5195,2857,0.45004812319538,0.35,0.10004812319538
87551,2023-08-22,feeder,0.9861,b95_100,615,1365,750,0.450549450549451,0.35,0.100549450549451
87553,2023-08-14,feeder,0.9988,b95_100,3399,7553,4154,0.450019859658414,0.35,0.100019859658414
87589,2023-11-27,feeder,0.9986,b95_100,13489,32010,18521,0.421399562636676,0.35,0.0713995626366761
87740,2024-05-28,feeder,0.9962,b95_100,1749,3885,2136,0.45019305019305,0.35,0.10019305019305
87875,2024-06-25,feeder,0.9784,b95_100,2213,4917,2704,0.450071181614806,0.35,0.100071181614806
87884,2023-12-19,feeder,0.9918,b95_100,1511,3356,1845,0.450238379022646,0.35,0.100238379022646
88070,2023-11-07,feeder,0.9775,b95_100,1218,2707,1489,0.449944588104913,0.35,0.0999445881049132
88116,2023-09-12,feeder,0.9934,b95_100,329,731,402,0.450068399452804,0.35,0.100068399452804
88120,2023-11-15,feeder,0.9764,b95_100,2961,6579,3618,0.450068399452804,0.35,0.100068399452804
88132,2023-09-12,feeder,0.9934,b95_100,230,512,282,0.44921875,0.35,0.09921875
88153,2023-12-29,feeder,0.9975,b95_100,15729,34953,19224,0.450004291477126,0.35,0.100004291477126
88222,2023-07-25,feeder,0.9985,b95_100,0,2925,2925,0,0.35,-0.35
88225,2023-07-26,feeder,0.9868,b95_100,0,2510,2510,0,0.35,-0.35
88385,2024-04-15,feeder,0.9848,b95_100,1479,3286,1807,0.450091296409008,0.35,0.100091296409008
88388,2023-09-11,feeder,0.9805,b95_100,1745,3878,2133,0.44997421351212,0.35,0.0999742135121197
88592,2024-04-23,feeder,0.9637,b95_100,1280,3338,2058,0.383463151587777,0.35,0.0334631515877771
88598,2023-12-11,feeder,0.9332,b90_94,438,876,438,0.5,0.4,0.1
88835,2024-02-15,feeder,0.9924,b95_100,5005,11122,6117,0.450008991188635,0.35,0.100008991188635
88853,2024-03-25,feeder,0.9993,b95_100,4716,10479,5763,0.450042943028915,0.35,0.100042943028915
88856,2023-09-28,feeder,0.9993,b95_100,11953,26562,14609,0.450003764776749,0.35,0.100003764776749
88857,2024-02-23,feeder,0.9968,b95_100,3415,7589,4174,0.449993411516669,0.35,0.0999934115166689
88863,2024-02-01,feeder,0.9978,b95_100,35335,96996,61661,0.364293372922595,0.35,0.0142933729225948
88866,2024-04-19,feeder,0.9941,b95_100,2430,5400,2970,0.45,0.35,0.1
88867,2024-02-15,feeder,0.9927,b95_100,5887,13082,7195,0.450007644091118,0.35,0.100007644091118
88871,2024-02-13,feeder,0.9957,b95_100,914,2032,1118,0.449803149606299,0.35,0.0998031496062992
88901,2024-02-02,feeder,0.9997,b95_100,6445,14322,7877,0.450006982265047,0.35,0.100006982265047
89003,2023-12-08,feeder,0.9904,b95_100,795,1765,970,0.45042492917847,0.35,0.10042492917847
89017,2023-12-18,feeder,0.9931,b95_100,3460,9026,5566,0.383337026368269,0.35,0.0333370263682695
89051,2024-01-16,feeder,0.996,b95_100,2557,5684,3127,0.449859254046446,0.35,0.0998592540464462
89090,2023-12-18,feeder,0.9929,b95_100,1567,4089,2522,0.383223281976033,0.35,0.0332232819760333
89148,2024-04-01,feeder,0.9209,b90_94,1150,2301,1151,0.499782703172534,0.4,0.0997827031725337
89150,2023-09-19,feeder,0.9259,b90_94,414,827,413,0.500604594921403,0.4,0.100604594921403
89151,2024-02-12,feeder,0.93,b90_94,390,780,390,0.5,0.4,0.1
89161,2023-09-29,feeder,0.9253,b90_94,79,157,78,0.503184713375796,0.4,0.103184713375796
89165,2024-03-06,feeder,0.9283,b90_94,588,1176,588,0.5,0.4,0.1
89166,2023-11-08,feeder,0.9187,b90_94,305,610,305,0.5,0.4,0.1
89172,2023-12-22,feeder,0.9149,b90_94,759,1518,759,0.5,0.4,0.1
89205,2024-05-23,feeder,0.9944,b95_100,225,500,275,0.45,0.35,0.1
89416,2023-11-20,feeder,0.9987,b95_100,3437,7636,4199,0.450104766893662,0.35,0.100104766893662
89420,2024-05-28,feeder,0.9936,b95_100,1809,4019,2210,0.450111968151281,0.35,0.100111968151281
89423,2024-04-02,feeder,0.9962,b95_100,3639,8085,4446,0.450092764378479,0.35,0.100092764378479
89424,2023-12-14,feeder,0.9994,b95_100,3730,8288,4558,0.450048262548263,0.35,0.100048262548263
89427,2024-02-06,feeder,0.9987,b95_100,3567,7926,4359,0.45003785011355,0.35,0.10003785011355
89430,2023-11-13,feeder,0.9997,b95_100,3722,8272,4550,0.44995164410058,0.35,0.0999516441005803
89431,2024-03-05,feeder,0.9941,b95_100,4077,9060,4983,0.45,0.35,0.1
89433,2023-08-24,feeder,0.9941,b95_100,3547,7882,4335,0.450012687135245,0.35,0.100012687135245
89434,2024-05-17,feeder,0.9967,b95_100,2060,4578,2518,0.449978156400175,0.35,0.0999781564001748
89437,2023-10-27,feeder,0.9976,b95_100,3790,8423,4633,0.449958447109106,0.35,0.0999584471091061
89440,2023-12-08,feeder,0.9904,b95_100,3529,7843,4314,0.449955374219049,0.35,0.0999553742190489
89448,2023-11-17,feeder,0.9958,b95_100,3331,7402,4071,0.450013509862199,0.35,0.100013509862199
89450,2023-08-24,feeder,0.9941,b95_100,3673,8163,4490,0.449957123606517,0.35,0.0999571236065172
89451,2024-02-06,feeder,0.9965,b95_100,8866,22837,13971,0.38822962735911,0.35,0.0382296273591102
89452,2024-03-25,feeder,0.9993,b95_100,3897,8661,4764,0.44994804295116,0.35,0.0999480429511604
89464,2024-03-05,feeder,0.994,b95_100,7548,16773,9225,0.450008942944017,0.35,0.100008942944017
89478,2024-01-08,feeder,0.9996,b95_100,4480,9955,5475,0.450025113008538,0.35,0.100025113008538
89483,2024-04-22,feeder,0.9982,b95_100,2335,5189,2854,0.449990364232029,0.35,0.0999903642320293
89484,2023-08-29,feeder,0.9957,b95_100,1846,4103,2257,0.44991469656349,0.35,0.0999146965634902
89781,2023-12-11,feeder,0.9973,b95_100,2223,4940,2717,0.45,0.35,0.1
89923,2024-03-06,feeder,0.9974,b95_100,3198,7106,3908,0.450042217844075,0.35,0.100042217844075
89933,2024-03-06,feeder,0.9933,b95_100,6463,14363,7900,0.44997563183179,0.35,0.09997563183179
89962,2023-08-28,feeder,0.9916,b95_100,2736,6080,3344,0.45,0.35,0.1
89970,2023-11-14,feeder,0.9941,b95_100,2722,6048,3326,0.450066137566138,0.35,0.100066137566138
90277,2023-09-26,feeder,0.9584,b95_100,1770,4782,3012,0.370138017565872,0.35,0.020138017565872
90284,2023-09-26,feeder,0.9581,b95_100,2045,5528,3483,0.36993487698987,0.35,0.0199348769898698
90295,2023-09-26,feeder,0.9584,b95_100,1966,5314,3348,0.36996612721114,0.35,0.0199661272111404
90331,2023-09-26,feeder,0.9581,b95_100,2273,6142,3869,0.37007489417128,0.35,0.0200748941712797
90338,2023-09-26,feeder,0.9622,b95_100,5538,14966,9428,0.370038754510223,0.35,0.0200387545102232
90396,2023-09-26,feeder,0.9622,b95_100,4983,13469,8486,0.369960650382359,0.35,0.0199606503823595
90482,2023-11-15,feeder,0.9956,b95_100,878,1950,1072,0.45025641025641,0.35,0.10025641025641
90487,2023-10-23,feeder,0.9723,b95_100,5770,12822,7052,0.450007799095305,0.35,0.100007799095305
90493,2023-10-23,feeder,0.9723,b95_100,4685,10411,5726,0.450004802612621,0.35,0.100004802612621
90494,2023-11-15,feeder,0.9956,b95_100,658,1463,805,0.449760765550239,0.35,0.0997607655502393
90567,2023-11-13,feeder,0.9959,b95_100,562,1248,686,0.450320512820513,0.35,0.100320512820513
90586,2023-11-20,feeder,0.998,b95_100,913,2029,1116,0.449975357318876,0.35,0.0999753573188763
90587,2023-11-21,feeder,0.993,b95_100,175,388,213,0.451030927835052,0.35,0.101030927835052
90703,2024-02-26,feeder,0.998,b95_100,360,801,441,0.449438202247191,0.35,0.099438202247191
90713,2024-01-25,feeder,0.9978,b95_100,442,983,541,0.449643947100712,0.35,0.0996439471007121
90778,2024-05-23,feeder,0.9994,b95_100,1916,4257,2341,0.450082217524078,0.35,0.100082217524078
90780,2024-04-29,feeder,0.9972,b95_100,6694,17038,10344,0.392886489024533,0.35,0.0428864890245334
90801,2024-05-23,feeder,0.9994,b95_100,1133,2518,1385,0.449960285941223,0.35,0.0999602859412232
90825,2024-04-01,feeder,0.9934,b95_100,13726,30500,16774,0.450032786885246,0.35,0.100032786885246
90860,2023-12-15,feeder,0.9977,b95_100,697,1549,852,0.449967721110394,0.35,0.0999677211103938
90865,2023-07-31,feeder,0.9941,b95_100,8149,18109,9960,0.449997238941963,0.35,0.0999972389419626
90870,2024-05-23,feeder,0.9967,b95_100,2145,5724,3579,0.374737945492663,0.35,0.0247379454926625
90887,2024-04-22,feeder,0.9928,b95_100,3176,7056,3880,0.450113378684807,0.35,0.100113378684807
90900,2024-02-01,feeder,0.9978,b95_100,17637,42022,24385,0.419708724001713,0.35,0.0697087240017134
90905,2024-04-01,feeder,0.9952,b95_100,1547,3436,1889,0.45023282887078,0.35,0.10023282887078
90907,2023-08-02,feeder,0.9961,b95_100,116,256,140,0.453125,0.35,0.103125
90926,2023-07-10,feeder,0.994,b95_100,1987,5372,3385,0.3698808637379,0.35,0.0198808637379003
90928,2024-06-21,feeder,0.9976,b95_100,10983,24405,13422,0.450030731407498,0.35,0.100030731407498
90931,2023-07-10,feeder,0.994,b95_100,608,1497,889,0.406145624582498,0.35,0.0561456245824983
90933,2023-10-12,feeder,0.9963,b95_100,5128,13986,8858,0.366652366652367,0.35,0.0166523666523667
90962,2024-04-01,feeder,0.9952,b95_100,2546,6391,3845,0.398372711625724,0.35,0.0483727116257237
90969,2024-06-05,feeder,0.9955,b95_100,11015,27536,16521,0.400021789657176,0.35,0.0500217896571761
90972,2024-03-18,feeder,0.9927,b95_100,772,1715,943,0.450145772594752,0.35,0.100145772594752
90976,2024-05-02,feeder,0.9978,b95_100,2455,5455,3000,0.450045829514207,0.35,0.100045829514207
90993,2024-04-01,feeder,0.9952,b95_100,890,1976,1086,0.450404858299595,0.35,0.100404858299595
91001,2023-09-28,feeder,0.9998,b95_100,467,1038,571,0.44990366088632,0.35,0.0999036608863199
91007,2023-08-02,feeder,0.9961,b95_100,91,204,113,0.446078431372549,0.35,0.0960784313725491
91021,2024-03-11,feeder,0.9952,b95_100,9246,24120,14874,0.383333333333333,0.35,0.0333333333333334
91028,2023-10-25,feeder,0.9949,b95_100,2567,6723,4156,0.381823590658932,0.35,0.031823590658932
91029,2024-05-23,feeder,0.9967,b95_100,1950,5203,3253,0.374783778589275,0.35,0.0247837785892754
91053,2024-01-25,feeder,0.9931,b95_100,12698,28218,15520,0.449996456162733,0.35,0.099996456162733
91064,2024-04-01,feeder,0.9934,b95_100,1497,3327,1830,0.449954914337241,0.35,0.0999549143372408
91076,2024-04-22,feeder,0.9928,b95_100,3906,8680,4774,0.45,0.35,0.1
91116,2024-04-01,feeder,0.9952,b95_100,2489,5531,3042,0.450009039956608,0.35,0.100009039956608
91151,2024-03-11,feeder,0.9952,b95_100,9920,25878,15958,0.3833371976196,0.35,0.0333371976195997
91167,2023-09-21,feeder,0.9983,b95_100,154,344,190,0.447674418604651,0.35,0.0976744186046512
91170,2024-03-18,feeder,0.9927,b95_100,964,2144,1180,0.449626865671642,0.35,0.0996268656716418
91265,2023-08-28,feeder,0.9575,b95_100,1013,2532,1519,0.400078988941548,0.35,0.0500789889415482
91275,2023-12-11,feeder,0.9491,b90_94,12499,29411,16912,0.424977049403284,0.4,0.0249770494032845
91287,2024-02-06,feeder,0.9438,b90_94,5871,13816,7945,0.42494209612044,0.4,0.0249420961204401
91395,2024-02-08,feeder,0.9972,b95_100,6041,16588,10547,0.364178924523752,0.35,0.0141789245237521
91418,2024-03-22,feeder,0.9999,b95_100,1209,2687,1478,0.449944175660588,0.35,0.0999441756605881
91470,2024-03-22,feeder,0.9999,b95_100,1020,2267,1247,0.449933833259815,0.35,0.0999338332598148
91476,2024-02-22,feeder,0.9969,b95_100,1200,3292,2092,0.364520048602673,0.35,0.0145200486026732
91478,2024-03-07,feeder,1,b95_100,426,947,521,0.449841605068638,0.35,0.0998416050686378
91524,2024-01-25,feeder,0.9982,b95_100,3985,8855,4870,0.450028232636928,0.35,0.100028232636928
91525,2024-03-07,feeder,0.997,b95_100,1614,3585,1971,0.450209205020921,0.35,0.100209205020921
91533,2024-03-13,feeder,0.9999,b95_100,2112,4694,2582,0.449936088623775,0.35,0.0999360886237751
91551,2024-01-25,feeder,0.9982,b95_100,4383,9741,5358,0.449953803510933,0.35,0.0999538035109332
91560,2024-03-13,feeder,0.9999,b95_100,2323,5164,2841,0.449845081332301,0.35,0.0998450813323006
91562,2024-02-23,feeder,0.998,b95_100,1833,7854,6021,0.233384262796028,0.35,-0.116615737203973
91563,2024-03-07,feeder,0.997,b95_100,3329,7398,4069,0.449986482833198,0.35,0.0999864828331982
91569,2023-09-27,feeder,0.9964,b95_100,1047,2325,1278,0.450322580645161,0.35,0.100322580645161
91573,2023-09-27,feeder,0.9964,b95_100,1125,2500,1375,0.45,0.35,0.1
91585,2023-09-26,feeder,0.9996,b95_100,2050,4555,2505,0.450054884742042,0.35,0.100054884742042
91596,2023-09-26,feeder,0.9996,b95_100,3594,7987,4393,0.449981219481658,0.35,0.0999812194816577
91622,2024-03-12,feeder,0.9989,b95_100,1876,4169,2293,0.449988006716239,0.35,0.0999880067162389
91624,2024-03-01,feeder,0.9982,b95_100,2131,4735,2604,0.450052798310454,0.35,0.100052798310454
91690,2024-01-08,feeder,0.9927,b95_100,13806,30681,16875,0.449985332942212,0.35,0.0999853329422118
91708,2024-04-17,feeder,0.9922,b95_100,2223,4939,2716,0.450091111561045,0.35,0.100091111561045
91719,2024-04-17,feeder,0.9922,b95_100,3754,8344,4590,0.449904122722915,0.35,0.0999041227229147
91729,2023-09-25,feeder,1,b95_100,1099,2443,1344,0.449856733524355,0.35,0.0998567335243553
91732,2024-05-01,feeder,0.993,b95_100,964,2142,1178,0.450046685340803,0.35,0.100046685340803
91736,2024-05-16,feeder,0.9947,b95_100,741,1647,906,0.449908925318761,0.35,0.0999089253187614
91763,2023-09-25,feeder,1,b95_100,1477,3284,1807,0.449756394640682,0.35,0.0997563946406821
91778,2023-09-25,feeder,0.994,b95_100,387,859,472,0.450523864959255,0.35,0.100523864959255
91784,2023-09-25,feeder,0.994,b95_100,390,865,475,0.450867052023121,0.35,0.100867052023121
91809,2024-02-01,feeder,0.9997,b95_100,468,1040,572,0.45,0.35,0.1
91815,2023-11-03,feeder,0.9995,b95_100,2114,4698,2584,0.44997871434653,0.35,0.0999787143465304
91826,2023-09-22,feeder,0.9928,b95_100,197,436,239,0.451834862385321,0.35,0.101834862385321
91833,2023-09-22,feeder,0.9929,b95_100,76,168,92,0.452380952380952,0.35,0.102380952380952
91929,2023-09-06,fed,0.9999,b95_100,2552,5671,3119,0.450008816787163,0.35,0.100008816787163
92004,2024-04-01,feeder,0.9989,b95_100,12898,28662,15764,0.45000348894006,0.35,0.10000348894006
92018,2024-03-26,fed,0.9931,b95_100,3775,10119,6344,0.373060579108608,0.35,0.0230605791086076
92226,2024-02-23,feeder,0.9968,b95_100,935,2077,1142,0.450168512277323,0.35,0.100168512277323
92288,2023-09-29,feeder,0.9997,b95_100,8968,19928,10960,0.450020072260137,0.35,0.100020072260137
92329,2023-08-01,feeder,0.9924,b95_100,112,746,634,0.150134048257373,0.35,-0.199865951742627
92389,2023-08-01,feeder,0.9924,b95_100,46,330,284,0.139393939393939,0.35,-0.210606060606061
92403,2024-04-01,fed,0.9897,b95_100,1638,3640,2002,0.45,0.35,0.1
92404,2024-03-07,fed,0.9948,b95_100,3047,6771,3724,0.450007384433614,0.35,0.100007384433614
92405,2024-01-30,fed,0.9969,b95_100,3452,7670,4218,0.45006518904824,0.35,0.10006518904824
92416,2024-01-30,fed,0.9945,b95_100,2925,6501,3576,0.449930779880018,0.35,0.0999307798800185
92450,2024-05-02,feeder,0.9997,b95_100,1405,3122,1717,0.45003203074952,0.35,0.10003203074952
92487,2024-05-02,feeder,0.9997,b95_100,1277,2838,1561,0.449964763918252,0.35,0.0999647639182523
92637,2024-03-21,feeder,0.9964,b95_100,213,474,261,0.449367088607595,0.35,0.099367088607595
92648,2024-03-20,feeder,0.9978,b95_100,3567,7925,4358,0.450094637223975,0.35,0.100094637223975
92653,2023-10-23,feeder,0.9967,b95_100,5834,15220,9386,0.383311432325887,0.35,0.033311432325887
92664,2023-10-11,feeder,0.9966,b95_100,1189,2643,1454,0.449867574725691,0.35,0.0998675747256905
92687,2024-02-01,feeder,0.9978,b95_100,573,1273,700,0.450117831893166,0.35,0.100117831893166
92689,2024-01-26,feeder,0.9996,b95_100,3042,6760,3718,0.45,0.35,0.1
92714,2023-10-23,feeder,0.9967,b95_100,1233,2740,1507,0.45,0.35,0.1
92715,2024-03-20,feeder,0.9978,b95_100,1869,4154,2285,0.449927780452576,0.35,0.0999277804525758
92725,2023-10-03,feeder,0.9939,b95_100,262,584,322,0.448630136986301,0.35,0.0986301369863014
92728,2024-03-20,feeder,0.9978,b95_100,1070,2377,1307,0.450147244425747,0.35,0.100147244425747
92734,2024-02-20,feeder,0.994,b95_100,5063,13681,8618,0.370075286894233,0.35,0.0200752868942329
92742,2023-10-30,feeder,0.9975,b95_100,1601,3557,1956,0.450098397526005,0.35,0.100098397526005
92747,2023-10-11,feeder,0.9966,b95_100,1071,2379,1308,0.450189155107188,0.35,0.100189155107188
92755,2024-03-19,feeder,0.9975,b95_100,215,477,262,0.450733752620545,0.35,0.100733752620545
92768,2024-02-23,feeder,0.9968,b95_100,2336,5192,2856,0.449922958397535,0.35,0.0999229583975347
92779,2024-04-29,feeder,0.9962,b95_100,142,315,173,0.450793650793651,0.35,0.100793650793651
92780,2024-01-26,feeder,0.9996,b95_100,684,1521,837,0.449704142011834,0.35,0.0997041420118344
92781,2024-01-26,feeder,0.9996,b95_100,761,1690,929,0.450295857988166,0.35,0.100295857988166
92783,2024-02-23,feeder,0.9968,b95_100,519,1154,635,0.449740034662045,0.35,0.0997400346620451
92796,2024-05-17,feeder,0.998,b95_100,378,839,461,0.450536352800954,0.35,0.100536352800954
92831,2024-05-17,feeder,0.998,b95_100,346,769,423,0.449934980494148,0.35,0.0999349804941483
93175,2024-01-12,feeder,0.9923,b95_100,165,366,201,0.450819672131148,0.35,0.100819672131148
93251,2024-01-12,feeder,0.9923,b95_100,152,336,184,0.452380952380952,0.35,0.102380952380952
93426,2023-07-21,feeder,0.9944,b95_100,944,2097,1153,0.450166905102527,0.35,0.100166905102527
93450,2023-07-21,feeder,0.9944,b95_100,858,1907,1049,0.449921342422653,0.35,0.0999213424226534
93460,2023-08-14,feeder,0.9938,b95_100,0,236,236,0,0.35,-0.35
93565,2023-09-06,feeder,0.9933,b95_100,3640,8089,4449,0.449993818766226,0.35,0.0999938187662258
93632,2023-10-25,feeder,0.9936,b95_100,4062,9027,4965,0.449983383183782,0.35,0.099983383183782
93910,2024-03-13,feeder,0.9999,b95_100,6300,16756,10456,0.375984721890666,0.35,0.025984721890666
93914,2024-02-26,feeder,0.9987,b95_100,267,593,326,0.450252951096121,0.35,0.100252951096121
93915,2024-03-07,feeder,1,b95_100,3630,8067,4437,0.449981405727036,0.35,0.0999814057270361
93921,2024-02-09,feeder,0.9946,b95_100,481,1068,587,0.450374531835206,0.35,0.100374531835206
93922,2023-07-17,feeder,0.9924,b95_100,1383,3073,1690,0.4500488122356,0.35,0.1000488122356
93930,2024-02-26,feeder,0.9987,b95_100,240,534,294,0.449438202247191,0.35,0.099438202247191
93934,2024-03-13,feeder,0.9999,b95_100,6341,17069,10728,0.371492178803679,0.35,0.0214921788036792
93935,2024-05-21,feeder,0.9977,b95_100,684,1520,836,0.45,0.35,0.1
93939,2024-03-22,feeder,0.9932,b95_100,3372,8962,5590,0.376255300156215,0.35,0.0262553001562151
93942,2024-02-22,feeder,0.9987,b95_100,237,525,288,0.451428571428571,0.35,0.101428571428571
93943,2024-02-12,feeder,0.9989,b95_100,279,621,342,0.449275362318841,0.35,0.0992753623188406
93950,2024-02-22,feeder,0.9987,b95_100,262,583,321,0.449399656946827,0.35,0.0993996569468268
93954,2024-02-09,feeder,0.9946,b95_100,534,1187,653,0.449873631002527,0.35,0.0998736310025274
93955,2023-07-17,feeder,0.9924,b95_100,1013,2251,1238,0.450022212350067,0.35,0.100022212350067
93959,2024-03-22,feeder,0.9932,b95_100,5680,15428,9748,0.368161783769769,0.35,0.0181617837697693
93961,2024-02-12,feeder,0.9989,b95_100,252,559,307,0.450805008944544,0.35,0.100805008944544
93978,2024-06-21,feeder,0.9976,b95_100,0,1737,1737,0,0.35,-0.35
93986,2024-06-21,feeder,0.9976,b95_100,0,702,702,0,0.35,-0.35
94100,2024-03-11,feeder,0.9935,b95_100,981,2180,1199,0.45,0.35,0.1
94116,2024-05-21,feeder,0.9977,b95_100,644,1432,788,0.449720670391061,0.35,0.0997206703910615
94118,2024-05-21,feeder,0.9977,b95_100,505,1123,618,0.449688334817453,0.35,0.0996883348174533
94119,2024-05-14,feeder,0.9924,b95_100,549,1220,671,0.45,0.35,0.1
94135,2024-02-21,feeder,0.9954,b95_100,1952,4338,2386,0.449976947902259,0.35,0.0999769479022591
94149,2024-02-02,feeder,0.9952,b95_100,3416,7592,4176,0.449947312961012,0.35,0.0999473129610116
94177,2024-02-23,feeder,0.9941,b95_100,882,1960,1078,0.45,0.35,0.1
94243,2024-03-06,feeder,0.9933,b95_100,4740,10533,5793,0.450014240956992,0.35,0.100014240956992
94417,2023-07-05,feeder,0.9979,b95_100,0,667,667,0,0.35,-0.35
94424,2023-07-05,feeder,0.9979,b95_100,0,827,827,0,0.35,-0.35
94487,2023-11-27,feeder,1,b95_100,24681,54847,30166,0.449997265119332,0.35,0.099997265119332
94494,2024-01-29,feeder,0.9946,b95_100,941,2613,1672,0.360122464600077,0.35,0.0101224646000765
94629,2024-02-21,fed,0.9995,b95_100,1350,3000,1650,0.45,0.35,0.1
94634,2023-10-04,fed,0.9945,b95_100,1994,4430,2436,0.450112866817156,0.35,0.100112866817156
94636,2024-02-21,fed,0.9945,b95_100,1657,3683,2026,0.449904968775455,0.35,0.0999049687754548
94640,2024-02-21,fed,0.9945,b95_100,1132,2515,1383,0.450099403578529,0.35,0.100099403578529
94655,2024-05-17,feeder,0.9852,b95_100,1273,2829,1556,0.449982325910216,0.35,0.0999823259102157
94661,2024-02-02,feeder,0.9791,b95_100,1045,2324,1279,0.449655765920826,0.35,0.0996557659208262
94665,2024-05-01,feeder,0.9976,b95_100,896,1992,1096,0.449799196787149,0.35,0.0997991967871486
94681,2024-02-02,feeder,0.987,b95_100,1072,2382,1310,0.450041981528128,0.35,0.100041981528128
94694,2024-04-24,feeder,0.9988,b95_100,692,1538,846,0.449934980494148,0.35,0.0999349804941483
94715,2024-01-29,fed,0.9974,b95_100,6592,17820,11228,0.369921436588103,0.35,0.0199214365881033
94753,2023-07-07,feeder,0.997,b95_100,409,908,499,0.450440528634361,0.35,0.100440528634361
94773,2023-07-07,feeder,0.997,b95_100,262,582,320,0.450171821305842,0.35,0.100171821305842
94920,2023-07-05,feeder,0.9952,b95_100,909,2021,1112,0.449777337951509,0.35,0.0997773379515092
94932,2024-02-21,feeder,0.9954,b95_100,2424,5385,2961,0.450139275766017,0.35,0.100139275766017
94933,2023-07-05,feeder,0.9952,b95_100,882,1961,1079,0.449770525242223,0.35,0.0997705252422234
94947,2024-02-16,feeder,0.9964,b95_100,3601,8003,4402,0.4499562664001,0.35,0.0999562664001
95028,2023-10-13,feeder,0.999,b95_100,715,1786,1071,0.4003359462486,0.35,0.0503359462486003
95053,2024-03-13,feeder,0.9987,b95_100,989,2197,1208,0.450159308147474,0.35,0.100159308147474
95095,2024-04-02,feeder,0.9953,b95_100,782,1737,955,0.450201496833621,0.35,0.100201496833621
95096,2024-02-22,feeder,0.9944,b95_100,1209,2685,1476,0.450279329608939,0.35,0.100279329608939
95100,2024-02-22,feeder,0.9949,b95_100,391,868,477,0.450460829493088,0.35,0.100460829493088
95105,2024-02-01,feeder,0.9933,b95_100,0,549,549,0,0.35,-0.35
95108,2024-03-12,feeder,0.9983,b95_100,228,507,279,0.449704142011834,0.35,0.0997041420118344
95128,2024-02-02,feeder,0.9967,b95_100,918,2039,1121,0.450220696419814,0.35,0.100220696419814
95188,2024-02-22,feeder,0.9987,b95_100,1025,2277,1252,0.450153711023276,0.35,0.100153711023276
95190,2024-02-01,feeder,0.9933,b95_100,0,603,603,0,0.35,-0.35
95197,2024-02-15,feeder,0.9935,b95_100,10471,23269,12798,0.449997851218359,0.35,0.0999978512183592
95207,2023-10-13,feeder,0.999,b95_100,603,1506,903,0.400398406374502,0.35,0.050398406374502
95210,2024-03-13,feeder,0.9999,b95_100,3174,7053,3879,0.450021267545725,0.35,0.100021267545725
95221,2023-10-19,feeder,0.9993,b95_100,8963,24153,15190,0.371092617894257,0.35,0.0210926178942575
95427,2024-01-24,feeder,0.9944,b95_100,2044,4543,2499,0.449922958397535,0.35,0.0999229583975347
95440,2024-01-11,feeder,0.9938,b95_100,3380,7510,4130,0.450066577896139,0.35,0.100066577896138
95503,2024-02-01,feeder,0.9969,b95_100,981,2181,1200,0.449793672627235,0.35,0.0997936726272352
95511,2024-03-13,feeder,0.9987,b95_100,853,1895,1042,0.450131926121372,0.35,0.100131926121372
95531,2024-03-13,feeder,0.9987,b95_100,768,1705,937,0.450439882697947,0.35,0.100439882697947
95576,2023-10-12,feeder,0.9997,b95_100,3552,9600,6048,0.37,0.35,0.02
95620,2023-10-05,feeder,0.9939,b95_100,2906,7855,4949,0.36995544239338,0.35,0.01995544239338
95624,2024-04-12,fed,1,b95_100,11996,32329,20333,0.371060038974296,0.35,0.0210600389742955
95625,2023-12-22,fed,0.9993,b95_100,3419,9238,5819,0.370101753626326,0.35,0.020101753626326
95626,2024-01-26,fed,0.9965,b95_100,1549,4185,2636,0.370131421744325,0.35,0.020131421744325
95631,2024-01-26,fed,0.9965,b95_100,1587,4289,2702,0.370016320820704,0.35,0.0200163208207041
95635,2023-12-20,fed,0.9994,b95_100,6054,16362,10308,0.37000366703337,0.35,0.02000366703337
95636,2024-01-26,fed,0.9953,b95_100,1316,3556,2240,0.37007874015748,0.35,0.0200787401574803
95640,2024-03-22,fed,0.9918,b95_100,3722,10061,6339,0.369943345591889,0.35,0.0199433455918895
95729,2024-04-23,feeder,0.9972,b95_100,824,1831,1007,0.45002730748225,0.35,0.10002730748225
95735,2024-04-23,feeder,0.9972,b95_100,495,1099,604,0.450409463148317,0.35,0.100409463148317
95765,2023-10-20,fed,0.9765,b95_100,3698,8218,4520,0.449987831589194,0.35,0.0999878315891945
95785,2023-08-24,feeder,0.9941,b95_100,2113,5561,3448,0.379967631720914,0.35,0.0299676317209135
96700,2023-09-25,fed,0.9946,b95_100,0,4931,4931,0,0.35,-0.35
97103,2024-06-17,feeder,0.9949,b95_100,73,164,91,0.445121951219512,0.35,0.0951219512195122
97147,2024-06-17,feeder,0.9568,b95_100,63,139,76,0.453237410071943,0.35,0.103237410071942
97158,2024-02-23,feeder,0.9941,b95_100,2013,4473,2460,0.450033534540577,0.35,0.100033534540577
97159,2024-02-23,feeder,0.9941,b95_100,2214,4921,2707,0.449908555171713,0.35,0.0999085551717131
97161,2024-06-25,feeder,0.9524,b95_100,495,1099,604,0.450409463148317,0.35,0.100409463148317
97196,2024-06-17,feeder,0.9568,b95_100,43,95,52,0.452631578947368,0.35,0.102631578947368
97244,2024-06-17,feeder,0.995,b95_100,108,240,132,0.45,0.35,0.1
97280,2023-09-29,fed,0.9974,b95_100,1413,3140,1727,0.45,0.35,0.1
97741,2024-04-26,feeder,0.9557,b95_100,319,709,390,0.449929478138223,0.35,0.0999294781382229
97750,2024-04-15,feeder,0.964,b95_100,1589,3530,1941,0.45014164305949,0.35,0.10014164305949
97752,2024-04-18,feeder,0.9557,b95_100,427,948,521,0.45042194092827,0.35,0.10042194092827
97792,2024-02-15,feeder,0.998,b95_100,10047,22326,12279,0.450013437248052,0.35,0.100013437248052
97793,2023-12-14,feeder,0.9994,b95_100,12038,37876,25838,0.317826592037174,0.35,-0.032173407962826
98041,2024-06-14,feeder,0.9806,b95_100,173,461,288,0.37527114967462,0.35,0.0252711496746204
98168,2023-08-01,feeder,0.9614,b95_100,149,370,221,0.402702702702703,0.35,0.0527027027027027
98180,2023-08-01,feeder,0.9614,b95_100,181,452,271,0.400442477876106,0.35,0.0504424778761062
98476,2023-07-03,feeder,0.9952,b95_100,562,1248,686,0.450320512820513,0.35,0.100320512820513
98509,2023-09-28,feeder,0.9998,b95_100,1938,4307,2369,0.449965172974228,0.35,0.099965172974228
98510,2024-02-23,feeder,0.9943,b95_100,3069,6819,3750,0.45006599208095,0.35,0.10006599208095
98511,2024-05-01,feeder,0.993,b95_100,0,576,576,0,0.35,-0.35
98512,2024-05-01,feeder,0.993,b95_100,0,524,524,0,0.35,-0.35
98809,2023-10-23,feeder,0.9984,b95_100,0,10186,10186,0,0.35,-0.35
98813,2023-10-23,feeder,0.9984,b95_100,0,3018,3018,0,0.35,-0.35
98871,2024-04-11,feeder,0.9879,b95_100,599,1330,731,0.450375939849624,0.35,0.100375939849624
98888,2024-04-11,feeder,0.9879,b95_100,1011,2246,1235,0.45013357079252,0.35,0.10013357079252
98952,2024-04-25,fed,0.9332,b90_94,699,1398,699,0.5,0.4,0.1
99020,2024-02-01,feeder,0.959,b95_100,1495,3322,1827,0.450030102347983,0.35,0.100030102347983
99069,2023-11-27,feeder,0.9822,b95_100,0,3542,3542,0,0.35,-0.35
99074,2023-11-27,feeder,0.9822,b95_100,0,3220,3220,0,0.35,-0.35
99127,2023-08-07,fed,0.9908,b95_100,4424,9831,5407,0.450005085952599,0.35,0.100005085952599
99130,2023-08-07,fed,0.9928,b95_100,6237,13859,7622,0.450032469875171,0.35,0.100032469875171
99652,2023-11-13,feeder,0.9473,b90_94,399,925,526,0.431351351351351,0.4,0.0313513513513513
99654,2023-11-13,feeder,0.9473,b90_94,263,629,366,0.4181240063593,0.4,0.0181240063593004
99806,2024-01-03,feeder,0.9421,b90_94,513,1025,512,0.500487804878049,0.4,0.100487804878049
99820,2024-04-23,feeder,0.9928,b95_100,0,3363,3363,0,0.35,-0.35
99825,2023-08-15,feeder,0.9952,b95_100,0,2487,2487,0,0.35,-0.35
99873,2023-07-25,feeder,0.9985,b95_100,418,929,511,0.44994617868676,0.35,0.09994617868676
99876,2023-07-25,feeder,0.9985,b95_100,629,1398,769,0.449928469241774,0.35,0.099928469241774
99969,2023-08-07,feeder,0.9958,b95_100,6969,15485,8516,0.450048433968357,0.35,0.100048433968357
99973,2023-09-18,feeder,0.9995,b95_100,7329,17588,10259,0.416704571298613,0.35,0.0667045712986127
100169,2023-11-29,feeder,0.9988,b95_100,1273,2829,1556,0.449982325910216,0.35,0.0999823259102157
100170,2024-05-01,feeder,0.9974,b95_100,411,913,502,0.450164293537788,0.35,0.100164293537788
100171,2023-11-30,feeder,0.9974,b95_100,4209,9354,5145,0.449967928159076,0.35,0.0999679281590763
100173,2024-04-15,feeder,0.9933,b95_100,369,819,450,0.450549450549451,0.35,0.100549450549451
100178,2023-12-13,feeder,0.9917,b95_100,3626,8058,4432,0.449987589972698,0.35,0.099987589972698
100181,2024-04-22,feeder,0.9936,b95_100,525,1165,640,0.450643776824034,0.35,0.100643776824034
100182,2023-12-12,feeder,0.9939,b95_100,550,1224,674,0.449346405228758,0.35,0.0993464052287582
100183,2024-04-16,feeder,0.9989,b95_100,647,1437,790,0.450243562978427,0.35,0.100243562978427
100184,2023-11-27,feeder,0.9986,b95_100,3356,7457,4101,0.450046935765053,0.35,0.100046935765053
100186,2024-04-11,feeder,0.9959,b95_100,210,467,257,0.449678800856531,0.35,0.0996788008565311
100188,2024-04-11,feeder,0.9959,b95_100,908,2017,1109,0.450173525037184,0.35,0.100173525037184
100191,2024-04-17,feeder,0.9922,b95_100,1117,2484,1367,0.449677938808374,0.35,0.0996779388083736
100192,2024-04-03,feeder,0.9962,b95_100,6931,15402,8471,0.45000649266329,0.35,0.10000649266329
100194,2024-04-17,feeder,0.9922,b95_100,320,712,392,0.449438202247191,0.35,0.099438202247191
100248,2023-10-05,feeder,0.9268,b90_94,683,1366,683,0.5,0.4,0.1
100256,2023-07-14,feeder,0.9984,b95_100,118,264,146,0.446969696969697,0.35,0.096969696969697
100258,2023-08-03,feeder,0.9995,b95_100,277,615,338,0.450406504065041,0.35,0.100406504065041
100259,2023-07-07,feeder,0.9976,b95_100,224,497,273,0.450704225352113,0.35,0.100704225352113
100260,2023-07-07,feeder,0.9976,b95_100,246,546,300,0.450549450549451,0.35,0.100549450549451
100261,2023-07-14,feeder,0.9984,b95_100,108,240,132,0.45,0.35,0.1
100262,2024-05-28,feeder,0.9991,b95_100,257,572,315,0.449300699300699,0.35,0.0993006993006994
100264,2023-08-01,feeder,0.993,b95_100,435,967,532,0.449844881075491,0.35,0.0998448810754912
100265,2024-05-28,feeder,0.999,b95_100,234,520,286,0.45,0.35,0.1
100268,2023-08-01,feeder,0.993,b95_100,478,1063,585,0.44967074317968,0.35,0.0996707431796802
100444,2023-09-07,feeder,0.9897,b95_100,1693,3764,2071,0.449787460148778,0.35,0.0997874601487779
100452,2024-02-23,feeder,0.9979,b95_100,1869,4154,2285,0.449927780452576,0.35,0.0999277804525758
100463,2024-03-27,feeder,0.9934,b95_100,912,2025,1113,0.45037037037037,0.35,0.10037037037037
100469,2024-04-24,feeder,0.9233,b90_94,633,1265,632,0.500395256916996,0.4,0.100395256916996
100484,2024-04-16,feeder,0.9932,b95_100,500,1111,611,0.45004500450045,0.35,0.10004500450045
100486,2024-03-22,feeder,0.9294,b90_94,260,519,259,0.500963391136802,0.4,0.100963391136802
100500,2024-06-07,feeder,0.9693,b95_100,88,195,107,0.451282051282051,0.35,0.101282051282051
100503,2024-06-07,feeder,0.9693,b95_100,125,276,151,0.452898550724638,0.35,0.102898550724638
100597,2024-05-24,feeder,0.9551,b95_100,625,1388,763,0.45028818443804,0.35,0.10028818443804
100599,2023-12-28,feeder,0.9981,b95_100,1525,3389,1864,0.449985246385364,0.35,0.0999852463853644
100735,2024-06-11,feeder,0.9957,b95_100,0,814,814,0,0.35,-0.35
100796,2024-05-22,feeder,0.9936,b95_100,222,493,271,0.450304259634888,0.35,0.100304259634888
100797,2024-03-01,feeder,0.9982,b95_100,2087,5167,3080,0.403909425198374,0.35,0.0539094251983743
100979,2023-10-20,fed,0.9977,b95_100,9606,35173,25567,0.273107212919,0.35,-0.0768927870809996
100993,2024-02-26,feeder,0.998,b95_100,0,62379,62379,0,0.35,-0.35
101000,2024-01-31,feeder,0.9972,b95_100,0,150751,150751,0,0.35,-0.35
101005,2023-09-11,feeder,0.9999,b95_100,0,37590,37590,0,0.35,-0.35
101081,2024-02-01,feeder,0.9969,b95_100,6814,15144,8330,0.449947173798204,0.35,0.099947173798204
101085,2024-05-02,feeder,0.9952,b95_100,2071,4602,2531,0.450021729682747,0.35,0.100021729682747
101088,2024-03-20,feeder,0.9978,b95_100,2971,6604,3633,0.449878861296184,0.35,0.0998788612961842
101090,2024-04-19,feeder,0.9983,b95_100,1286,2856,1570,0.450280112044818,0.35,0.100280112044818
101093,2024-02-26,feeder,0.998,b95_100,6238,13862,7624,0.450007213966239,0.35,0.100007213966239
101098,2024-01-16,feeder,0.9923,b95_100,3259,7242,3983,0.450013808340238,0.35,0.100013808340238
101106,2024-02-20,feeder,0.9975,b95_100,9519,25339,15820,0.375665969454201,0.35,0.0256659694542011
101108,2024-01-30,feeder,0.9955,b95_100,3501,7779,4278,0.450057848052449,0.35,0.100057848052449
101115,2024-05-14,feeder,0.9935,b95_100,1644,3654,2010,0.44991789819376,0.35,0.0999178981937603
101122,2024-01-25,feeder,0.9977,b95_100,11133,28524,17391,0.390302902818679,0.35,0.040302902818679
101124,2024-04-24,feeder,0.9942,b95_100,18090,44763,26673,0.40412840962402,0.35,0.0541284096240199
101125,2024-02-23,feeder,0.9943,b95_100,8271,21671,13400,0.381662129112639,0.35,0.0316621291126391
101131,2024-03-12,feeder,0.9983,b95_100,1130,2512,1382,0.44984076433121,0.35,0.0998407643312102
101137,2024-04-19,feeder,0.9964,b95_100,3321,8898,5577,0.373229939312205,0.35,0.023229939312205
101143,2024-03-28,feeder,0.9972,b95_100,3297,8716,5419,0.378269848554383,0.35,0.0282698485543828
101154,2023-11-29,feeder,0.9998,b95_100,0,74031,74031,0,0.35,-0.35
101188,2024-12-30,feeder,1,b95_100,401,891,490,0.450056116722783,0.35,0.100056116722783
101189,2024-12-30,feeder,1,b95_100,602,1337,735,0.450261780104712,0.35,0.100261780104712
101283,2024-08-14,feeder,1,b95_100,0,4420,4420,0,0.35,-0.35
101800,2024-09-23,feeder,1,b95_100,0,1866,1866,0,0.35,-0.35
101806,2024-09-23,feeder,1,b95_100,0,1389,1389,0,0.35,-0.35
102886,2024-07-23,feeder,1,b95_100,723,1606,883,0.450186799501868,0.35,0.100186799501868
102895,2024-07-23,feeder,1,b95_100,2187,5711,3524,0.382945193486255,0.35,0.0329451934862546
103197,2024-12-09,feeder,0.9,b90_94,6,16,10,0.375,0.4,-0.025
103765,2024-12-18,feeder,1,b95_100,7239,16087,8848,0.449990675700876,0.35,0.0999906757008765
103777,2024-10-09,feeder,1,b95_100,492,1093,601,0.450137236962489,0.35,0.100137236962489
103797,2024-10-09,feeder,1,b95_100,3474,7719,4245,0.450058297706957,0.35,0.100058297706957
103827,2024-12-23,feeder,1,b95_100,0,465,465,0,0.35,-0.35
103829,2024-12-23,feeder,1,b95_100,0,281,281,0,0.35,-0.35
103856,2024-12-23,feeder,1,b95_100,0,309,309,0,0.35,-0.35
103882,2024-12-23,feeder,1,b95_100,0,1081,1081,0,0.35,-0.35
103957,2024-09-10,feeder,1,b95_100,2012,4472,2460,0.449910554561717,0.35,0.0999105545617174
103961,2024-09-10,feeder,1,b95_100,116,256,140,0.453125,0.35,0.103125
104049,2024-07-18,feeder,1,b95_100,252,559,307,0.450805008944544,0.35,0.100805008944544
104051,2024-07-18,feeder,0.96,b95_100,152,337,185,0.451038575667656,0.35,0.101038575667656
104620,2024-11-15,feeder,1,b95_100,6742,14982,8240,0.450006674676278,0.35,0.100006674676278
104633,2024-10-30,feeder,1,b95_100,6764,15031,8267,0.450003326458652,0.35,0.100003326458652
104987,2024-09-03,feeder,1,b95_100,0,3433,3433,0,0.35,-0.35
104992,2024-09-03,feeder,1,b95_100,0,2281,2281,0,0.35,-0.35
105611,2024-08-28,feeder,0.95,b95_100,124,310,186,0.4,0.35,0.05
105612,2024-08-28,feeder,0.95,b95_100,112,282,170,0.397163120567376,0.35,0.0471631205673759
105666,2024-08-26,feeder,1,b95_100,0,11498,11498,0,0.35,-0.35
105671,2024-07-08,feeder,1,b95_100,0,984,984,0,0.35,-0.35
105674,2024-10-07,feeder,1,b95_100,0,1877,1877,0,0.35,-0.35
105680,2024-12-18,feeder,1,b95_100,0,2294,2294,0,0.35,-0.35
105682,2024-09-24,feeder,1,b95_100,0,737,737,0,0.35,-0.35
105689,2024-08-12,fed,1,b95_100,428,952,524,0.449579831932773,0.35,0.0995798319327731
105690,2024-08-12,fed,1,b95_100,728,1617,889,0.45021645021645,0.35,0.10021645021645
105697,2024-08-12,fed,1,b95_100,486,1079,593,0.450417052826691,0.35,0.100417052826691
105698,2024-10-29,fed,1,b95_100,0,10481,10481,0,0.35,-0.35
105980,2024-12-16,feeder,1,b95_100,13,36,23,0.361111111111111,0.35,0.0111111111111111
105982,2024-12-18,feeder,1,b95_100,13,36,23,0.361111111111111,0.35,0.0111111111111111
106227,2024-07-11,fed,0.95,b95_100,617,1540,923,0.400649350649351,0.35,0.0506493506493507
106665,2024-12-02,feeder,1,b95_100,1450,3223,1773,0.449891405522805,0.35,0.0998914055228049
106819,2024-10-15,feeder,0.9,b90_94,16,39,23,0.41025641025641,0.4,0.0102564102564102
106941,2024-08-19,feeder,1,b95_100,833,1850,1017,0.45027027027027,0.35,0.10027027027027
106950,2024-08-19,feeder,1,b95_100,392,870,478,0.450574712643678,0.35,0.100574712643678
106993,2024-12-11,fed,1,b95_100,1362,3027,1665,0.449950445986125,0.35,0.0999504459861249
107140,2024-09-11,fed,0.97,b95_100,1729,3842,2113,0.450026028110359,0.35,0.100026028110359
107263,2024-11-08,feeder,0.95,b95_100,118,264,146,0.446969696969697,0.35,0.096969696969697
107525,2024-08-05,feeder,1,b95_100,703,1562,859,0.450064020486556,0.35,0.100064020486556
107760,2024-09-27,fed,1,b95_100,7623,16941,9318,0.449973437223304,0.35,0.0999734372233044
107761,2024-07-26,fed,1,b95_100,9665,21478,11813,0.449995344073005,0.35,0.099995344073005
107770,2024-09-23,feeder,1,b95_100,4902,10894,5992,0.449972461905636,0.35,0.0999724619056361
107799,2024-10-18,feeder,1,b95_100,2058,4574,2516,0.44993441189331,0.35,0.09993441189331
107858,2024-12-11,fed,0.925,b90_94,255,510,255,0.5,0.4,0.1
108561,2024-10-09,fed,1,b95_100,0,1041,1041,0,0.35,-0.35
108634,2024-10-22,fed,1,b95_100,0,8100,8100,0,0.35,-0.35
108651,2024-11-12,feeder,1,b95_100,0,2269,2269,0,0.35,-0.35
108697,2024-12-02,feeder,1,b95_100,0,1141,1141,0,0.35,-0.35
108708,2024-12-02,feeder,1,b95_100,0,1395,1395,0,0.35,-0.35
108725,2024-11-12,feeder,1,b95_100,0,2042,2042,0,0.35,-0.35
108898,2024-08-05,feeder,1,b95_100,530,1177,647,0.450297366185217,0.35,0.100297366185217
108945,2024-08-02,feeder,1,b95_100,813,1805,992,0.450415512465374,0.35,0.100415512465374
108984,2024-08-05,feeder,1,b95_100,419,930,511,0.450537634408602,0.35,0.100537634408602
109008,2024-08-02,feeder,1,b95_100,1029,2286,1257,0.450131233595801,0.35,0.100131233595801
109019,2024-09-30,feeder,1,b95_100,3150,6999,3849,0.450064294899271,0.35,0.100064294899271
109023,2024-09-30,feeder,1,b95_100,4789,10642,5853,0.450009396729938,0.35,0.100009396729938
109078,2024-12-18,feeder,1,b95_100,2148,5853,3705,0.366991286519733,0.35,0.0169912865197335
109218,2024-07-22,feeder,0.925,b90_94,48,96,48,0.5,0.4,0.1
109425,2024-08-12,feeder,0.98,b95_100,0,9567,9567,0,0.35,-0.35
109433,2024-09-23,feeder,1,b95_100,2024,4496,2472,0.450177935943061,0.35,0.100177935943061
109470,2024-08-05,feeder,1,b95_100,505,1123,618,0.449688334817453,0.35,0.0996883348174533
109547,2024-08-30,fed,1,b95_100,5730,12734,7004,0.44997644102403,0.35,0.0999764410240302
109563,2024-11-25,fed,1,b95_100,3276,7280,4004,0.45,0.35,0.1
109569,2024-12-11,fed,1,b95_100,2990,6648,3658,0.449759326113117,0.35,0.0997593261131168
109572,2024-11-25,fed,1,b95_100,2552,5670,3118,0.450088183421517,0.35,0.100088183421517
109671,2024-12-18,feeder,1,b95_100,861,1914,1053,0.449843260188088,0.35,0.0998432601880878
109675,2024-11-26,feeder,1,b95_100,968,2152,1184,0.449814126394052,0.35,0.0998141263940521
109737,2024-11-26,feeder,1,b95_100,3417,8542,5125,0.40002341372044,0.35,0.0500234137204402
109827,2024-12-12,feeder,1,b95_100,190,424,234,0.44811320754717,0.35,0.0981132075471698
110140,2024-11-18,feeder,1,b95_100,19195,42655,23460,0.450005860977611,0.35,0.100005860977611
110172,2024-08-01,feeder,1,b95_100,11877,26394,14517,0.449988633780405,0.35,0.0999886337804047
110190,2024-10-30,feeder,1,b95_100,6023,47136,41113,0.127779192124915,0.35,-0.222220807875085
110219,2024-10-29,feeder,1,b95_100,0,15323,15323,0,0.35,-0.35
110241,2024-10-11,feeder,1,b95_100,12086,26856,14770,0.450029788501638,0.35,0.100029788501638
110331,2024-10-28,feeder,1,b95_100,5702,31953,26251,0.178449597846838,0.35,-0.171550402153162
110345,2024-12-19,feeder,1,b95_100,174315,473554,299239,0.368099519801332,0.35,0.0180995198013321
110999,2024-10-23,feeder,1,b95_100,5155,11454,6299,0.450061114021303,0.35,0.100061114021303
111124,2024-08-16,fed,1,b95_100,3205,7123,3918,0.449950863400253,0.35,0.0999508634002527
111363,2024-12-23,feeder,1,b95_100,120,265,145,0.452830188679245,0.35,0.102830188679245
111377,2024-10-09,feeder,1,b95_100,332,866,534,0.38337182448037,0.35,0.0333718244803695
111400,2024-12-23,feeder,1,b95_100,126,281,155,0.448398576512456,0.35,0.0983985765124555
111419,2024-10-09,feeder,1,b95_100,1053,2742,1689,0.384026258205689,0.35,0.0340262582056893
111969,2024-11-25,feeder,1,b95_100,734,1954,1220,0.375639713408393,0.35,0.0256397134083931
112471,2024-10-23,feeder,0.925,b90_94,191,383,192,0.498694516971279,0.4,0.0986945169712793
112473,2024-08-26,feeder,0.95,b95_100,586,1303,717,0.449731389102072,0.35,0.0997313891020722
112475,2024-10-07,feeder,0.96,b95_100,424,942,518,0.450106157112527,0.35,0.100106157112527
112483,2024-10-07,feeder,0.96,b95_100,11,30,19,0.366666666666667,0.35,0.0166666666666667
112490,2024-12-27,feeder,0.875,b85_89,13,28,15,0.464285714285714,0.45,0.0142857142857143
112591,2024-10-18,feeder,1,b95_100,3232,33854,30622,0.095468777692444,0.35,-0.254531222307556
112650,2024-11-27,feeder,0.75,b70_79,4,7,3,0.571428571428571,0.55,0.0214285714285714
112681,2024-10-18,feeder,1,b95_100,0,9696,9696,0,0.35,-0.35
112684,2024-10-18,feeder,1,b95_100,0,12069,12069,0,0.35,-0.35
112780,2024-11-25,feeder,0.97,b95_100,0,2714,2714,0,0.35,-0.35
112887,2024-11-05,feeder,1,b95_100,18,50,32,0.36,0.35,0.01
112979,2024-07-02,feeder,1,b95_100,3020,6711,3691,0.450007450454478,0.35,0.100007450454478
113004,2024-11-04,feeder,1,b95_100,6286,13968,7682,0.450028636884307,0.35,0.100028636884307
113058,2024-10-28,fed,1,b95_100,3959,8797,4838,0.450039786290781,0.35,0.100039786290781
113150,2024-10-04,fed,1,b95_100,8926,19835,10909,0.450012603982859,0.35,0.100012603982859
113460,2024-12-18,feeder,1,b95_100,615,3514,2899,0.175014228799089,0.35,-0.174985771200911
114097,2024-10-16,feeder,0.99,b95_100,143,317,174,0.451104100946372,0.35,0.101104100946372
114112,2024-10-16,feeder,0.98,b95_100,744,1941,1197,0.383307573415765,0.35,0.0333075734157651
114209,2024-08-06,feeder,1,b95_100,2109,4685,2576,0.450160085378869,0.35,0.100160085378869
114214,2024-08-26,feeder,0.98,b95_100,0,1960,1960,0,0.35,-0.35
114232,2024-08-26,feeder,0.98,b95_100,0,2190,2190,0,0.35,-0.35
114233,2024-08-20,feeder,1,b95_100,851,1892,1041,0.449788583509514,0.35,0.0997885835095138
114236,2024-08-09,feeder,1,b95_100,1115,2476,1361,0.45032310177706,0.35,0.10032310177706
114303,2024-10-01,feeder,1,b95_100,1785,3966,2181,0.450075642965204,0.35,0.100075642965204
114915,2024-08-05,feeder,0.98,b95_100,465,1034,569,0.449709864603482,0.35,0.0997098646034816
114998,2024-11-14,feeder,0.96,b95_100,1331,3476,2145,0.382911392405063,0.35,0.0329113924050633
115071,2024-11-21,feeder,0.97,b95_100,1482,3867,2385,0.383242823894492,0.35,0.0332428238944919
115215,2024-08-14,feeder,0.9,b90_94,14,36,22,0.388888888888889,0.4,-0.0111111111111111
115462,2024-11-01,feeder,1,b95_100,3172,7550,4378,0.420132450331126,0.35,0.0701324503311259
115489,2024-11-01,feeder,1,b95_100,3524,8389,4865,0.420073906305877,0.35,0.0700739063058768
115510,2024-08-13,feeder,1,b95_100,3732,8294,4562,0.449963829274174,0.35,0.0999638292741741
115535,2024-11-27,feeder,1,b95_100,199,444,245,0.448198198198198,0.35,0.0981981981981982
115564,2024-09-03,feeder,1,b95_100,707,1572,865,0.449745547073791,0.35,0.0997455470737913
115677,2024-12-11,feeder,0.96,b95_100,2577,5727,3150,0.449973808276585,0.35,0.0999738082765846
115748,2024-09-05,feeder,1,b95_100,2790,6200,3410,0.45,0.35,0.1
115754,2024-07-30,feeder,1,b95_100,7831,20609,12778,0.379979620554127,0.35,0.0299796205541268
116237,2024-09-19,feeder,1,b95_100,0,5158,5158,0,0.35,-0.35
116253,2024-09-19,feeder,1,b95_100,0,710,710,0,0.35,-0.35
116256,2024-07-23,feeder,1,b95_100,926,2056,1130,0.450389105058366,0.35,0.100389105058366
116276,2024-07-23,feeder,1,b95_100,2350,5222,2872,0.450019149751053,0.35,0.100019149751053
116278,2024-10-02,feeder,1,b95_100,355,789,434,0.449936628643853,0.35,0.099936628643853
116320,2024-12-10,feeder,1,b95_100,3050,6777,3727,0.450051645270769,0.35,0.100051645270769
116327,2024-12-26,feeder,1,b95_100,2230,4955,2725,0.450050454086781,0.35,0.100050454086781
116366,2024-09-17,feeder,1,b95_100,1781,3958,2177,0.449974734714502,0.35,0.0999747347145023
116368,2024-12-02,feeder,1,b95_100,422,938,516,0.449893390191898,0.35,0.0998933901918977
116372,2024-07-22,feeder,1,b95_100,14565,32365,17800,0.450023173180905,0.35,0.100023173180905
116388,2024-12-17,feeder,1,b95_100,4954,11008,6054,0.450036337209302,0.35,0.100036337209302
116403,2024-12-31,feeder,1,b95_100,465,1034,569,0.449709864603482,0.35,0.0997098646034816
116448,2024-09-03,feeder,1,b95_100,0,6584,6584,0,0.35,-0.35
116450,2024-09-03,feeder,1,b95_100,0,7315,7315,0,0.35,-0.35
116616,2024-10-16,feeder,0.99,b95_100,1020,2266,1246,0.450132391879965,0.35,0.100132391879965
116779,2024-08-19,feeder,0.98,b95_100,986,2190,1204,0.450228310502283,0.35,0.100228310502283
117135,2024-12-30,feeder,1,b95_100,210,465,255,0.451612903225806,0.35,0.101612903225806
117373,2024-08-05,feeder,1,b95_100,938,2405,1467,0.39002079002079,0.35,0.0400207900207901
117394,2024-08-05,feeder,1,b95_100,1112,2851,1739,0.39003858295335,0.35,0.0400385829533497
117491,2024-09-03,fed,1,b95_100,1515,3366,1851,0.450089126559715,0.35,0.100089126559715
117749,2024-12-13,feeder,1,b95_100,338,750,412,0.450666666666667,0.35,0.100666666666667
117803,2024-12-05,feeder,1,b95_100,773,1716,943,0.450466200466201,0.35,0.1004662004662
117809,2024-12-03,feeder,1,b95_100,804,1787,983,0.449916060436486,0.35,0.0999160604364858
117812,2024-12-05,feeder,1,b95_100,654,1453,799,0.450103234686855,0.35,0.100103234686855
117829,2024-12-11,feeder,1,b95_100,559,1243,684,0.449718423169751,0.35,0.0997184231697506
118290,2024-09-19,feeder,0.98,b95_100,648,3704,3056,0.174946004319654,0.35,-0.175053995680346
119307,2024-08-21,feeder,1,b95_100,1448,3216,1768,0.450248756218906,0.35,0.100248756218906
119316,2024-08-21,feeder,1,b95_100,1837,4083,2246,0.44991427871663,0.35,0.0999142787166299
119317,2024-07-03,feeder,1,b95_100,615,1365,750,0.450549450549451,0.35,0.100549450549451
119952,2024-10-11,feeder,0.97,b95_100,91,203,112,0.448275862068966,0.35,0.0982758620689656
120022,2024-12-16,fed,1,b95_100,0,5667,5667,0,0.35,-0.35
120141,2024-07-17,fed,1,b95_100,2085,4633,2548,0.450032376429959,0.35,0.100032376429959
120143,2024-07-17,fed,1,b95_100,512,1136,624,0.450704225352113,0.35,0.100704225352113
120151,2024-11-25,fed,1,b95_100,2611,5803,3192,0.449939686369119,0.35,0.0999396863691194
120152,2024-12-18,fed,1,b95_100,647,1438,791,0.449930458970793,0.35,0.0999304589707928
120708,2024-09-04,fed,1,b95_100,3609,8019,4410,0.450056116722783,0.35,0.100056116722783
120897,2024-12-23,feeder,0.9,b90_94,2249,5479,3230,0.410476364300055,0.4,0.0104763643000547
121101,2024-12-16,feeder,1,b95_100,407,1099,692,0.370336669699727,0.35,0.020336669699727
121389,2024-10-08,fed,1,b95_100,3739,8308,4569,0.450048146364949,0.35,0.100048146364949
121643,2024-12-11,feeder,1,b95_100,1157,2892,1735,0.400069156293223,0.35,0.0500691562932227
121644,2024-09-11,feeder,1,b95_100,764,1917,1153,0.398539384454877,0.35,0.0485393844548774
122485,2024-12-13,feeder,1,b95_100,0,750,750,0,0.35,-0.35
122494,2024-12-13,feeder,1,b95_100,0,1060,1060,0,0.35,-0.35
123225,2024-12-23,feeder,1,b95_100,1352,11437,10085,0.118212818046691,0.35,-0.231787181953309
123326,2024-08-26,feeder,1,b95_100,1301,2892,1591,0.449861687413555,0.35,0.0998616874135547
123341,2024-08-26,feeder,1,b95_100,1988,4417,2429,0.450079239302694,0.35,0.100079239302694
123716,2024-12-12,feeder,1,b95_100,412,915,503,0.450273224043716,0.35,0.100273224043716
124360,2024-09-16,feeder,0.99,b95_100,1714,3809,2095,0.449986873195064,0.35,0.0999868731950643
124402,2024-10-07,feeder,1,b95_100,2454,5454,3000,0.44994499449945,0.35,0.09994499449945
124407,2024-09-10,feeder,1,b95_100,4090,10373,6283,0.394292875735081,0.35,0.0442928757350815
124412,2024-09-10,feeder,1,b95_100,921,2045,1124,0.450366748166259,0.35,0.100366748166259
124451,2024-10-18,feeder,0.99,b95_100,2858,6350,3492,0.45007874015748,0.35,0.10007874015748
124474,2024-12-09,feeder,0.99,b95_100,4684,11357,6673,0.412432860790702,0.35,0.0624328607907018
125196,2024-07-03,feeder,1,b95_100,883,1964,1081,0.44959266802444,0.35,0.09959266802444
125199,2024-07-03,feeder,1,b95_100,952,2115,1163,0.450118203309693,0.35,0.100118203309693
125200,2024-07-03,feeder,1,b95_100,1047,2327,1280,0.449935539321014,0.35,0.0999355393210142
125204,2024-07-03,feeder,1,b95_100,972,2160,1188,0.45,0.35,0.1
125291,2024-10-29,feeder,1,b95_100,1950,4333,2383,0.450034618047542,0.35,0.100034618047542
125300,2024-10-29,feeder,1,b95_100,1202,2670,1468,0.450187265917603,0.35,0.100187265917603
125647,2024-08-06,feeder,1,b95_100,5120,11378,6258,0.449991211109158,0.35,0.099991211109158
125656,2024-08-06,feeder,1,b95_100,1124,2496,1372,0.450320512820513,0.35,0.100320512820513
125680,2024-11-25,feeder,1,b95_100,24296,53991,29695,0.450000926080273,0.35,0.100000926080273
126362,2024-07-23,feeder,0.8,b80_84,15,29,14,0.517241379310345,0.5,0.0172413793103449
126414,2024-07-18,feeder,0.96,b95_100,455,1010,555,0.450495049504951,0.35,0.100495049504951
126438,2024-07-18,feeder,1,b95_100,1006,2235,1229,0.450111856823266,0.35,0.100111856823266
126528,2024-12-19,feeder,1,b95_100,11678,29194,17516,0.400013701445503,0.35,0.0500137014455025
126532,2024-09-23,feeder,1,b95_100,555,1423,868,0.390021082220661,0.35,0.0400210822206606
126539,2024-12-19,feeder,1,b95_100,5712,14278,8566,0.400056030256338,0.35,0.0500560302563384
126572,2024-09-12,feeder,1,b95_100,709,1770,1061,0.400564971751412,0.35,0.0505649717514125
126586,2024-12-19,feeder,1,b95_100,2043,5106,3063,0.400117508813161,0.35,0.050117508813161
126590,2024-12-19,feeder,1,b95_100,4032,10078,6046,0.40007938082953,0.35,0.0500793808295297
126591,2024-10-07,feeder,1,b95_100,810,1800,990,0.45,0.35,0.1
126592,2024-09-18,feeder,1,b95_100,823,2056,1233,0.400291828793774,0.35,0.0502918287937744
126605,2024-10-22,feeder,1,b95_100,638,1416,778,0.450564971751413,0.35,0.100564971751412
126616,2024-12-19,feeder,1,b95_100,960,2402,1442,0.399666944213156,0.35,0.0496669442131557
126997,2024-12-26,feeder,1,b95_100,260,576,316,0.451388888888889,0.35,0.101388888888889
127031,2024-07-03,feeder,1,b95_100,399,885,486,0.450847457627119,0.35,0.100847457627119
127054,2024-11-21,feeder,1,b95_100,262,584,322,0.448630136986301,0.35,0.0986301369863014
127057,2024-08-05,feeder,0.99,b95_100,368,817,449,0.450428396572827,0.35,0.100428396572827
127100,2024-12-27,feeder,1,b95_100,314,698,384,0.449856733524355,0.35,0.0998567335243553
127156,2024-12-26,feeder,1,b95_100,388,864,476,0.449074074074074,0.35,0.0990740740740741
127497,2024-12-18,feeder,1,b95_100,1112,2471,1359,0.450020234722784,0.35,0.100020234722784
127664,2024-09-23,feeder,1,b95_100,483,1073,590,0.450139794967381,0.35,0.100139794967381
128019,2024-09-23,fed,1,b95_100,891,1981,1090,0.44977284199899,0.35,0.0997728419989904
128141,2024-12-19,feeder,0.97,b95_100,705,1567,862,0.449904275686024,0.35,0.0999042756860243
128323,2024-09-27,feeder,1,b95_100,3898,8662,4764,0.450011544677904,0.35,0.100011544677904
128442,2024-10-31,feeder,0.98,b95_100,1074,2387,1313,0.449937159614579,0.35,0.099937159614579
128456,2024-11-06,feeder,0.98,b95_100,850,1888,1038,0.45021186440678,0.35,0.10021186440678
128513,2024-12-10,feeder,1,b95_100,1340,3528,2188,0.379818594104308,0.35,0.0298185941043084
128523,2024-12-10,feeder,1,b95_100,727,1959,1232,0.371107708014293,0.35,0.021107708014293
128621,2024-08-20,feeder,0.95,b95_100,0,1051,1051,0,0.35,-0.35
128627,2024-10-30,feeder,1,b95_100,0,9951,9951,0,0.35,-0.35
128678,2024-08-20,feeder,0.95,b95_100,0,675,675,0,0.35,-0.35
128692,2024-12-30,feeder,1,b95_100,0,10948,10948,0,0.35,-0.35
128870,2024-11-12,feeder,0.95,b95_100,46,103,57,0.446601941747573,0.35,0.0966019417475729
128898,2024-11-20,feeder,1,b95_100,4142,11161,7019,0.371113699489293,0.35,0.0211136994892931
128923,2024-11-12,feeder,0.95,b95_100,171,379,208,0.451187335092348,0.35,0.101187335092348
129155,2024-12-05,feeder,1,b95_100,1742,3870,2128,0.450129198966408,0.35,0.100129198966408
129323,2024-12-31,feeder,1,b95_100,2346,6289,3943,0.373032278581651,0.35,0.0230322785816505
129564,2024-11-25,feeder,1,b95_100,6160,16427,10267,0.37499239057649,0.35,0.0249923905764899
129910,2024-10-24,feeder,1,b95_100,1295,2876,1581,0.450278164116829,0.35,0.100278164116829
129932,2024-11-04,feeder,1,b95_100,1929,4287,2358,0.449965010496851,0.35,0.099965010496851
130292,2024-11-27,feeder,1,b95_100,0,1966,1966,0,0.35,-0.35
130814,2024-08-06,feeder,1,b95_100,693,1541,848,0.449707981829981,0.35,0.0997079818299805
130825,2024-08-06,feeder,1,b95_100,197,438,241,0.449771689497717,0.35,0.0997716894977169
130973,2024-12-11,feeder,1,b95_100,1482,5503,4021,0.269307650372524,0.35,-0.0806923496274759
131371,2024-08-22,fed,1,b95_100,174,385,211,0.451948051948052,0.35,0.101948051948052
132107,2024-12-31,feeder,1,b95_100,3280,8198,4918,0.400097584776775,0.35,0.0500975847767748
132168,2024-10-28,feeder,1,b95_100,0,119596,119596,0,0.35,-0.35
132209,2024-10-28,feeder,1,b95_100,0,85399,85399,0,0.35,-0.35
132754,2024-11-25,feeder,0.98,b95_100,0,5308,5308,0,0.35,-0.35
133085,2024-11-20,feeder,1,b95_100,18,50,32,0.36,0.35,0.01
133450,2024-08-07,feeder,1,b95_100,713,1780,1067,0.400561797752809,0.35,0.050561797752809
133463,2024-08-07,feeder,1,b95_100,750,1876,1126,0.399786780383795,0.35,0.0497867803837953
133498,2024-09-24,feeder,1,b95_100,478,1196,718,0.399665551839465,0.35,0.0496655518394649
133503,2024-09-24,feeder,1,b95_100,540,1350,810,0.4,0.35,0.05
133915,2024-11-18,feeder,1,b95_100,1209,2687,1478,0.449944175660588,0.35,0.0999441756605881
133923,2024-10-24,feeder,1,b95_100,976,2438,1462,0.400328137817884,0.35,0.0503281378178835
133950,2024-11-26,feeder,1,b95_100,441,980,539,0.45,0.35,0.1
134006,2024-10-01,feeder,1,b95_100,1681,4544,2863,0.36993838028169,0.35,0.0199383802816902
134083,2024-10-30,feeder,1,b95_100,1239,3096,1857,0.400193798449612,0.35,0.0501937984496124
134106,2024-10-30,feeder,1,b95_100,1376,3440,2064,0.4,0.35,0.05
134182,2024-11-18,feeder,0.99,b95_100,3540,7866,4326,0.450038138825324,0.35,0.100038138825324
134265,2024-12-09,feeder,0.98,b95_100,1746,3878,2132,0.450232078390923,0.35,0.100232078390923
134282,2024-12-18,feeder,0.98,b95_100,1510,3354,1844,0.45020870602266,0.35,0.10020870602266
134468,2024-08-07,feeder,1,b95_100,450,1126,676,0.399644760213144,0.35,0.0496447602131439
134478,2024-08-07,feeder,1,b95_100,192,482,290,0.398340248962656,0.35,0.0483402489626556
134499,2024-07-01,feeder,1,b95_100,3674,9929,6255,0.370027193070803,0.35,0.0200271930708027
134558,2024-07-01,feeder,1,b95_100,6167,16947,10780,0.36389921520033,0.35,0.0138992152003304
134599,2024-10-10,feeder,1,b95_100,868,1928,1060,0.450207468879668,0.35,0.100207468879668
134614,2024-10-10,feeder,1,b95_100,964,2143,1179,0.44983667755483,0.35,0.0998366775548297
134685,2024-07-03,feeder,1,b95_100,0,2405,2405,0,0.35,-0.35
134767,2024-07-03,feeder,1,b95_100,1364,6061,4697,0.225045372050817,0.35,-0.124954627949183
134968,2024-07-09,feeder,1,b95_100,0,1364,1364,0,0.35,-0.35
134980,2024-07-15,feeder,1,b95_100,2003,5114,3111,0.391669925694173,0.35,0.0416699256941729
135023,2024-07-09,feeder,1,b95_100,0,1501,1501,0,0.35,-0.35
135099,2024-12-30,feeder,1,b95_100,0,9876,9876,0,0.35,-0.35
135122,2024-07-03,feeder,1,b95_100,0,459,459,0,0.35,-0.35
135138,2024-07-03,feeder,1,b95_100,0,529,529,0,0.35,-0.35
135292,2024-12-26,feeder,1,b95_100,2056,4568,2512,0.450087565674256,0.35,0.100087565674256
135361,2024-12-26,feeder,1,b95_100,882,1961,1079,0.449770525242223,0.35,0.0997705252422234
135372,2024-09-13,feeder,1,b95_100,387,861,474,0.449477351916376,0.35,0.0994773519163764
135414,2024-09-13,feeder,1,b95_100,467,1037,570,0.450337512054002,0.35,0.100337512054002
135563,2024-12-02,feeder,1,b95_100,1048,2844,1796,0.368495077355837,0.35,0.0184950773558369
135580,2024-12-02,feeder,1,b95_100,392,1055,663,0.371563981042654,0.35,0.0215639810426541
135621,2024-08-02,feeder,1,b95_100,370,980,610,0.377551020408163,0.35,0.0275510204081633
136086,2024-12-27,feeder,1,b95_100,805,2010,1205,0.400497512437811,0.35,0.050497512437811
136093,2024-12-27,feeder,1,b95_100,55,124,69,0.443548387096774,0.35,0.0935483870967742
136104,2024-11-05,feeder,1,b95_100,399,887,488,0.449830890642616,0.35,0.0998308906426156
136120,2024-11-05,feeder,1,b95_100,585,1301,716,0.449654112221368,0.35,0.0996541122213682
136207,2024-08-09,feeder,1,b95_100,896,1990,1094,0.450251256281407,0.35,0.100251256281407
136215,2024-08-09,feeder,1,b95_100,806,1791,985,0.450027917364601,0.35,0.100027917364601
136251,2024-11-26,feeder,0.98,b95_100,501,1256,755,0.398885350318471,0.35,0.0488853503184714
136272,2024-11-26,feeder,0.98,b95_100,254,636,382,0.39937106918239,0.35,0.04937106918239
136418,2024-09-06,feeder,0.925,b90_94,4339,9861,5522,0.440016225534936,0.4,0.0400162255349356
136432,2024-12-06,feeder,0.9,b90_94,2161,4910,2749,0.440122199592668,0.4,0.040122199592668
136467,2024-08-20,feeder,0.875,b85_89,1720,3510,1790,0.49002849002849,0.45,0.04002849002849
136502,2024-12-12,feeder,0.9,b90_94,3133,7119,3986,0.440089900266892,0.4,0.0400899002668914
136532,2024-11-20,feeder,0.9,b90_94,1381,3139,1758,0.439949028352979,0.4,0.0399490283529786
137002,2024-12-05,feeder,1,b95_100,3491,7757,4266,0.45004512053629,0.35,0.10004512053629
137015,2024-09-12,feeder,1,b95_100,3317,7372,4055,0.44994574064026,0.35,0.0999457406402605
137044,2024-12-12,feeder,1,b95_100,770,1712,942,0.449766355140187,0.35,0.0997663551401869
137045,2024-12-18,feeder,1,b95_100,485,1077,592,0.450324976787372,0.35,0.100324976787372
137091,2024-11-20,feeder,1,b95_100,5028,11174,6146,0.449973151959907,0.35,0.099973151959907
137747,2024-08-30,feeder,1,b95_100,0,2030,2030,0,0.35,-0.35
137781,2024-09-03,feeder,0.96,b95_100,571,1269,698,0.449960598896769,0.35,0.0999605988967691
137806,2024-09-13,feeder,0.95,b95_100,3120,6933,3813,0.45002163565556,0.35,0.10002163565556
137842,2024-11-18,feeder,0.99,b95_100,2192,4870,2678,0.450102669404517,0.35,0.100102669404517
137867,2024-08-30,feeder,1,b95_100,0,2233,2233,0,0.35,-0.35
137880,2024-09-23,feeder,1,b95_100,2228,4950,2722,0.45010101010101,0.35,0.10010101010101
137902,2024-10-29,feeder,1,b95_100,1428,4702,3274,0.303700552956189,0.35,-0.0462994470438111
137904,2024-10-29,feeder,1,b95_100,1152,4399,3247,0.261877699477154,0.35,-0.0881223005228461
138454,2024-12-26,feeder,1,b95_100,0,5792,5792,0,0.35,-0.35
139184,2024-10-09,feeder,1,b95_100,2629,6875,4246,0.3824,0.35,0.0324
139290,2024-10-09,feeder,1,b95_100,1649,4347,2698,0.379342074994249,0.35,0.029342074994249
139292,2024-10-23,feeder,1,b95_100,2814,7205,4391,0.390562109646079,0.35,0.0405621096460791
139340,2024-11-27,feeder,1,b95_100,6286,13968,7682,0.450028636884307,0.35,0.100028636884307
140120,2024-11-05,feeder,1,b95_100,1465,3660,2195,0.400273224043716,0.35,0.0502732240437159
140367,2024-12-18,feeder,0.97,b95_100,0,284297,284297,0,0.35,-0.35
140457,2024-11-27,feeder,1,b95_100,3151,7733,4582,0.407474460106039,0.35,0.0574744601060391
140469,2024-11-27,feeder,1,b95_100,5170,12761,7591,0.405140662957449,0.35,0.0551406629574485
140629,2024-10-21,feeder,1,b95_100,365,810,445,0.450617283950617,0.35,0.100617283950617
140630,2024-09-30,feeder,1,b95_100,302,672,370,0.449404761904762,0.35,0.0994047619047619
140631,2024-09-30,feeder,1,b95_100,449,996,547,0.450803212851406,0.35,0.100803212851406
140632,2024-10-31,feeder,1,b95_100,956,2126,1170,0.44967074317968,0.35,0.0996707431796802
140634,2024-10-28,feeder,1,b95_100,154,342,188,0.450292397660819,0.35,0.100292397660819
140636,2024-10-31,feeder,1,b95_100,266,590,324,0.450847457627119,0.35,0.100847457627119
140638,2024-09-23,feeder,1,b95_100,251,557,306,0.450628366247756,0.35,0.100628366247756
140641,2024-09-23,feeder,1,b95_100,586,1303,717,0.449731389102072,0.35,0.0997313891020722
140642,2024-10-28,feeder,1,b95_100,57,127,70,0.448818897637795,0.35,0.0988188976377953
140643,2024-10-21,feeder,1,b95_100,102,225,123,0.453333333333333,0.35,0.103333333333333
141364,2024-10-17,feeder,1,b95_100,1523,3870,2347,0.393540051679587,0.35,0.0435400516795866
141439,2024-08-05,feeder,1,b95_100,2356,6235,3879,0.377866880513232,0.35,0.0278668805132318
141467,2024-10-17,feeder,1,b95_100,1408,3657,2249,0.385015039649986,0.35,0.0350150396499864
141673,2024-10-03,feeder,1,b95_100,5122,13844,8722,0.369979774631609,0.35,0.0199797746316094
141692,2024-10-21,feeder,1,b95_100,4228,11440,7212,0.36958041958042,0.35,0.0195804195804196
141726,2024-12-03,feeder,1,b95_100,2818,7623,4805,0.369670733307097,0.35,0.019670733307097
141745,2024-10-08,feeder,1,b95_100,6497,16970,10473,0.38285209192693,0.35,0.0328520919269299
141759,2024-08-19,feeder,1,b95_100,0,15556,15556,0,0.35,-0.35
141761,2024-12-11,feeder,1,b95_100,4335,11719,7384,0.369912108541684,0.35,0.0199121085416845
141770,2024-09-12,feeder,1,b95_100,3529,7844,4315,0.449898011218766,0.35,0.099898011218766
141785,2024-09-12,feeder,1,b95_100,4867,13154,8287,0.370001520450053,0.35,0.0200015204500532
141787,2024-11-18,feeder,0.95,b95_100,2189,5920,3731,0.369763513513514,0.35,0.0197635135135135
141925,2024-12-05,feeder,1,b95_100,715,1589,874,0.449968533668974,0.35,0.0999685336689742
141964,2024-07-15,feeder,1,b95_100,582,1294,712,0.449768160741886,0.35,0.0997681607418857
141992,2024-12-26,feeder,1,b95_100,3708,8242,4534,0.449890803203106,0.35,0.0998908032031061
141996,2024-07-15,feeder,1,b95_100,690,1534,844,0.44980443285528,0.35,0.0998044328552803
142148,2024-12-30,feeder,1,b95_100,2222,4938,2716,0.449979748886189,0.35,0.0999797488861888
142332,2024-11-15,feeder,1,b95_100,2484,6658,4174,0.373085010513668,0.35,0.0230850105136678
142424,2024-12-17,feeder,1,b95_100,436,969,533,0.449948400412797,0.35,0.0999484004127967
142482,2024-12-30,feeder,1,b95_100,445,988,543,0.450404858299595,0.35,0.100404858299595
142516,2024-12-27,feeder,1,b95_100,453,1005,552,0.450746268656716,0.35,0.100746268656716
142749,2024-11-19,feeder,1,b95_100,5495,12210,6715,0.45004095004095,0.35,0.10004095004095
142761,2024-11-20,feeder,1,b95_100,6017,13370,7353,0.450037397157816,0.35,0.100037397157816
142866,2024-11-18,feeder,1,b95_100,2625,6909,4284,0.379939209726444,0.35,0.0299392097264438
143029,2024-10-11,feeder,1,b95_100,4295,11012,6717,0.390029059208137,0.35,0.0400290592081366
143037,2024-10-17,feeder,1,b95_100,8474,21728,13254,0.390003681885125,0.35,0.0400036818851252
143041,2024-10-08,feeder,1,b95_100,1073,2752,1679,0.389898255813954,0.35,0.0398982558139535
143057,2024-10-17,feeder,1,b95_100,1510,3870,2360,0.390180878552972,0.35,0.0401808785529716
143132,2024-08-14,feeder,1,b95_100,181,760,579,0.238157894736842,0.35,-0.111842105263158
143156,2024-08-14,feeder,1,b95_100,293,1226,933,0.238988580750408,0.35,-0.111011419249592
143349,2024-10-08,feeder,1,b95_100,438,974,536,0.449691991786448,0.35,0.0996919917864477
143388,2024-10-08,feeder,1,b95_100,314,697,383,0.450502152080344,0.35,0.100502152080344
143503,2024-12-30,feeder,1,b95_100,1376,3056,1680,0.450261780104712,0.35,0.100261780104712
143678,2024-12-09,feeder,1,b95_100,1635,3634,1999,0.449917446340121,0.35,0.0999174463401211
143705,2024-12-09,feeder,1,b95_100,2066,4592,2526,0.449912891986063,0.35,0.0999128919860627
143937,2024-10-07,feeder,1,b95_100,3149,6996,3847,0.450114351057747,0.35,0.100114351057747
143939,2024-10-02,feeder,1,b95_100,8884,19743,10859,0.449982272197741,0.35,0.099982272197741
144063,2024-11-13,feeder,0.97,b95_100,542,1416,874,0.382768361581921,0.35,0.0327683615819209
144506,2024-10-15,feeder,1,b95_100,39422,106349,66927,0.370685196851875,0.35,0.0206851968518745
144747,2024-09-23,feeder,1,b95_100,0,156,156,0,0.35,-0.35
144761,2024-07-31,feeder,1,b95_100,1746,4265,2519,0.409378663540446,0.35,0.0593786635404455
144764,2024-07-31,feeder,1,b95_100,1587,3877,2290,0.409337116327057,0.35,0.059337116327057
144787,2024-07-17,feeder,1,b95_100,2226,5564,3338,0.400071890726096,0.35,0.0500718907260964
144796,2024-07-17,feeder,1,b95_100,2002,5008,3006,0.399760383386582,0.35,0.0497603833865815
144848,2024-11-19,feeder,1,b95_100,476,1058,582,0.449905482041588,0.35,0.099905482041588
144971,2024-12-31,feeder,1,b95_100,792,1887,1095,0.419713831478537,0.35,0.0697138314785374
145048,2024-07-03,feeder,1,b95_100,927,2060,1133,0.45,0.35,0.1
145297,2024-08-05,feeder,1,b95_100,522,1301,779,0.401229823212913,0.35,0.0512298232129131
145298,2024-10-15,feeder,1,b95_100,277,615,338,0.450406504065041,0.35,0.100406504065041
145315,2024-10-15,feeder,1,b95_100,311,691,380,0.450072358900145,0.35,0.100072358900145
145590,2024-12-10,feeder,1,b95_100,381,847,466,0.449822904368359,0.35,0.0998229043683589
145602,2024-12-10,feeder,1,b95_100,847,1883,1036,0.449814126394052,0.35,0.0998141263940521
145945,2024-07-03,feeder,1,b95_100,86,191,105,0.450261780104712,0.35,0.100261780104712
145959,2024-11-05,feeder,1,b95_100,50,110,60,0.454545454545455,0.35,0.104545454545455
145977,2024-07-01,feeder,1,b95_100,63,140,77,0.45,0.35,0.1
145995,2024-12-11,feeder,1,b95_100,2720,6046,3326,0.449884220972544,0.35,0.0998842209725438
146044,2024-12-27,feeder,1,b95_100,3115,6923,3808,0.44994944388271,0.35,0.0999494438827098
146095,2024-12-10,feeder,1,b95_100,730,1622,892,0.450061652281134,0.35,0.100061652281134
146114,2024-12-09,feeder,1,b95_100,1832,4073,2241,0.449791308617727,0.35,0.0997913086177265
146143,2024-12-11,feeder,1,b95_100,593,1316,723,0.450607902735562,0.35,0.100607902735562
146213,2024-10-08,fed,1,b95_100,1021,2269,1248,0.449977963860732,0.35,0.0999779638607316
146214,2024-09-24,fed,1,b95_100,922,2048,1126,0.4501953125,0.35,0.1001953125
146606,2024-12-11,feeder,1,b95_100,1036,2304,1268,0.449652777777778,0.35,0.0996527777777778
146623,2024-12-11,feeder,1,b95_100,1522,3510,1988,0.433618233618234,0.35,0.0836182336182336
146888,2024-10-01,feeder,1,b95_100,159,353,194,0.45042492917847,0.35,0.10042492917847
146901,2024-10-01,feeder,1,b95_100,100,222,122,0.450450450450451,0.35,0.10045045045045
147088,2024-12-19,feeder,1,b95_100,0,8793,8793,0,0.35,-0.35
147230,2024-12-06,feeder,1,b95_100,3604,9616,6012,0.374792013311148,0.35,0.0247920133111481
147379,2024-12-30,feeder,1,b95_100,841,1868,1027,0.450214132762313,0.35,0.100214132762313
147380,2024-12-30,feeder,1,b95_100,963,2140,1177,0.45,0.35,0.1
147420,2024-12-06,feeder,1,b95_100,3018,6705,3687,0.450111856823266,0.35,0.100111856823266
147529,2024-11-05,feeder,1,b95_100,2196,5697,3501,0.385466034755134,0.35,0.0354660347551343
147536,2024-11-05,feeder,1,b95_100,2655,6863,4208,0.386857059594929,0.35,0.0368570595949294
147634,2024-11-01,feeder,1,b95_100,161,358,197,0.449720670391061,0.35,0.0997206703910615
147668,2024-07-17,feeder,1,b95_100,491,1092,601,0.4496336996337,0.35,0.0996336996336997
147683,2024-10-03,feeder,1,b95_100,756,2082,1326,0.363112391930836,0.35,0.0131123919308357
147704,2024-10-18,feeder,1,b95_100,687,1894,1207,0.36272439281943,0.35,0.0127243928194298
147733,2024-11-18,feeder,1,b95_100,10380,23066,12686,0.450013006156247,0.35,0.100013006156247
147837,2024-10-16,feeder,1,b95_100,11361,31364,20003,0.362230582833822,0.35,0.0122305828338222
147860,2024-10-16,feeder,1,b95_100,5168,13209,8041,0.391248391248391,0.35,0.0412483912483912
147865,2024-11-01,feeder,1,b95_100,311,691,380,0.450072358900145,0.35,0.100072358900145
147883,2024-12-23,feeder,1,b95_100,1679,3731,2052,0.450013401232913,0.35,0.100013401232913
147896,2024-12-23,feeder,1,b95_100,1571,3491,1920,0.450014322543684,0.35,0.100014322543684
147980,2024-07-03,feeder,1,b95_100,1347,2994,1647,0.449899799599198,0.35,0.0998997995991984
147988,2024-07-03,feeder,1,b95_100,1213,2695,1482,0.450092764378479,0.35,0.100092764378479
148114,2024-08-22,feeder,1,b95_100,654,1453,799,0.450103234686855,0.35,0.100103234686855
148127,2024-08-22,feeder,1,b95_100,589,1308,719,0.450305810397554,0.35,0.100305810397554
148161,2024-10-22,feeder,1,b95_100,1200,2665,1465,0.450281425891182,0.35,0.100281425891182
148171,2024-11-21,feeder,1,b95_100,1180,2623,1443,0.449866565001906,0.35,0.0998665650019062
148215,2024-12-09,feeder,1,b95_100,5415,14109,8694,0.383797576015309,0.35,0.0337975760153094
148260,2024-11-21,feeder,1,b95_100,620,1377,757,0.450254175744372,0.35,0.100254175744372
148262,2024-10-22,feeder,1,b95_100,3046,8093,5047,0.376374644754726,0.35,0.0263746447547263
148388,2024-10-17,feeder,1,b95_100,1242,4959,3717,0.250453720508167,0.35,-0.099546279491833
148512,2024-08-09,feeder,1,b95_100,552,1227,675,0.449877750611247,0.35,0.099877750611247
148521,2024-07-03,feeder,1,b95_100,536,1192,656,0.449664429530201,0.35,0.0996644295302014
148524,2024-09-24,feeder,0.98,b95_100,1024,2275,1251,0.45010989010989,0.35,0.10010989010989
148525,2024-09-24,feeder,0.98,b95_100,663,1474,811,0.449796472184532,0.35,0.0997964721845319
148526,2024-08-28,feeder,1,b95_100,0,23930,23930,0,0.35,-0.35
148527,2024-10-22,feeder,0.97,b95_100,171,380,209,0.45,0.35,0.1
148528,2024-08-12,feeder,1,b95_100,376,835,459,0.450299401197605,0.35,0.100299401197605
148539,2024-11-26,feeder,1,b95_100,5266,11704,6438,0.449931647300068,0.35,0.0999316473000684
148546,2024-10-22,feeder,0.97,b95_100,129,286,157,0.451048951048951,0.35,0.101048951048951
148549,2024-10-02,feeder,0.95,b95_100,574,1275,701,0.450196078431373,0.35,0.100196078431373
148562,2024-11-26,feeder,1,b95_100,24579,54621,30042,0.449991761410447,0.35,0.0999917614104466
148595,2024-10-02,feeder,0.96,b95_100,1169,2598,1429,0.449961508852964,0.35,0.0999615088529638
148710,2024-12-02,feeder,1,b95_100,464,1032,568,0.449612403100775,0.35,0.0996124031007752
148712,2024-08-13,feeder,1,b95_100,681,1514,833,0.449801849405548,0.35,0.0998018494055483
149235,2024-12-18,feeder,1,b95_100,4315,24656,20341,0.175008111615834,0.35,-0.174991888384166
149310,2024-08-27,feeder,0.925,b90_94,0,4612,4612,0,0.4,-0.4
150325,2024-12-26,feeder,1,b95_100,0,2180,2180,0,0.35,-0.35
150505,2024-07-03,feeder,0.925,b90_94,532,1064,532,0.5,0.4,0.1
150535,2024-11-20,feeder,1,b95_100,1257,3144,1887,0.399809160305344,0.35,0.0498091603053435
150542,2024-12-26,feeder,1,b95_100,0,981,981,0,0.35,-0.35
150722,2024-07-02,fed,1,b95_100,1351,3002,1651,0.450033311125916,0.35,0.100033311125916
150935,2024-12-03,feeder,1,b95_100,925,2540,1615,0.364173228346457,0.35,0.0141732283464567
150949,2024-12-03,feeder,1,b95_100,656,1747,1091,0.375500858614768,0.35,0.0255008586147682
150982,2024-12-03,feeder,1,b95_100,1013,2779,1766,0.364519611370997,0.35,0.0145196113709968
150986,2024-12-03,feeder,1,b95_100,739,1995,1256,0.370426065162907,0.35,0.0204260651629073
151601,2024-12-17,feeder,1,b95_100,1140,2534,1394,0.449881610102605,0.35,0.0998816101026046
151995,2024-11-25,feeder,1,b95_100,0,5880,5880,0,0.35,-0.35
152078,2024-11-25,feeder,1,b95_100,18532,59194,40662,0.313072270838261,0.35,-0.0369277291617394
152098,2024-10-10,feeder,0.925,b90_94,379,1896,1517,0.199894514767933,0.4,-0.200105485232068
152102,2024-10-10,feeder,0.925,b90_94,640,3200,2560,0.2,0.4,-0.2
152190,2024-10-03,fed,1,b95_100,0,708,708,0,0.35,-0.35
152195,2024-08-28,fed,1,b95_100,0,973,973,0,0.35,-0.35
152458,2024-11-26,feeder,1,b95_100,3904,9334,5430,0.418255838868652,0.35,0.0682558388686523
153397,2024-12-26,feeder,1,b95_100,0,3737,3737,0,0.35,-0.35
153613,2024-07-15,feeder,1,b95_100,963,2141,1178,0.44978981784213,0.35,0.0997898178421299
153621,2024-07-15,feeder,1,b95_100,522,1161,639,0.449612403100775,0.35,0.0996124031007752
154457,2024-09-03,feeder,1,b95_100,1317,7526,6209,0.174993356364603,0.35,-0.175006643635397
154468,2024-09-03,feeder,1,b95_100,1118,6386,5268,0.175070466645788,0.35,-0.174929533354212
154793,2024-08-27,fed,1,b95_100,0,6737,6737,0,0.35,-0.35
154962,2024-11-25,feeder,0.925,b90_94,88,176,88,0.5,0.4,0.1
154997,2024-11-25,feeder,0.95,b95_100,45,99,54,0.454545454545455,0.35,0.104545454545455
155150,2024-11-08,feeder,1,b95_100,869,1931,1062,0.450025893319524,0.35,0.100025893319524
155152,2024-11-25,feeder,1,b95_100,1121,2491,1370,0.450020072260137,0.35,0.100020072260137
155676,2024-09-19,fed,1,b95_100,0,13264,13264,0,0.35,-0.35
155683,2024-12-12,fed,1,b95_100,0,22617,22617,0,0.35,-0.35
155684,2024-09-19,fed,1,b95_100,0,11146,11146,0,0.35,-0.35
155685,2024-09-19,fed,1,b95_100,0,23361,23361,0,0.35,-0.35
155686,2024-12-12,fed,1,b95_100,0,22496,22496,0,0.35,-0.35
155692,2024-12-12,fed,1,b95_100,0,12521,12521,0,0.35,-0.35
155694,2024-12-12,fed,1,b95_100,0,11264,11264,0,0.35,-0.35
155695,2024-09-19,fed,1,b95_100,0,9367,9367,0,0.35,-0.35
155709,2024-12-26,feeder,1,b95_100,0,68825,68825,0,0.35,-0.35
155836,2024-12-02,feeder,1,b95_100,2551,5668,3117,0.450070571630205,0.35,0.100070571630205
