cattle_type,month,coverage_bin,coverage_label,bin_order,insured_head,endorsements,head_share,endorsement_share
fed,2023-05-01,b70_79,70--79.99%,1,0,0,0,0
fed,2023-05-01,b80_84,80--84.99%,2,0,0,0,0
fed,2023-05-01,b85_89,85--89.99%,3,4563,10,0.102405853045469,0.0286532951289398
fed,2023-05-01,b90_94,90--94.99%,4,3836,34,0.086090039947933,0.0974212034383954
fed,2023-05-01,b95_100,95--100%,5,36159,305,0.811504107006598,0.873925501432665
fed,2023-06-01,b70_79,70--79.99%,1,0,0,0,0
fed,2023-06-01,b80_84,80--84.99%,2,0,0,0,0
fed,2023-06-01,b85_89,85--89.99%,3,620,5,0.0104583101395004,0.0113378684807256
fed,2023-06-01,b90_94,90--94.99%,4,5835,49,0.0984261930064268,0.111111111111111
fed,2023-06-01,b95_100,95--100%,5,52828,387,0.891115496854073,0.877551020408163
fed,2023-08-01,b70_79,70--79.99%,1,0,0,0,0
fed,2023-08-01,b80_84,80--84.99%,2,0,0,0,0
fed,2023-08-01,b85_89,85--89.99%,3,1766,10,0.0315458540245079,0.0285714285714286
fed,2023-08-01,b90_94,90--94.99%,4,9689,54,0.173073487906827,0.154285714285714
fed,2023-08-01,b95_100,95--100%,5,44527,286,0.795380658068665,0.817142857142857
fed,2023-09-01,b70_79,70--79.99%,1,0,0,0,0
fed,2023-09-01,b80_84,80--84.99%,2,0,0,0,0
fed,2023-09-01,b85_89,85--89.99%,3,314,3,0.00246255195670928,0.0047244094488189
fed,2023-09-01,b90_94,90--94.99%,4,11618,97,0.0911144223982433,0.152755905511811
fed,2023-09-01,b95_100,95--100%,5,115578,535,0.906423025645047,0.84251968503937
fed,2024-01-01,b70_79,70--79.99%,1,0,0,0,0
fed,2024-01-01,b80_84,80--84.99%,2,0,0,0,0
fed,2024-01-01,b85_89,85--89.99%,3,558,9,0.00782257612291819,0.0186335403726708
fed,2024-01-01,b90_94,90--94.99%,4,5446,42,0.0763472214433915,0.0869565217391304
fed,2024-01-01,b95_100,95--100%,5,65328,432,0.91583020243369,0.894409937888199
fed,2024-02-01,b70_79,70--79.99%,1,0,0,0,0
fed,2024-02-01,b80_84,80--84.99%,2,0,0,0,0
fed,2024-02-01,b85_89,85--89.99%,3,4406,13,0.0272638392138906,0.0144766146993319
fed,2024-02-01,b90_94,90--94.99%,4,8780,73,0.0543296659777484,0.0812917594654788
fed,2024-02-01,b95_100,95--100%,5,148420,812,0.918406494808361,0.904231625835189
fed,2024-03-01,b70_79,70--79.99%,1,0,0,0,0
fed,2024-03-01,b80_84,80--84.99%,2,0,0,0,0
fed,2024-03-01,b85_89,85--89.99%,3,1278,7,0.00706288063842251,0.00940860215053763
fed,2024-03-01,b90_94,90--94.99%,4,8817,70,0.0487272445923093,0.0940860215053763
fed,2024-03-01,b95_100,95--100%,5,170851,667,0.944209874769268,0.896505376344086
fed,2024-05-01,b70_79,70--79.99%,1,0,0,0,0
fed,2024-05-01,b80_84,80--84.99%,2,0,0,0,0
fed,2024-05-01,b85_89,85--89.99%,3,665,7,0.00906958348108344,0.0148305084745763
fed,2024-05-01,b90_94,90--94.99%,4,15610,62,0.212896538555959,0.13135593220339
fed,2024-05-01,b95_100,95--100%,5,57047,403,0.778033877962958,0.853813559322034
fed,2024-06-01,b70_79,70--79.99%,1,0,0,0,0
fed,2024-06-01,b80_84,80--84.99%,2,0,0,0,0
fed,2024-06-01,b85_89,85--89.99%,3,484,5,0.00769928256685173,0.0161812297734628
fed,2024-06-01,b90_94,90--94.99%,4,3550,25,0.0564720105626521,0.0809061488673139
fed,2024-06-01,b95_100,95--100%,5,58829,279,0.935828706870496,0.902912621359223
fed,2024-07-01,b70_79,70--79.99%,1,0,0,0,0
fed,2024-07-01,b80_84,80--84.99%,2,0,0,0,0
fed,2024-07-01,b85_89,85--89.99%,3,1263,22,0.0174307874906843,0.0522565320665083
fed,2024-07-01,b90_94,90--94.99%,4,11330,34,0.156366446769163,0.0807600950118765
fed,2024-07-01,b95_100,95--100%,5,59865,365,0.826202765740153,0.866983372921615
fed,2024-09-01,b70_79,70--79.99%,1,0,0,0,0
fed,2024-09-01,b80_84,80--84.99%,2,0,0,0,0
fed,2024-09-01,b85_89,85--89.99%,3,1702,11,0.0209872128438783,0.0248306997742664
fed,2024-09-01,b90_94,90--94.99%,4,2933,20,0.0361665659642157,0.0451467268623025
fed,2024-09-01,b95_100,95--100%,5,76462,412,0.942846221191906,0.930022573363431
fed,2024-10-01,b70_79,70--79.99%,1,0,0,0,0
fed,2024-10-01,b80_84,80--84.99%,2,40,1,0.000264709580501492,0.00153846153846154
fed,2024-10-01,b85_89,85--89.99%,3,223,4,0.00147575591129582,0.00615384615384615
fed,2024-10-01,b90_94,90--94.99%,4,3223,23,0.0213289744489077,0.0353846153846154
fed,2024-10-01,b95_100,95--100%,5,147623,622,0.976930560059295,0.956923076923077
fed,2024-11-01,b70_79,70--79.99%,1,0,0,0,0
fed,2024-11-01,b80_84,80--84.99%,2,0,0,0,0
fed,2024-11-01,b85_89,85--89.99%,3,587,4,0.00660173647037654,0.00928074245939675
fed,2024-11-01,b90_94,90--94.99%,4,1809,33,0.0203450447613478,0.0765661252900232
fed,2024-11-01,b95_100,95--100%,5,86520,394,0.973053218768276,0.91415313225058
fed,2024-12-01,b70_79,70--79.99%,1,0,0,0,0
fed,2024-12-01,b80_84,80--84.99%,2,0,0,0,0
fed,2024-12-01,b85_89,85--89.99%,3,691,8,0.00841215928320125,0.0142348754448399
fed,2024-12-01,b90_94,90--94.99%,4,4427,55,0.0538938193150968,0.097864768683274
fed,2024-12-01,b95_100,95--100%,5,77025,499,0.937694021401702,0.887900355871886
fed,2021-09-01,b70_79,70--79.99%,1,0,0,0,0
fed,2021-09-01,b80_84,80--84.99%,2,0,0,0,0
fed,2021-09-01,b85_89,85--89.99%,3,220,3,0.00710961737331955,0.0236220472440945
fed,2021-09-01,b90_94,90--94.99%,4,248,4,0.00801447776628749,0.031496062992126
fed,2021-09-01,b95_100,95--100%,5,30476,120,0.984875904860393,0.944881889763779
fed,2021-12-01,b70_79,70--79.99%,1,0,0,0,0
fed,2021-12-01,b80_84,80--84.99%,2,0,0,0,0
fed,2021-12-01,b85_89,85--89.99%,3,276,2,0.0121994342291372,0.0140845070422535
fed,2021-12-01,b90_94,90--94.99%,4,3646,21,0.161156294200849,0.147887323943662
fed,2021-12-01,b95_100,95--100%,5,18702,119,0.826644271570014,0.838028169014084
fed,2022-01-01,b70_79,70--79.99%,1,0,0,0,0
fed,2022-01-01,b80_84,80--84.99%,2,0,0,0,0
fed,2022-01-01,b85_89,85--89.99%,3,1274,7,0.0177294107823764,0.0334928229665072
fed,2022-01-01,b90_94,90--94.99%,4,1991,12,0.0277074229730858,0.0574162679425837
fed,2022-01-01,b95_100,95--100%,5,68593,190,0.954563166244538,0.909090909090909
fed,2022-03-01,b70_79,70--79.99%,1,0,0,0,0
fed,2022-03-01,b80_84,80--84.99%,2,0,0,0,0
fed,2022-03-01,b85_89,85--89.99%,3,485,3,0.0143262243752585,0.0175438596491228
fed,2022-03-01,b90_94,90--94.99%,4,1935,21,0.0571572044662374,0.12280701754386
fed,2022-03-01,b95_100,95--100%,5,31434,147,0.928516571158504,0.859649122807018
fed,2022-05-01,b70_79,70--79.99%,1,0,0,0,0
fed,2022-05-01,b80_84,80--84.99%,2,0,0,0,0
fed,2022-05-01,b85_89,85--89.99%,3,70,2,0.00412444025453689,0.0235294117647059
fed,2022-05-01,b90_94,90--94.99%,4,1271,4,0.0748880509073769,0.0470588235294118
fed,2022-05-01,b95_100,95--100%,5,15631,79,0.920987508838086,0.929411764705882
fed,2022-06-01,b70_79,70--79.99%,1,0,0,0,0
fed,2022-06-01,b80_84,80--84.99%,2,0,0,0,0
fed,2022-06-01,b85_89,85--89.99%,3,28,2,0.00150464828846257,0.0307692307692308
fed,2022-06-01,b90_94,90--94.99%,4,627,4,0.0336933741737869,0.0615384615384615
fed,2022-06-01,b95_100,95--100%,5,17954,59,0.964801977537751,0.907692307692308
fed,2023-07-01,b70_79,70--79.99%,1,0,0,0,0
fed,2023-07-01,b80_84,80--84.99%,2,0,0,0,0
fed,2023-07-01,b85_89,85--89.99%,3,336,5,0.00247515635474295,0.0130208333333333
fed,2023-07-01,b90_94,90--94.99%,4,7942,67,0.0585050350278823,0.174479166666667
fed,2023-07-01,b95_100,95--100%,5,127471,312,0.939019808617375,0.8125
fed,2023-10-01,b70_79,70--79.99%,1,0,0,0,0
fed,2023-10-01,b80_84,80--84.99%,2,0,0,0,0
fed,2023-10-01,b85_89,85--89.99%,3,301,8,0.00174901363765783,0.0145719489981785
fed,2023-10-01,b90_94,90--94.99%,4,8495,76,0.049361697182403,0.138433515482696
fed,2023-10-01,b95_100,95--100%,5,163301,465,0.948889289179939,0.846994535519126
fed,2023-11-01,b70_79,70--79.99%,1,0,0,0,0
fed,2023-11-01,b80_84,80--84.99%,2,0,0,0,0
fed,2023-11-01,b85_89,85--89.99%,3,1301,12,0.0270753990551706,0.0365853658536585
fed,2023-11-01,b90_94,90--94.99%,4,3972,32,0.082662171442842,0.0975609756097561
fed,2023-11-01,b95_100,95--100%,5,42778,284,0.890262429501988,0.865853658536585
fed,2021-10-01,b70_79,70--79.99%,1,0,0,0,0
fed,2021-10-01,b80_84,80--84.99%,2,0,0,0,0
fed,2021-10-01,b85_89,85--89.99%,3,0,0,0,0
fed,2021-10-01,b90_94,90--94.99%,4,68,1,0.00254510068118871,0.0078740157480315
fed,2021-10-01,b95_100,95--100%,5,26650,126,0.997454899318811,0.992125984251969
fed,2022-02-01,b70_79,70--79.99%,1,0,0,0,0
fed,2022-02-01,b80_84,80--84.99%,2,0,0,0,0
fed,2022-02-01,b85_89,85--89.99%,3,290,3,0.005257147000707,0.00961538461538462
fed,2022-02-01,b90_94,90--94.99%,4,14881,42,0.269764153508692,0.134615384615385
fed,2022-02-01,b95_100,95--100%,5,39992,267,0.724978699490601,0.855769230769231
fed,2015-12-01,b70_79,70--79.99%,1,0,0,0,0
fed,2015-12-01,b80_84,80--84.99%,2,0,0,0,0
fed,2015-12-01,b85_89,85--89.99%,3,0,0,0,0
fed,2015-12-01,b90_94,90--94.99%,4,0,0,0,0
fed,2015-12-01,b95_100,95--100%,5,647,12,1,1
fed,2020-09-01,b70_79,70--79.99%,1,0,0,0,0
fed,2020-09-01,b80_84,80--84.99%,2,0,0,0,0
fed,2020-09-01,b85_89,85--89.99%,3,141,2,0.0161493528805406,0.0416666666666667
fed,2020-09-01,b90_94,90--94.99%,4,304,7,0.0348184629481159,0.145833333333333
fed,2020-09-01,b95_100,95--100%,5,8286,39,0.949032184171343,0.8125
fed,2021-01-01,b70_79,70--79.99%,1,0,0,0,0
fed,2021-01-01,b80_84,80--84.99%,2,0,0,0,0
fed,2021-01-01,b85_89,85--89.99%,3,0,0,0,0
fed,2021-01-01,b90_94,90--94.99%,4,1306,10,0.0992853884749886,0.172413793103448
fed,2021-01-01,b95_100,95--100%,5,11848,48,0.900714611525011,0.827586206896552
fed,2021-07-01,b70_79,70--79.99%,1,0,0,0,0
fed,2021-07-01,b80_84,80--84.99%,2,0,0,0,0
fed,2021-07-01,b85_89,85--89.99%,3,0,0,0,0
fed,2021-07-01,b90_94,90--94.99%,4,603,4,0.0289569727237803,0.043956043956044
fed,2021-07-01,b95_100,95--100%,5,20221,87,0.97104302727622,0.956043956043956
fed,2021-08-01,b70_79,70--79.99%,1,0,0,0,0
fed,2021-08-01,b80_84,80--84.99%,2,0,0,0,0
fed,2021-08-01,b85_89,85--89.99%,3,60,1,0.00122604111324533,0.00462962962962963
fed,2021-08-01,b90_94,90--94.99%,4,1043,16,0.0213126813519147,0.0740740740740741
fed,2021-08-01,b95_100,95--100%,5,47835,199,0.97746127753484,0.921296296296296
fed,2021-11-01,b70_79,70--79.99%,1,0,0,0,0
fed,2021-11-01,b80_84,80--84.99%,2,0,0,0,0
fed,2021-11-01,b85_89,85--89.99%,3,103,3,0.00249606203804677,0.0154639175257732
fed,2021-11-01,b90_94,90--94.99%,4,964,9,0.0233612019871562,0.0463917525773196
fed,2021-11-01,b95_100,95--100%,5,40198,182,0.974142735974797,0.938144329896907
fed,2022-07-01,b70_79,70--79.99%,1,0,0,0,0
fed,2022-07-01,b80_84,80--84.99%,2,0,0,0,0
fed,2022-07-01,b85_89,85--89.99%,3,246,6,0.00570130712895152,0.0491803278688525
fed,2022-07-01,b90_94,90--94.99%,4,196,2,0.0045425048669695,0.0163934426229508
fed,2022-07-01,b95_100,95--100%,5,42706,114,0.989756188004079,0.934426229508197
fed,2022-08-01,b70_79,70--79.99%,1,0,0,0,0
fed,2022-08-01,b80_84,80--84.99%,2,0,0,0,0
fed,2022-08-01,b85_89,85--89.99%,3,256,4,0.00442386120135481,0.0193236714975845
fed,2022-08-01,b90_94,90--94.99%,4,1623,11,0.0280465887882768,0.0531400966183575
fed,2022-08-01,b95_100,95--100%,5,55989,192,0.967529550010368,0.927536231884058
fed,2022-10-01,b70_79,70--79.99%,1,0,0,0,0
fed,2022-10-01,b80_84,80--84.99%,2,0,0,0,0
fed,2022-10-01,b85_89,85--89.99%,3,236,3,0.0065617527665017,0.0254237288135593
fed,2022-10-01,b90_94,90--94.99%,4,1882,12,0.0523271979091364,0.101694915254237
fed,2022-10-01,b95_100,95--100%,5,33848,103,0.941111049324362,0.872881355932204
fed,2022-12-01,b70_79,70--79.99%,1,0,0,0,0
fed,2022-12-01,b80_84,80--84.99%,2,0,0,0,0
fed,2022-12-01,b85_89,85--89.99%,3,74,1,0.00140318941160855,0.0065359477124183
fed,2022-12-01,b90_94,90--94.99%,4,2208,10,0.0418681381193469,0.065359477124183
fed,2022-12-01,b95_100,95--100%,5,50455,142,0.956728672469044,0.928104575163399
fed,2023-01-01,b70_79,70--79.99%,1,0,0,0,0
fed,2023-01-01,b80_84,80--84.99%,2,0,0,0,0
fed,2023-01-01,b85_89,85--89.99%,3,151,2,0.00780563453088653,0.0165289256198347
fed,2023-01-01,b90_94,90--94.99%,4,987,9,0.0510209356422848,0.0743801652892562
fed,2023-01-01,b95_100,95--100%,5,18207,110,0.941173429826829,0.909090909090909
fed,2023-02-01,b70_79,70--79.99%,1,0,0,0,0
fed,2023-02-01,b80_84,80--84.99%,2,0,0,0,0
fed,2023-02-01,b85_89,85--89.99%,3,571,4,0.0121466102235742,0.0190476190476191
fed,2023-02-01,b90_94,90--94.99%,4,2665,17,0.0566912718841073,0.080952380952381
fed,2023-02-01,b95_100,95--100%,5,43773,189,0.931162117892318,0.9
fed,2023-04-01,b70_79,70--79.99%,1,0,0,0,0
fed,2023-04-01,b80_84,80--84.99%,2,0,0,0,0
fed,2023-04-01,b85_89,85--89.99%,3,314,4,0.00446181172291297,0.00997506234413965
fed,2023-04-01,b90_94,90--94.99%,4,2730,29,0.0387921847246892,0.0723192019950125
fed,2023-04-01,b95_100,95--100%,5,67331,368,0.956746003552398,0.917705735660848
fed,2023-12-01,b70_79,70--79.99%,1,0,0,0,0
fed,2023-12-01,b80_84,80--84.99%,2,0,0,0,0
fed,2023-12-01,b85_89,85--89.99%,3,416,8,0.010310811480692,0.0308880308880309
fed,2023-12-01,b90_94,90--94.99%,4,2567,32,0.0636246468051356,0.123552123552124
fed,2023-12-01,b95_100,95--100%,5,37363,219,0.926064541714172,0.845559845559846
fed,2024-04-01,b70_79,70--79.99%,1,0,0,0,0
fed,2024-04-01,b80_84,80--84.99%,2,0,0,0,0
fed,2024-04-01,b85_89,85--89.99%,3,2226,19,0.0287170225117719,0.0338078291814947
fed,2024-04-01,b90_94,90--94.99%,4,8665,81,0.111784815842095,0.144128113879004
fed,2024-04-01,b95_100,95--100%,5,66624,462,0.859498161646133,0.822064056939502
fed,2005-02-01,b70_79,70--79.99%,1,0,0,0,0
fed,2005-02-01,b80_84,80--84.99%,2,0,0,0,0
fed,2005-02-01,b85_89,85--89.99%,3,153,2,0.331887201735358,0.333333333333333
fed,2005-02-01,b90_94,90--94.99%,4,308,4,0.668112798264642,0.666666666666667
fed,2005-02-01,b95_100,95--100%,5,0,0,0,0
fed,2005-03-01,b70_79,70--79.99%,1,0,0,0,0
fed,2005-03-01,b80_84,80--84.99%,2,0,0,0,0
fed,2005-03-01,b85_89,85--89.99%,3,0,0,0,0
fed,2005-03-01,b90_94,90--94.99%,4,248,5,1,1
fed,2005-03-01,b95_100,95--100%,5,0,0,0,0
fed,2021-03-01,b70_79,70--79.99%,1,0,0,0,0
fed,2021-03-01,b80_84,80--84.99%,2,0,0,0,0
fed,2021-03-01,b85_89,85--89.99%,3,20,1,0.00048189287521384,0.0114942528735632
fed,2021-03-01,b90_94,90--94.99%,4,4000,1,0.096378575042768,0.0114942528735632
fed,2021-03-01,b95_100,95--100%,5,37483,85,0.903139532082018,0.977011494252874
fed,2021-04-01,b70_79,70--79.99%,1,0,0,0,0
fed,2021-04-01,b80_84,80--84.99%,2,0,0,0,0
fed,2021-04-01,b85_89,85--89.99%,3,149,1,0.0126765356474392,0.0178571428571429
fed,2021-04-01,b90_94,90--94.99%,4,444,6,0.0377743746809597,0.107142857142857
fed,2021-04-01,b95_100,95--100%,5,11161,49,0.949549089671601,0.875
fed,2021-06-01,b70_79,70--79.99%,1,0,0,0,0
fed,2021-06-01,b80_84,80--84.99%,2,0,0,0,0
fed,2021-06-01,b85_89,85--89.99%,3,0,0,0,0
fed,2021-06-01,b90_94,90--94.99%,4,296,3,0.0172594752186589,0.0491803278688525
fed,2021-06-01,b95_100,95--100%,5,16854,58,0.982740524781341,0.950819672131147
fed,2022-04-01,b70_79,70--79.99%,1,0,0,0,0
fed,2022-04-01,b80_84,80--84.99%,2,0,0,0,0
fed,2022-04-01,b85_89,85--89.99%,3,214,2,0.00272458749236097,0.00938967136150235
fed,2022-04-01,b90_94,90--94.99%,4,778,8,0.00990527602363007,0.0375586854460094
fed,2022-04-01,b95_100,95--100%,5,77552,203,0.987370136484009,0.953051643192488
fed,2024-08-01,b70_79,70--79.99%,1,0,0,0,0
fed,2024-08-01,b80_84,80--84.99%,2,0,0,0,0
fed,2024-08-01,b85_89,85--89.99%,3,220,4,0.00414094262912212,0.0123076923076923
fed,2024-08-01,b90_94,90--94.99%,4,1553,29,0.029231290468303,0.0892307692307692
fed,2024-08-01,b95_100,95--100%,5,51355,292,0.966627766902575,0.898461538461539
fed,2019-11-01,b70_79,70--79.99%,1,0,0,0,0
fed,2019-11-01,b80_84,80--84.99%,2,0,0,0,0
fed,2019-11-01,b85_89,85--89.99%,3,0,0,0,0
fed,2019-11-01,b90_94,90--94.99%,4,0,0,0,0
fed,2019-11-01,b95_100,95--100%,5,211,8,1,1
fed,2019-12-01,b70_79,70--79.99%,1,0,0,0,0
fed,2019-12-01,b80_84,80--84.99%,2,0,0,0,0
fed,2019-12-01,b85_89,85--89.99%,3,0,0,0,0
fed,2019-12-01,b90_94,90--94.99%,4,0,0,0,0
fed,2019-12-01,b95_100,95--100%,5,439,4,1,1
fed,2020-07-01,b70_79,70--79.99%,1,0,0,0,0
fed,2020-07-01,b80_84,80--84.99%,2,180,2,0.054861322767449,0.0833333333333333
fed,2020-07-01,b85_89,85--89.99%,3,100,1,0.0304785126485828,0.0416666666666667
fed,2020-07-01,b90_94,90--94.99%,4,180,2,0.054861322767449,0.0833333333333333
fed,2020-07-01,b95_100,95--100%,5,2821,19,0.859798841816519,0.791666666666667
fed,2020-08-01,b70_79,70--79.99%,1,0,0,0,0
fed,2020-08-01,b80_84,80--84.99%,2,0,0,0,0
fed,2020-08-01,b85_89,85--89.99%,3,30,1,0.00319081046585833,0.0333333333333333
fed,2020-08-01,b90_94,90--94.99%,4,90,4,0.00957243139757498,0.133333333333333
fed,2020-08-01,b95_100,95--100%,5,9282,25,0.987236758136567,0.833333333333333
fed,2020-10-01,b70_79,70--79.99%,1,0,0,0,0
fed,2020-10-01,b80_84,80--84.99%,2,0,0,0,0
fed,2020-10-01,b85_89,85--89.99%,3,0,0,0,0
fed,2020-10-01,b90_94,90--94.99%,4,1050,3,0.129886194952994,0.111111111111111
fed,2020-10-01,b95_100,95--100%,5,7034,24,0.870113805047006,0.888888888888889
fed,2021-02-01,b70_79,70--79.99%,1,0,0,0,0
fed,2021-02-01,b80_84,80--84.99%,2,88,2,0.00948378057980386,0.0588235294117647
fed,2021-02-01,b85_89,85--89.99%,3,0,0,0,0
fed,2021-02-01,b90_94,90--94.99%,4,20,1,0.00215540467722815,0.0294117647058824
fed,2021-02-01,b95_100,95--100%,5,9171,31,0.988360814742968,0.911764705882353
fed,2022-09-01,b70_79,70--79.99%,1,0,0,0,0
fed,2022-09-01,b80_84,80--84.99%,2,0,0,0,0
fed,2022-09-01,b85_89,85--89.99%,3,216,4,0.00354516806722689,0.0242424242424242
fed,2022-09-01,b90_94,90--94.99%,4,4522,12,0.07421875,0.0727272727272727
fed,2022-09-01,b95_100,95--100%,5,56190,149,0.922236081932773,0.903030303030303
fed,2022-11-01,b70_79,70--79.99%,1,0,0,0,0
fed,2022-11-01,b80_84,80--84.99%,2,0,0,0,0
fed,2022-11-01,b85_89,85--89.99%,3,0,0,0,0
fed,2022-11-01,b90_94,90--94.99%,4,817,9,0.0192602371578774,0.0687022900763359
fed,2022-11-01,b95_100,95--100%,5,41602,122,0.980739762842123,0.931297709923664
fed,2007-02-01,b70_79,70--79.99%,1,0,0,0,0
fed,2007-02-01,b80_84,80--84.99%,2,0,0,0,0
fed,2007-02-01,b85_89,85--89.99%,3,1364,4,0.675247524752475,0.363636363636364
fed,2007-02-01,b90_94,90--94.99%,4,656,7,0.324752475247525,0.636363636363636
fed,2007-02-01,b95_100,95--100%,5,0,0,0,0
fed,2023-03-01,b70_79,70--79.99%,1,0,0,0,0
fed,2023-03-01,b80_84,80--84.99%,2,0,0,0,0
fed,2023-03-01,b85_89,85--89.99%,3,915,11,0.0273820924108212,0.0424710424710425
fed,2023-03-01,b90_94,90--94.99%,4,5490,47,0.164292554464927,0.181467181467181
fed,2023-03-01,b95_100,95--100%,5,27011,201,0.808325353124252,0.776061776061776
fed,2013-10-01,b70_79,70--79.99%,1,0,0,0,0
fed,2013-10-01,b80_84,80--84.99%,2,0,0,0,0
fed,2013-10-01,b85_89,85--89.99%,3,0,0,0,0
fed,2013-10-01,b90_94,90--94.99%,4,70,1,0.164319248826291,0.25
fed,2013-10-01,b95_100,95--100%,5,356,3,0.835680751173709,0.75
fed,2014-01-01,b70_79,70--79.99%,1,0,0,0,0
fed,2014-01-01,b80_84,80--84.99%,2,0,0,0,0
fed,2014-01-01,b85_89,85--89.99%,3,0,0,0,0
fed,2014-01-01,b90_94,90--94.99%,4,0,0,0,0
fed,2014-01-01,b95_100,95--100%,5,693,7,1,1
fed,2014-02-01,b70_79,70--79.99%,1,0,0,0,0
fed,2014-02-01,b80_84,80--84.99%,2,0,0,0,0
fed,2014-02-01,b85_89,85--89.99%,3,0,0,0,0
fed,2014-02-01,b90_94,90--94.99%,4,0,0,0,0
fed,2014-02-01,b95_100,95--100%,5,190,3,1,1
fed,2014-03-01,b70_79,70--79.99%,1,0,0,0,0
fed,2014-03-01,b80_84,80--84.99%,2,0,0,0,0
fed,2014-03-01,b85_89,85--89.99%,3,0,0,0,0
fed,2014-03-01,b90_94,90--94.99%,4,250,3,0.280269058295964,0.333333333333333
fed,2014-03-01,b95_100,95--100%,5,642,6,0.719730941704036,0.666666666666667
fed,2014-05-01,b70_79,70--79.99%,1,0,0,0,0
fed,2014-05-01,b80_84,80--84.99%,2,0,0,0,0
fed,2014-05-01,b85_89,85--89.99%,3,0,0,0,0
fed,2014-05-01,b90_94,90--94.99%,4,0,0,0,0
fed,2014-05-01,b95_100,95--100%,5,759,6,1,1
fed,2015-08-01,b70_79,70--79.99%,1,0,0,0,0
fed,2015-08-01,b80_84,80--84.99%,2,0,0,0,0
fed,2015-08-01,b85_89,85--89.99%,3,0,0,0,0
fed,2015-08-01,b90_94,90--94.99%,4,10,1,1,1
fed,2015-08-01,b95_100,95--100%,5,0,0,0,0
fed,2015-11-01,b70_79,70--79.99%,1,0,0,0,0
fed,2015-11-01,b80_84,80--84.99%,2,0,0,0,0
fed,2015-11-01,b85_89,85--89.99%,3,10,1,0.00858369098712446,0.166666666666667
fed,2015-11-01,b90_94,90--94.99%,4,0,0,0,0
fed,2015-11-01,b95_100,95--100%,5,1155,5,0.991416309012876,0.833333333333333
fed,2016-01-01,b70_79,70--79.99%,1,0,0,0,0
fed,2016-01-01,b80_84,80--84.99%,2,0,0,0,0
fed,2016-01-01,b85_89,85--89.99%,3,0,0,0,0
fed,2016-01-01,b90_94,90--94.99%,4,0,0,0,0
fed,2016-01-01,b95_100,95--100%,5,555,7,1,1
fed,2016-02-01,b70_79,70--79.99%,1,0,0,0,0
fed,2016-02-01,b80_84,80--84.99%,2,0,0,0,0
fed,2016-02-01,b85_89,85--89.99%,3,0,0,0,0
fed,2016-02-01,b90_94,90--94.99%,4,50,1,0.163398692810458,0.2
fed,2016-02-01,b95_100,95--100%,5,256,4,0.836601307189543,0.8
fed,2016-03-01,b70_79,70--79.99%,1,0,0,0,0
fed,2016-03-01,b80_84,80--84.99%,2,0,0,0,0
fed,2016-03-01,b85_89,85--89.99%,3,0,0,0,0
fed,2016-03-01,b90_94,90--94.99%,4,50,1,0.153374233128834,0.2
fed,2016-03-01,b95_100,95--100%,5,276,4,0.846625766871166,0.8
fed,2016-05-01,b70_79,70--79.99%,1,0,0,0,0
fed,2016-05-01,b80_84,80--84.99%,2,0,0,0,0
fed,2016-05-01,b85_89,85--89.99%,3,0,0,0,0
fed,2016-05-01,b90_94,90--94.99%,4,25,1,0.00676223965377333,0.1
fed,2016-05-01,b95_100,95--100%,5,3672,9,0.993237760346227,0.9
fed,2016-07-01,b70_79,70--79.99%,1,0,0,0,0
fed,2016-07-01,b80_84,80--84.99%,2,0,0,0,0
fed,2016-07-01,b85_89,85--89.99%,3,0,0,0,0
fed,2016-07-01,b90_94,90--94.99%,4,0,0,0,0
fed,2016-07-01,b95_100,95--100%,5,534,3,1,1
fed,2016-08-01,b70_79,70--79.99%,1,0,0,0,0
fed,2016-08-01,b80_84,80--84.99%,2,0,0,0,0
fed,2016-08-01,b85_89,85--89.99%,3,15,1,0.024390243902439,0.125
fed,2016-08-01,b90_94,90--94.99%,4,0,0,0,0
fed,2016-08-01,b95_100,95--100%,5,600,7,0.975609756097561,0.875
fed,2016-11-01,b70_79,70--79.99%,1,0,0,0,0
fed,2016-11-01,b80_84,80--84.99%,2,0,0,0,0
fed,2016-11-01,b85_89,85--89.99%,3,0,0,0,0
fed,2016-11-01,b90_94,90--94.99%,4,0,0,0,0
fed,2016-11-01,b95_100,95--100%,5,482,10,1,1
fed,2016-12-01,b70_79,70--79.99%,1,0,0,0,0
fed,2016-12-01,b80_84,80--84.99%,2,0,0,0,0
fed,2016-12-01,b85_89,85--89.99%,3,0,0,0,0
fed,2016-12-01,b90_94,90--94.99%,4,0,0,0,0
fed,2016-12-01,b95_100,95--100%,5,863,12,1,1
fed,2017-01-01,b70_79,70--79.99%,1,0,0,0,0
fed,2017-01-01,b80_84,80--84.99%,2,0,0,0,0
fed,2017-01-01,b85_89,85--89.99%,3,0,0,0,0
fed,2017-01-01,b90_94,90--94.99%,4,120,2,0.158102766798419,0.25
fed,2017-01-01,b95_100,95--100%,5,639,6,0.841897233201581,0.75
fed,2017-03-01,b70_79,70--79.99%,1,0,0,0,0
fed,2017-03-01,b80_84,80--84.99%,2,0,0,0,0
fed,2017-03-01,b85_89,85--89.99%,3,0,0,0,0
fed,2017-03-01,b90_94,90--94.99%,4,115,1,0.136741973840666,0.142857142857143
fed,2017-03-01,b95_100,95--100%,5,726,6,0.863258026159334,0.857142857142857
fed,2017-04-01,b70_79,70--79.99%,1,0,0,0,0
fed,2017-04-01,b80_84,80--84.99%,2,0,0,0,0
fed,2017-04-01,b85_89,85--89.99%,3,45,1,0.018359853121175,0.0909090909090909
fed,2017-04-01,b90_94,90--94.99%,4,0,0,0,0
fed,2017-04-01,b95_100,95--100%,5,2406,10,0.981640146878825,0.909090909090909
fed,2017-05-01,b70_79,70--79.99%,1,0,0,0,0
fed,2017-05-01,b80_84,80--84.99%,2,0,0,0,0
fed,2017-05-01,b85_89,85--89.99%,3,0,0,0,0
fed,2017-05-01,b90_94,90--94.99%,4,200,1,0.904977375565611,0.5
fed,2017-05-01,b95_100,95--100%,5,21,1,0.0950226244343891,0.5
fed,2017-09-01,b70_79,70--79.99%,1,0,0,0,0
fed,2017-09-01,b80_84,80--84.99%,2,0,0,0,0
fed,2017-09-01,b85_89,85--89.99%,3,15,1,0.0177095631641086,0.1
fed,2017-09-01,b90_94,90--94.99%,4,20,1,0.0236127508854782,0.1
fed,2017-09-01,b95_100,95--100%,5,812,8,0.958677685950413,0.8
fed,2017-10-01,b70_79,70--79.99%,1,0,0,0,0
fed,2017-10-01,b80_84,80--84.99%,2,0,0,0,0
fed,2017-10-01,b85_89,85--89.99%,3,0,0,0,0
fed,2017-10-01,b90_94,90--94.99%,4,20,1,0.0699300699300699,0.166666666666667
fed,2017-10-01,b95_100,95--100%,5,266,5,0.93006993006993,0.833333333333333
fed,2017-11-01,b70_79,70--79.99%,1,0,0,0,0
fed,2017-11-01,b80_84,80--84.99%,2,0,0,0,0
fed,2017-11-01,b85_89,85--89.99%,3,0,0,0,0
fed,2017-11-01,b90_94,90--94.99%,4,0,0,0,0
fed,2017-11-01,b95_100,95--100%,5,347,5,1,1
fed,2018-02-01,b70_79,70--79.99%,1,0,0,0,0
fed,2018-02-01,b80_84,80--84.99%,2,0,0,0,0
fed,2018-02-01,b85_89,85--89.99%,3,0,0,0,0
fed,2018-02-01,b90_94,90--94.99%,4,0,0,0,0
fed,2018-02-01,b95_100,95--100%,5,120,2,1,1
fed,2019-10-01,b70_79,70--79.99%,1,0,0,0,0
fed,2019-10-01,b80_84,80--84.99%,2,0,0,0,0
fed,2019-10-01,b85_89,85--89.99%,3,0,0,0,0
fed,2019-10-01,b90_94,90--94.99%,4,0,0,0,0
fed,2019-10-01,b95_100,95--100%,5,15,1,1,1
fed,2014-04-01,b70_79,70--79.99%,1,0,0,0,0
fed,2014-04-01,b80_84,80--84.99%,2,0,0,0,0
fed,2014-04-01,b85_89,85--89.99%,3,0,0,0,0
fed,2014-04-01,b90_94,90--94.99%,4,66,1,0.195266272189349,0.2
fed,2014-04-01,b95_100,95--100%,5,272,4,0.804733727810651,0.8
fed,2014-08-01,b70_79,70--79.99%,1,0,0,0,0
fed,2014-08-01,b80_84,80--84.99%,2,0,0,0,0
fed,2014-08-01,b85_89,85--89.99%,3,0,0,0,0
fed,2014-08-01,b90_94,90--94.99%,4,0,0,0,0
fed,2014-08-01,b95_100,95--100%,5,300,3,1,1
fed,2014-10-01,b70_79,70--79.99%,1,0,0,0,0
fed,2014-10-01,b80_84,80--84.99%,2,0,0,0,0
fed,2014-10-01,b85_89,85--89.99%,3,0,0,0,0
fed,2014-10-01,b90_94,90--94.99%,4,460,3,0.347169811320755,0.428571428571429
fed,2014-10-01,b95_100,95--100%,5,865,4,0.652830188679245,0.571428571428571
fed,2014-11-01,b70_79,70--79.99%,1,0,0,0,0
fed,2014-11-01,b80_84,80--84.99%,2,0,0,0,0
fed,2014-11-01,b85_89,85--89.99%,3,0,0,0,0
fed,2014-11-01,b90_94,90--94.99%,4,60,1,0.206896551724138,0.2
fed,2014-11-01,b95_100,95--100%,5,230,4,0.793103448275862,0.8
fed,2015-02-01,b70_79,70--79.99%,1,0,0,0,0
fed,2015-02-01,b80_84,80--84.99%,2,0,0,0,0
fed,2015-02-01,b85_89,85--89.99%,3,0,0,0,0
fed,2015-02-01,b90_94,90--94.99%,4,0,0,0,0
fed,2015-02-01,b95_100,95--100%,5,285,3,1,1
fed,2015-03-01,b70_79,70--79.99%,1,0,0,0,0
fed,2015-03-01,b80_84,80--84.99%,2,0,0,0,0
fed,2015-03-01,b85_89,85--89.99%,3,0,0,0,0
fed,2015-03-01,b90_94,90--94.99%,4,125,1,0.0957854406130268,0.166666666666667
fed,2015-03-01,b95_100,95--100%,5,1180,5,0.904214559386973,0.833333333333333
fed,2015-04-01,b70_79,70--79.99%,1,0,0,0,0
fed,2015-04-01,b80_84,80--84.99%,2,0,0,0,0
fed,2015-04-01,b85_89,85--89.99%,3,0,0,0,0
fed,2015-04-01,b90_94,90--94.99%,4,0,0,0,0
fed,2015-04-01,b95_100,95--100%,5,1539,5,1,1
fed,2015-06-01,b70_79,70--79.99%,1,0,0,0,0
fed,2015-06-01,b80_84,80--84.99%,2,0,0,0,0
fed,2015-06-01,b85_89,85--89.99%,3,0,0,0,0
fed,2015-06-01,b90_94,90--94.99%,4,0,0,0,0
fed,2015-06-01,b95_100,95--100%,5,349,4,1,1
fed,2005-05-01,b70_79,70--79.99%,1,0,0,0,0
fed,2005-05-01,b80_84,80--84.99%,2,300,1,0.335570469798658,0.166666666666667
fed,2005-05-01,b85_89,85--89.99%,3,530,3,0.592841163310962,0.5
fed,2005-05-01,b90_94,90--94.99%,4,64,2,0.0715883668903803,0.333333333333333
fed,2005-05-01,b95_100,95--100%,5,0,0,0,0
fed,2021-05-01,b70_79,70--79.99%,1,0,0,0,0
fed,2021-05-01,b80_84,80--84.99%,2,0,0,0,0
fed,2021-05-01,b85_89,85--89.99%,3,0,0,0,0
fed,2021-05-01,b90_94,90--94.99%,4,300,3,0.0754147812971342,0.1
fed,2021-05-01,b95_100,95--100%,5,3678,27,0.924585218702866,0.9
fed,2012-07-01,b70_79,70--79.99%,1,0,0,0,0
fed,2012-07-01,b80_84,80--84.99%,2,0,0,0,0
fed,2012-07-01,b85_89,85--89.99%,3,0,0,0,0
fed,2012-07-01,b90_94,90--94.99%,4,0,0,0,0
fed,2012-07-01,b95_100,95--100%,5,1900,6,1,1
fed,2012-11-01,b70_79,70--79.99%,1,0,0,0,0
fed,2012-11-01,b80_84,80--84.99%,2,0,0,0,0
fed,2012-11-01,b85_89,85--89.99%,3,0,0,0,0
fed,2012-11-01,b90_94,90--94.99%,4,0,0,0,0
fed,2012-11-01,b95_100,95--100%,5,383,2,1,1
fed,2012-12-01,b70_79,70--79.99%,1,0,0,0,0
fed,2012-12-01,b80_84,80--84.99%,2,0,0,0,0
fed,2012-12-01,b85_89,85--89.99%,3,0,0,0,0
fed,2012-12-01,b90_94,90--94.99%,4,0,0,0,0
fed,2012-12-01,b95_100,95--100%,5,358,4,1,1
fed,2013-06-01,b70_79,70--79.99%,1,0,0,0,0
fed,2013-06-01,b80_84,80--84.99%,2,0,0,0,0
fed,2013-06-01,b85_89,85--89.99%,3,0,0,0,0
fed,2013-06-01,b90_94,90--94.99%,4,0,0,0,0
fed,2013-06-01,b95_100,95--100%,5,672,3,1,1
fed,2014-07-01,b70_79,70--79.99%,1,0,0,0,0
fed,2014-07-01,b80_84,80--84.99%,2,0,0,0,0
fed,2014-07-01,b85_89,85--89.99%,3,0,0,0,0
fed,2014-07-01,b90_94,90--94.99%,4,279,2,0.36,0.333333333333333
fed,2014-07-01,b95_100,95--100%,5,496,4,0.64,0.666666666666667
fed,2014-09-01,b70_79,70--79.99%,1,0,0,0,0
fed,2014-09-01,b80_84,80--84.99%,2,0,0,0,0
fed,2014-09-01,b85_89,85--89.99%,3,0,0,0,0
fed,2014-09-01,b90_94,90--94.99%,4,50,1,0.239234449760766,0.2
fed,2014-09-01,b95_100,95--100%,5,159,4,0.760765550239234,0.8
fed,2014-12-01,b70_79,70--79.99%,1,0,0,0,0
fed,2014-12-01,b80_84,80--84.99%,2,0,0,0,0
fed,2014-12-01,b85_89,85--89.99%,3,0,0,0,0
fed,2014-12-01,b90_94,90--94.99%,4,158,3,0.126298960831335,0.272727272727273
fed,2014-12-01,b95_100,95--100%,5,1093,8,0.873701039168665,0.727272727272727
fed,2015-01-01,b70_79,70--79.99%,1,0,0,0,0
fed,2015-01-01,b80_84,80--84.99%,2,0,0,0,0
fed,2015-01-01,b85_89,85--89.99%,3,0,0,0,0
fed,2015-01-01,b90_94,90--94.99%,4,0,0,0,0
fed,2015-01-01,b95_100,95--100%,5,38,1,1,1
fed,2020-12-01,b70_79,70--79.99%,1,0,0,0,0
fed,2020-12-01,b80_84,80--84.99%,2,0,0,0,0
fed,2020-12-01,b85_89,85--89.99%,3,0,0,0,0
fed,2020-12-01,b90_94,90--94.99%,4,335,3,0.118082481494536,0.130434782608696
fed,2020-12-01,b95_100,95--100%,5,2502,20,0.881917518505464,0.869565217391304
fed,2017-02-01,b70_79,70--79.99%,1,0,0,0,0
fed,2017-02-01,b80_84,80--84.99%,2,0,0,0,0
fed,2017-02-01,b85_89,85--89.99%,3,0,0,0,0
fed,2017-02-01,b90_94,90--94.99%,4,0,0,0,0
fed,2017-02-01,b95_100,95--100%,5,120,2,1,1
fed,2005-08-01,b70_79,70--79.99%,1,0,0,0,0
fed,2005-08-01,b80_84,80--84.99%,2,0,0,0,0
fed,2005-08-01,b85_89,85--89.99%,3,500,1,0.727802037845706,0.2
fed,2005-08-01,b90_94,90--94.99%,4,187,4,0.272197962154294,0.8
fed,2005-08-01,b95_100,95--100%,5,0,0,0,0
fed,2005-09-01,b70_79,70--79.99%,1,0,0,0,0
fed,2005-09-01,b80_84,80--84.99%,2,0,0,0,0
fed,2005-09-01,b85_89,85--89.99%,3,0,0,0,0
fed,2005-09-01,b90_94,90--94.99%,4,943,8,1,1
fed,2005-09-01,b95_100,95--100%,5,0,0,0,0
fed,2005-10-01,b70_79,70--79.99%,1,0,0,0,0
fed,2005-10-01,b80_84,80--84.99%,2,0,0,0,0
fed,2005-10-01,b85_89,85--89.99%,3,0,0,0,0
fed,2005-10-01,b90_94,90--94.99%,4,584,7,1,1
fed,2005-10-01,b95_100,95--100%,5,0,0,0,0
fed,2005-12-01,b70_79,70--79.99%,1,200,2,0.148809523809524,0.166666666666667
fed,2005-12-01,b80_84,80--84.99%,2,300,3,0.223214285714286,0.25
fed,2005-12-01,b85_89,85--89.99%,3,110,1,0.0818452380952381,0.0833333333333333
fed,2005-12-01,b90_94,90--94.99%,4,734,6,0.546130952380952,0.5
fed,2005-12-01,b95_100,95--100%,5,0,0,0,0
fed,2006-06-01,b70_79,70--79.99%,1,0,0,0,0
fed,2006-06-01,b80_84,80--84.99%,2,0,0,0,0
fed,2006-06-01,b85_89,85--89.99%,3,100,1,0.333333333333333,0.5
fed,2006-06-01,b90_94,90--94.99%,4,200,1,0.666666666666667,0.5
fed,2006-06-01,b95_100,95--100%,5,0,0,0,0
fed,2009-01-01,b70_79,70--79.99%,1,0,0,0,0
fed,2009-01-01,b80_84,80--84.99%,2,0,0,0,0
fed,2009-01-01,b85_89,85--89.99%,3,150,1,0.555555555555556,0.333333333333333
fed,2009-01-01,b90_94,90--94.99%,4,120,2,0.444444444444444,0.666666666666667
fed,2009-01-01,b95_100,95--100%,5,0,0,0,0
fed,2020-11-01,b70_79,70--79.99%,1,0,0,0,0
fed,2020-11-01,b80_84,80--84.99%,2,0,0,0,0
fed,2020-11-01,b85_89,85--89.99%,3,0,0,0,0
fed,2020-11-01,b90_94,90--94.99%,4,274,5,0.0669926650366748,0.185185185185185
fed,2020-11-01,b95_100,95--100%,5,3816,22,0.933007334963325,0.814814814814815
fed,2005-07-01,b70_79,70--79.99%,1,0,0,0,0
fed,2005-07-01,b80_84,80--84.99%,2,0,0,0,0
fed,2005-07-01,b85_89,85--89.99%,3,0,0,0,0
fed,2005-07-01,b90_94,90--94.99%,4,265,4,1,1
fed,2005-07-01,b95_100,95--100%,5,0,0,0,0
fed,2006-07-01,b70_79,70--79.99%,1,0,0,0,0
fed,2006-07-01,b80_84,80--84.99%,2,0,0,0,0
fed,2006-07-01,b85_89,85--89.99%,3,40,1,0.666666666666667,0.5
fed,2006-07-01,b90_94,90--94.99%,4,20,1,0.333333333333333,0.5
fed,2006-07-01,b95_100,95--100%,5,0,0,0,0
fed,2006-08-01,b70_79,70--79.99%,1,0,0,0,0
fed,2006-08-01,b80_84,80--84.99%,2,0,0,0,0
fed,2006-08-01,b85_89,85--89.99%,3,861,7,0.778481012658228,0.7
fed,2006-08-01,b90_94,90--94.99%,4,245,3,0.221518987341772,0.3
fed,2006-08-01,b95_100,95--100%,5,0,0,0,0
fed,2007-01-01,b70_79,70--79.99%,1,0,0,0,0
fed,2007-01-01,b80_84,80--84.99%,2,0,0,0,0
fed,2007-01-01,b85_89,85--89.99%,3,0,0,0,0
fed,2007-01-01,b90_94,90--94.99%,4,535,2,1,1
fed,2007-01-01,b95_100,95--100%,5,0,0,0,0
fed,2020-01-01,b70_79,70--79.99%,1,0,0,0,0
fed,2020-01-01,b80_84,80--84.99%,2,0,0,0,0
fed,2020-01-01,b85_89,85--89.99%,3,0,0,0,0
fed,2020-01-01,b90_94,90--94.99%,4,0,0,0,0
fed,2020-01-01,b95_100,95--100%,5,504,4,1,1
fed,2005-11-01,b70_79,70--79.99%,1,0,0,0,0
fed,2005-11-01,b80_84,80--84.99%,2,0,0,0,0
fed,2005-11-01,b85_89,85--89.99%,3,450,3,0.530035335689046,0.272727272727273
fed,2005-11-01,b90_94,90--94.99%,4,399,8,0.469964664310954,0.727272727272727
fed,2005-11-01,b95_100,95--100%,5,0,0,0,0
fed,2006-03-01,b70_79,70--79.99%,1,0,0,0,0
fed,2006-03-01,b80_84,80--84.99%,2,0,0,0,0
fed,2006-03-01,b85_89,85--89.99%,3,0,0,0,0
fed,2006-03-01,b90_94,90--94.99%,4,785,4,0.91812865497076,0.8
fed,2006-03-01,b95_100,95--100%,5,70,1,0.0818713450292398,0.2
fed,2005-04-01,b70_79,70--79.99%,1,0,0,0,0
fed,2005-04-01,b80_84,80--84.99%,2,0,0,0,0
fed,2005-04-01,b85_89,85--89.99%,3,0,0,0,0
fed,2005-04-01,b90_94,90--94.99%,4,93,2,1,1
fed,2005-04-01,b95_100,95--100%,5,0,0,0,0
fed,2008-12-01,b70_79,70--79.99%,1,0,0,0,0
fed,2008-12-01,b80_84,80--84.99%,2,0,0,0,0
fed,2008-12-01,b85_89,85--89.99%,3,0,0,0,0
fed,2008-12-01,b90_94,90--94.99%,4,131,2,0.237749546279492,0.333333333333333
fed,2008-12-01,b95_100,95--100%,5,420,4,0.762250453720508,0.666666666666667
fed,2009-07-01,b70_79,70--79.99%,1,0,0,0,0
fed,2009-07-01,b80_84,80--84.99%,2,0,0,0,0
fed,2009-07-01,b85_89,85--89.99%,3,0,0,0,0
fed,2009-07-01,b90_94,90--94.99%,4,40,1,0.102564102564103,0.333333333333333
fed,2009-07-01,b95_100,95--100%,5,350,2,0.897435897435897,0.666666666666667
fed,2006-09-01,b70_79,70--79.99%,1,0,0,0,0
fed,2006-09-01,b80_84,80--84.99%,2,0,0,0,0
fed,2006-09-01,b85_89,85--89.99%,3,0,0,0,0
fed,2006-09-01,b90_94,90--94.99%,4,60,1,1,1
fed,2006-09-01,b95_100,95--100%,5,0,0,0,0
fed,2007-11-01,b70_79,70--79.99%,1,0,0,0,0
fed,2007-11-01,b80_84,80--84.99%,2,0,0,0,0
fed,2007-11-01,b85_89,85--89.99%,3,0,0,0,0
fed,2007-11-01,b90_94,90--94.99%,4,0,0,0,0
fed,2007-11-01,b95_100,95--100%,5,150,1,1,1
fed,2006-11-01,b70_79,70--79.99%,1,0,0,0,0
fed,2006-11-01,b80_84,80--84.99%,2,0,0,0,0
fed,2006-11-01,b85_89,85--89.99%,3,0,0,0,0
fed,2006-11-01,b90_94,90--94.99%,4,64,1,1,1
fed,2006-11-01,b95_100,95--100%,5,0,0,0,0
fed,2009-02-01,b70_79,70--79.99%,1,0,0,0,0
fed,2009-02-01,b80_84,80--84.99%,2,0,0,0,0
fed,2009-02-01,b85_89,85--89.99%,3,0,0,0,0
fed,2009-02-01,b90_94,90--94.99%,4,0,0,0,0
fed,2009-02-01,b95_100,95--100%,5,344,5,1,1
fed,2006-01-01,b70_79,70--79.99%,1,0,0,0,0
fed,2006-01-01,b80_84,80--84.99%,2,0,0,0,0
fed,2006-01-01,b85_89,85--89.99%,3,80,1,0.0210692652093758,0.1
fed,2006-01-01,b90_94,90--94.99%,4,3717,9,0.978930734790624,0.9
fed,2006-01-01,b95_100,95--100%,5,0,0,0,0
fed,2007-03-01,b70_79,70--79.99%,1,0,0,0,0
fed,2007-03-01,b80_84,80--84.99%,2,0,0,0,0
fed,2007-03-01,b85_89,85--89.99%,3,0,0,0,0
fed,2007-03-01,b90_94,90--94.99%,4,800,3,1,1
fed,2007-03-01,b95_100,95--100%,5,0,0,0,0
fed,2007-04-01,b70_79,70--79.99%,1,0,0,0,0
fed,2007-04-01,b80_84,80--84.99%,2,0,0,0,0
fed,2007-04-01,b85_89,85--89.99%,3,0,0,0,0
fed,2007-04-01,b90_94,90--94.99%,4,1500,2,1,1
fed,2007-04-01,b95_100,95--100%,5,0,0,0,0
fed,2018-10-01,b70_79,70--79.99%,1,0,0,0,0
fed,2018-10-01,b80_84,80--84.99%,2,0,0,0,0
fed,2018-10-01,b85_89,85--89.99%,3,0,0,0,0
fed,2018-10-01,b90_94,90--94.99%,4,0,0,0,0
fed,2018-10-01,b95_100,95--100%,5,172,3,1,1
fed,2011-03-01,b70_79,70--79.99%,1,0,0,0,0
fed,2011-03-01,b80_84,80--84.99%,2,0,0,0,0
fed,2011-03-01,b85_89,85--89.99%,3,0,0,0,0
fed,2011-03-01,b90_94,90--94.99%,4,150,2,0.177725118483412,0.25
fed,2011-03-01,b95_100,95--100%,5,694,6,0.822274881516588,0.75
fed,2016-10-01,b70_79,70--79.99%,1,0,0,0,0
fed,2016-10-01,b80_84,80--84.99%,2,0,0,0,0
fed,2016-10-01,b85_89,85--89.99%,3,0,0,0,0
fed,2016-10-01,b90_94,90--94.99%,4,200,1,0.179856115107914,0.142857142857143
fed,2016-10-01,b95_100,95--100%,5,912,6,0.820143884892086,0.857142857142857
fed,2018-08-01,b70_79,70--79.99%,1,0,0,0,0
fed,2018-08-01,b80_84,80--84.99%,2,0,0,0,0
fed,2018-08-01,b85_89,85--89.99%,3,0,0,0,0
fed,2018-08-01,b90_94,90--94.99%,4,65,1,1,1
fed,2018-08-01,b95_100,95--100%,5,0,0,0,0
fed,2006-02-01,b70_79,70--79.99%,1,0,0,0,0
fed,2006-02-01,b80_84,80--84.99%,2,0,0,0,0
fed,2006-02-01,b85_89,85--89.99%,3,298,3,0.151576805696846,0.214285714285714
fed,2006-02-01,b90_94,90--94.99%,4,1668,11,0.848423194303154,0.785714285714286
fed,2006-02-01,b95_100,95--100%,5,0,0,0,0
fed,2006-05-01,b70_79,70--79.99%,1,0,0,0,0
fed,2006-05-01,b80_84,80--84.99%,2,0,0,0,0
fed,2006-05-01,b85_89,85--89.99%,3,0,0,0,0
fed,2006-05-01,b90_94,90--94.99%,4,85,1,1,1
fed,2006-05-01,b95_100,95--100%,5,0,0,0,0
fed,2015-05-01,b70_79,70--79.99%,1,0,0,0,0
fed,2015-05-01,b80_84,80--84.99%,2,0,0,0,0
fed,2015-05-01,b85_89,85--89.99%,3,0,0,0,0
fed,2015-05-01,b90_94,90--94.99%,4,127,3,0.312039312039312,0.375
fed,2015-05-01,b95_100,95--100%,5,280,5,0.687960687960688,0.625
fed,2015-07-01,b70_79,70--79.99%,1,0,0,0,0
fed,2015-07-01,b80_84,80--84.99%,2,0,0,0,0
fed,2015-07-01,b85_89,85--89.99%,3,0,0,0,0
fed,2015-07-01,b90_94,90--94.99%,4,14,1,0.0853658536585366,0.333333333333333
fed,2015-07-01,b95_100,95--100%,5,150,2,0.914634146341463,0.666666666666667
fed,2015-10-01,b70_79,70--79.99%,1,0,0,0,0
fed,2015-10-01,b80_84,80--84.99%,2,0,0,0,0
fed,2015-10-01,b85_89,85--89.99%,3,0,0,0,0
fed,2015-10-01,b90_94,90--94.99%,4,0,0,0,0
fed,2015-10-01,b95_100,95--100%,5,2268,5,1,1
fed,2016-06-01,b70_79,70--79.99%,1,0,0,0,0
fed,2016-06-01,b80_84,80--84.99%,2,0,0,0,0
fed,2016-06-01,b85_89,85--89.99%,3,0,0,0,0
fed,2016-06-01,b90_94,90--94.99%,4,0,0,0,0
fed,2016-06-01,b95_100,95--100%,5,95,2,1,1
fed,2005-01-01,b70_79,70--79.99%,1,0,0,0,0
fed,2005-01-01,b80_84,80--84.99%,2,0,0,0,0
fed,2005-01-01,b85_89,85--89.99%,3,200,1,0.28735632183908,0.125
fed,2005-01-01,b90_94,90--94.99%,4,496,7,0.71264367816092,0.875
fed,2005-01-01,b95_100,95--100%,5,0,0,0,0
fed,2018-01-01,b70_79,70--79.99%,1,0,0,0,0
fed,2018-01-01,b80_84,80--84.99%,2,0,0,0,0
fed,2018-01-01,b85_89,85--89.99%,3,0,0,0,0
fed,2018-01-01,b90_94,90--94.99%,4,65,1,1,1
fed,2018-01-01,b95_100,95--100%,5,0,0,0,0
fed,2005-06-01,b70_79,70--79.99%,1,0,0,0,0
fed,2005-06-01,b80_84,80--84.99%,2,0,0,0,0
fed,2005-06-01,b85_89,85--89.99%,3,0,0,0,0
fed,2005-06-01,b90_94,90--94.99%,4,760,3,1,1
fed,2005-06-01,b95_100,95--100%,5,0,0,0,0
fed,2009-10-01,b70_79,70--79.99%,1,0,0,0,0
fed,2009-10-01,b80_84,80--84.99%,2,0,0,0,0
fed,2009-10-01,b85_89,85--89.99%,3,0,0,0,0
fed,2009-10-01,b90_94,90--94.99%,4,0,0,0,0
fed,2009-10-01,b95_100,95--100%,5,500,5,1,1
fed,2010-04-01,b70_79,70--79.99%,1,0,0,0,0
fed,2010-04-01,b80_84,80--84.99%,2,0,0,0,0
fed,2010-04-01,b85_89,85--89.99%,3,0,0,0,0
fed,2010-04-01,b90_94,90--94.99%,4,36,1,0.0566037735849057,0.0909090909090909
fed,2010-04-01,b95_100,95--100%,5,600,10,0.943396226415094,0.909090909090909
fed,2011-01-01,b70_79,70--79.99%,1,0,0,0,0
fed,2011-01-01,b80_84,80--84.99%,2,0,0,0,0
fed,2011-01-01,b85_89,85--89.99%,3,0,0,0,0
fed,2011-01-01,b90_94,90--94.99%,4,0,0,0,0
fed,2011-01-01,b95_100,95--100%,5,322,2,1,1
fed,2011-02-01,b70_79,70--79.99%,1,0,0,0,0
fed,2011-02-01,b80_84,80--84.99%,2,0,0,0,0
fed,2011-02-01,b85_89,85--89.99%,3,0,0,0,0
fed,2011-02-01,b90_94,90--94.99%,4,0,0,0,0
fed,2011-02-01,b95_100,95--100%,5,119,2,1,1
fed,2010-03-01,b70_79,70--79.99%,1,0,0,0,0
fed,2010-03-01,b80_84,80--84.99%,2,0,0,0,0
fed,2010-03-01,b85_89,85--89.99%,3,0,0,0,0
fed,2010-03-01,b90_94,90--94.99%,4,0,0,0,0
fed,2010-03-01,b95_100,95--100%,5,2550,20,1,1
fed,2010-11-01,b70_79,70--79.99%,1,0,0,0,0
fed,2010-11-01,b80_84,80--84.99%,2,0,0,0,0
fed,2010-11-01,b85_89,85--89.99%,3,0,0,0,0
fed,2010-11-01,b90_94,90--94.99%,4,0,0,0,0
fed,2010-11-01,b95_100,95--100%,5,367,5,1,1
fed,2013-01-01,b70_79,70--79.99%,1,0,0,0,0
fed,2013-01-01,b80_84,80--84.99%,2,0,0,0,0
fed,2013-01-01,b85_89,85--89.99%,3,0,0,0,0
fed,2013-01-01,b90_94,90--94.99%,4,0,0,0,0
fed,2013-01-01,b95_100,95--100%,5,100,1,1,1
fed,2014-06-01,b70_79,70--79.99%,1,0,0,0,0
fed,2014-06-01,b80_84,80--84.99%,2,0,0,0,0
fed,2014-06-01,b85_89,85--89.99%,3,0,0,0,0
fed,2014-06-01,b90_94,90--94.99%,4,0,0,0,0
fed,2014-06-01,b95_100,95--100%,5,3858,12,1,1
fed,2007-12-01,b70_79,70--79.99%,1,0,0,0,0
fed,2007-12-01,b80_84,80--84.99%,2,0,0,0,0
fed,2007-12-01,b85_89,85--89.99%,3,0,0,0,0
fed,2007-12-01,b90_94,90--94.99%,4,0,0,0,0
fed,2007-12-01,b95_100,95--100%,5,385,5,1,1
fed,2008-01-01,b70_79,70--79.99%,1,0,0,0,0
fed,2008-01-01,b80_84,80--84.99%,2,0,0,0,0
fed,2008-01-01,b85_89,85--89.99%,3,0,0,0,0
fed,2008-01-01,b90_94,90--94.99%,4,46,1,0.0619946091644205,0.25
fed,2008-01-01,b95_100,95--100%,5,696,3,0.93800539083558,0.75
fed,2008-04-01,b70_79,70--79.99%,1,0,0,0,0
fed,2008-04-01,b80_84,80--84.99%,2,0,0,0,0
fed,2008-04-01,b85_89,85--89.99%,3,0,0,0,0
fed,2008-04-01,b90_94,90--94.99%,4,0,0,0,0
fed,2008-04-01,b95_100,95--100%,5,55,1,1,1
fed,2008-05-01,b70_79,70--79.99%,1,0,0,0,0
fed,2008-05-01,b80_84,80--84.99%,2,0,0,0,0
fed,2008-05-01,b85_89,85--89.99%,3,0,0,0,0
fed,2008-05-01,b90_94,90--94.99%,4,13,1,1,1
fed,2008-05-01,b95_100,95--100%,5,0,0,0,0
fed,2009-12-01,b70_79,70--79.99%,1,0,0,0,0
fed,2009-12-01,b80_84,80--84.99%,2,0,0,0,0
fed,2009-12-01,b85_89,85--89.99%,3,0,0,0,0
fed,2009-12-01,b90_94,90--94.99%,4,0,0,0,0
fed,2009-12-01,b95_100,95--100%,5,207,2,1,1
fed,2010-12-01,b70_79,70--79.99%,1,0,0,0,0
fed,2010-12-01,b80_84,80--84.99%,2,0,0,0,0
fed,2010-12-01,b85_89,85--89.99%,3,0,0,0,0
fed,2010-12-01,b90_94,90--94.99%,4,0,0,0,0
fed,2010-12-01,b95_100,95--100%,5,563,4,1,1
fed,2011-10-01,b70_79,70--79.99%,1,0,0,0,0
fed,2011-10-01,b80_84,80--84.99%,2,0,0,0,0
fed,2011-10-01,b85_89,85--89.99%,3,0,0,0,0
fed,2011-10-01,b90_94,90--94.99%,4,0,0,0,0
fed,2011-10-01,b95_100,95--100%,5,412,3,1,1
fed,2011-12-01,b70_79,70--79.99%,1,0,0,0,0
fed,2011-12-01,b80_84,80--84.99%,2,0,0,0,0
fed,2011-12-01,b85_89,85--89.99%,3,0,0,0,0
fed,2011-12-01,b90_94,90--94.99%,4,0,0,0,0
fed,2011-12-01,b95_100,95--100%,5,117,1,1,1
fed,2013-12-01,b70_79,70--79.99%,1,0,0,0,0
fed,2013-12-01,b80_84,80--84.99%,2,0,0,0,0
fed,2013-12-01,b85_89,85--89.99%,3,0,0,0,0
fed,2013-12-01,b90_94,90--94.99%,4,0,0,0,0
fed,2013-12-01,b95_100,95--100%,5,373,2,1,1
fed,2017-12-01,b70_79,70--79.99%,1,0,0,0,0
fed,2017-12-01,b80_84,80--84.99%,2,0,0,0,0
fed,2017-12-01,b85_89,85--89.99%,3,0,0,0,0
fed,2017-12-01,b90_94,90--94.99%,4,0,0,0,0
fed,2017-12-01,b95_100,95--100%,5,100,1,1,1
fed,2011-04-01,b70_79,70--79.99%,1,0,0,0,0
fed,2011-04-01,b80_84,80--84.99%,2,0,0,0,0
fed,2011-04-01,b85_89,85--89.99%,3,0,0,0,0
fed,2011-04-01,b90_94,90--94.99%,4,50,1,0.0588235294117647,0.25
fed,2011-04-01,b95_100,95--100%,5,800,3,0.941176470588235,0.75
fed,2012-05-01,b70_79,70--79.99%,1,0,0,0,0
fed,2012-05-01,b80_84,80--84.99%,2,0,0,0,0
fed,2012-05-01,b85_89,85--89.99%,3,0,0,0,0
fed,2012-05-01,b90_94,90--94.99%,4,100,1,0.588235294117647,0.333333333333333
fed,2012-05-01,b95_100,95--100%,5,70,2,0.411764705882353,0.666666666666667
fed,2012-06-01,b70_79,70--79.99%,1,0,0,0,0
fed,2012-06-01,b80_84,80--84.99%,2,0,0,0,0
fed,2012-06-01,b85_89,85--89.99%,3,0,0,0,0
fed,2012-06-01,b90_94,90--94.99%,4,172,1,1,1
fed,2012-06-01,b95_100,95--100%,5,0,0,0,0
fed,2016-04-01,b70_79,70--79.99%,1,0,0,0,0
fed,2016-04-01,b80_84,80--84.99%,2,0,0,0,0
fed,2016-04-01,b85_89,85--89.99%,3,0,0,0,0
fed,2016-04-01,b90_94,90--94.99%,4,0,0,0,0
fed,2016-04-01,b95_100,95--100%,5,435,2,1,1
fed,2009-08-01,b70_79,70--79.99%,1,0,0,0,0
fed,2009-08-01,b80_84,80--84.99%,2,0,0,0,0
fed,2009-08-01,b85_89,85--89.99%,3,0,0,0,0
fed,2009-08-01,b90_94,90--94.99%,4,0,0,0,0
fed,2009-08-01,b95_100,95--100%,5,292,2,1,1
fed,2009-09-01,b70_79,70--79.99%,1,0,0,0,0
fed,2009-09-01,b80_84,80--84.99%,2,0,0,0,0
fed,2009-09-01,b85_89,85--89.99%,3,0,0,0,0
fed,2009-09-01,b90_94,90--94.99%,4,100,1,0.0297619047619048,0.1
fed,2009-09-01,b95_100,95--100%,5,3260,9,0.970238095238095,0.9
fed,2010-02-01,b70_79,70--79.99%,1,0,0,0,0
fed,2010-02-01,b80_84,80--84.99%,2,0,0,0,0
fed,2010-02-01,b85_89,85--89.99%,3,0,0,0,0
fed,2010-02-01,b90_94,90--94.99%,4,0,0,0,0
fed,2010-02-01,b95_100,95--100%,5,410,6,1,1
fed,2010-05-01,b70_79,70--79.99%,1,0,0,0,0
fed,2010-05-01,b80_84,80--84.99%,2,0,0,0,0
fed,2010-05-01,b85_89,85--89.99%,3,0,0,0,0
fed,2010-05-01,b90_94,90--94.99%,4,0,0,0,0
fed,2010-05-01,b95_100,95--100%,5,440,5,1,1
fed,2010-08-01,b70_79,70--79.99%,1,0,0,0,0
fed,2010-08-01,b80_84,80--84.99%,2,0,0,0,0
fed,2010-08-01,b85_89,85--89.99%,3,0,0,0,0
fed,2010-08-01,b90_94,90--94.99%,4,0,0,0,0
fed,2010-08-01,b95_100,95--100%,5,968,7,1,1
fed,2011-06-01,b70_79,70--79.99%,1,0,0,0,0
fed,2011-06-01,b80_84,80--84.99%,2,0,0,0,0
fed,2011-06-01,b85_89,85--89.99%,3,0,0,0,0
fed,2011-06-01,b90_94,90--94.99%,4,0,0,0,0
fed,2011-06-01,b95_100,95--100%,5,120,2,1,1
fed,2011-08-01,b70_79,70--79.99%,1,0,0,0,0
fed,2011-08-01,b80_84,80--84.99%,2,0,0,0,0
fed,2011-08-01,b85_89,85--89.99%,3,0,0,0,0
fed,2011-08-01,b90_94,90--94.99%,4,200,1,0.298507462686567,0.25
fed,2011-08-01,b95_100,95--100%,5,470,3,0.701492537313433,0.75
fed,2012-09-01,b70_79,70--79.99%,1,0,0,0,0
fed,2012-09-01,b80_84,80--84.99%,2,0,0,0,0
fed,2012-09-01,b85_89,85--89.99%,3,0,0,0,0
fed,2012-09-01,b90_94,90--94.99%,4,80,1,0.285714285714286,0.5
fed,2012-09-01,b95_100,95--100%,5,200,1,0.714285714285714,0.5
fed,2013-09-01,b70_79,70--79.99%,1,0,0,0,0
fed,2013-09-01,b80_84,80--84.99%,2,0,0,0,0
fed,2013-09-01,b85_89,85--89.99%,3,0,0,0,0
fed,2013-09-01,b90_94,90--94.99%,4,0,0,0,0
fed,2013-09-01,b95_100,95--100%,5,765,3,1,1
fed,2013-11-01,b70_79,70--79.99%,1,0,0,0,0
fed,2013-11-01,b80_84,80--84.99%,2,0,0,0,0
fed,2013-11-01,b85_89,85--89.99%,3,0,0,0,0
fed,2013-11-01,b90_94,90--94.99%,4,0,0,0,0
fed,2013-11-01,b95_100,95--100%,5,543,4,1,1
fed,2018-09-01,b70_79,70--79.99%,1,0,0,0,0
fed,2018-09-01,b80_84,80--84.99%,2,0,0,0,0
fed,2018-09-01,b85_89,85--89.99%,3,0,0,0,0
fed,2018-09-01,b90_94,90--94.99%,4,0,0,0,0
fed,2018-09-01,b95_100,95--100%,5,85,2,1,1
fed,2008-02-01,b70_79,70--79.99%,1,0,0,0,0
fed,2008-02-01,b80_84,80--84.99%,2,0,0,0,0
fed,2008-02-01,b85_89,85--89.99%,3,0,0,0,0
fed,2008-02-01,b90_94,90--94.99%,4,46,1,0.5,0.5
fed,2008-02-01,b95_100,95--100%,5,46,1,0.5,0.5
fed,2012-03-01,b70_79,70--79.99%,1,0,0,0,0
fed,2012-03-01,b80_84,80--84.99%,2,0,0,0,0
fed,2012-03-01,b85_89,85--89.99%,3,0,0,0,0
fed,2012-03-01,b90_94,90--94.99%,4,600,2,0.6,0.666666666666667
fed,2012-03-01,b95_100,95--100%,5,400,1,0.4,0.333333333333333
fed,2019-05-01,b70_79,70--79.99%,1,0,0,0,0
fed,2019-05-01,b80_84,80--84.99%,2,0,0,0,0
fed,2019-05-01,b85_89,85--89.99%,3,0,0,0,0
fed,2019-05-01,b90_94,90--94.99%,4,0,0,0,0
fed,2019-05-01,b95_100,95--100%,5,80,1,1,1
fed,2007-09-01,b70_79,70--79.99%,1,0,0,0,0
fed,2007-09-01,b80_84,80--84.99%,2,0,0,0,0
fed,2007-09-01,b85_89,85--89.99%,3,0,0,0,0
fed,2007-09-01,b90_94,90--94.99%,4,0,0,0,0
fed,2007-09-01,b95_100,95--100%,5,90,1,1,1
fed,2007-10-01,b70_79,70--79.99%,1,0,0,0,0
fed,2007-10-01,b80_84,80--84.99%,2,0,0,0,0
fed,2007-10-01,b85_89,85--89.99%,3,0,0,0,0
fed,2007-10-01,b90_94,90--94.99%,4,0,0,0,0
fed,2007-10-01,b95_100,95--100%,5,25,1,1,1
fed,2008-03-01,b70_79,70--79.99%,1,0,0,0,0
fed,2008-03-01,b80_84,80--84.99%,2,0,0,0,0
fed,2008-03-01,b85_89,85--89.99%,3,0,0,0,0
fed,2008-03-01,b90_94,90--94.99%,4,500,1,1,1
fed,2008-03-01,b95_100,95--100%,5,0,0,0,0
fed,2008-07-01,b70_79,70--79.99%,1,0,0,0,0
fed,2008-07-01,b80_84,80--84.99%,2,0,0,0,0
fed,2008-07-01,b85_89,85--89.99%,3,0,0,0,0
fed,2008-07-01,b90_94,90--94.99%,4,0,0,0,0
fed,2008-07-01,b95_100,95--100%,5,400,2,1,1
fed,2008-08-01,b70_79,70--79.99%,1,0,0,0,0
fed,2008-08-01,b80_84,80--84.99%,2,0,0,0,0
fed,2008-08-01,b85_89,85--89.99%,3,0,0,0,0
fed,2008-08-01,b90_94,90--94.99%,4,0,0,0,0
fed,2008-08-01,b95_100,95--100%,5,190,2,1,1
fed,2008-09-01,b70_79,70--79.99%,1,0,0,0,0
fed,2008-09-01,b80_84,80--84.99%,2,0,0,0,0
fed,2008-09-01,b85_89,85--89.99%,3,0,0,0,0
fed,2008-09-01,b90_94,90--94.99%,4,0,0,0,0
fed,2008-09-01,b95_100,95--100%,5,1200,2,1,1
fed,2008-10-01,b70_79,70--79.99%,1,0,0,0,0
fed,2008-10-01,b80_84,80--84.99%,2,0,0,0,0
fed,2008-10-01,b85_89,85--89.99%,3,0,0,0,0
fed,2008-10-01,b90_94,90--94.99%,4,0,0,0,0
fed,2008-10-01,b95_100,95--100%,5,300,1,1,1
fed,2009-04-01,b70_79,70--79.99%,1,0,0,0,0
fed,2009-04-01,b80_84,80--84.99%,2,0,0,0,0
fed,2009-04-01,b85_89,85--89.99%,3,0,0,0,0
fed,2009-04-01,b90_94,90--94.99%,4,0,0,0,0
fed,2009-04-01,b95_100,95--100%,5,120,1,1,1
fed,2009-11-01,b70_79,70--79.99%,1,0,0,0,0
fed,2009-11-01,b80_84,80--84.99%,2,0,0,0,0
fed,2009-11-01,b85_89,85--89.99%,3,0,0,0,0
fed,2009-11-01,b90_94,90--94.99%,4,0,0,0,0
fed,2009-11-01,b95_100,95--100%,5,200,1,1,1
fed,2010-07-01,b70_79,70--79.99%,1,0,0,0,0
fed,2010-07-01,b80_84,80--84.99%,2,0,0,0,0
fed,2010-07-01,b85_89,85--89.99%,3,0,0,0,0
fed,2010-07-01,b90_94,90--94.99%,4,100,1,0.5,0.5
fed,2010-07-01,b95_100,95--100%,5,100,1,0.5,0.5
fed,2010-09-01,b70_79,70--79.99%,1,0,0,0,0
fed,2010-09-01,b80_84,80--84.99%,2,0,0,0,0
fed,2010-09-01,b85_89,85--89.99%,3,0,0,0,0
fed,2010-09-01,b90_94,90--94.99%,4,0,0,0,0
fed,2010-09-01,b95_100,95--100%,5,105,2,1,1
fed,2011-05-01,b70_79,70--79.99%,1,0,0,0,0
fed,2011-05-01,b80_84,80--84.99%,2,0,0,0,0
fed,2011-05-01,b85_89,85--89.99%,3,0,0,0,0
fed,2011-05-01,b90_94,90--94.99%,4,0,0,0,0
fed,2011-05-01,b95_100,95--100%,5,1840,4,1,1
fed,2011-11-01,b70_79,70--79.99%,1,0,0,0,0
fed,2011-11-01,b80_84,80--84.99%,2,0,0,0,0
fed,2011-11-01,b85_89,85--89.99%,3,0,0,0,0
fed,2011-11-01,b90_94,90--94.99%,4,0,0,0,0
fed,2011-11-01,b95_100,95--100%,5,20,1,1,1
fed,2012-01-01,b70_79,70--79.99%,1,0,0,0,0
fed,2012-01-01,b80_84,80--84.99%,2,0,0,0,0
fed,2012-01-01,b85_89,85--89.99%,3,0,0,0,0
fed,2012-01-01,b90_94,90--94.99%,4,0,0,0,0
fed,2012-01-01,b95_100,95--100%,5,108,1,1,1
fed,2012-02-01,b70_79,70--79.99%,1,0,0,0,0
fed,2012-02-01,b80_84,80--84.99%,2,0,0,0,0
fed,2012-02-01,b85_89,85--89.99%,3,0,0,0,0
fed,2012-02-01,b90_94,90--94.99%,4,0,0,0,0
fed,2012-02-01,b95_100,95--100%,5,200,1,1,1
fed,2012-04-01,b70_79,70--79.99%,1,0,0,0,0
fed,2012-04-01,b80_84,80--84.99%,2,0,0,0,0
fed,2012-04-01,b85_89,85--89.99%,3,0,0,0,0
fed,2012-04-01,b90_94,90--94.99%,4,0,0,0,0
fed,2012-04-01,b95_100,95--100%,5,250,1,1,1
fed,2012-10-01,b70_79,70--79.99%,1,0,0,0,0
fed,2012-10-01,b80_84,80--84.99%,2,0,0,0,0
fed,2012-10-01,b85_89,85--89.99%,3,0,0,0,0
fed,2012-10-01,b90_94,90--94.99%,4,0,0,0,0
fed,2012-10-01,b95_100,95--100%,5,83,1,1,1
fed,2013-08-01,b70_79,70--79.99%,1,0,0,0,0
fed,2013-08-01,b80_84,80--84.99%,2,0,0,0,0
fed,2013-08-01,b85_89,85--89.99%,3,0,0,0,0
fed,2013-08-01,b90_94,90--94.99%,4,0,0,0,0
fed,2013-08-01,b95_100,95--100%,5,1700,2,1,1
fed,2017-07-01,b70_79,70--79.99%,1,0,0,0,0
fed,2017-07-01,b80_84,80--84.99%,2,0,0,0,0
fed,2017-07-01,b85_89,85--89.99%,3,0,0,0,0
fed,2017-07-01,b90_94,90--94.99%,4,0,0,0,0
fed,2017-07-01,b95_100,95--100%,5,75,2,1,1
fed,2018-06-01,b70_79,70--79.99%,1,0,0,0,0
fed,2018-06-01,b80_84,80--84.99%,2,0,0,0,0
fed,2018-06-01,b85_89,85--89.99%,3,0,0,0,0
fed,2018-06-01,b90_94,90--94.99%,4,0,0,0,0
fed,2018-06-01,b95_100,95--100%,5,80,1,1,1
fed,2018-07-01,b70_79,70--79.99%,1,0,0,0,0
fed,2018-07-01,b80_84,80--84.99%,2,0,0,0,0
fed,2018-07-01,b85_89,85--89.99%,3,0,0,0,0
fed,2018-07-01,b90_94,90--94.99%,4,0,0,0,0
fed,2018-07-01,b95_100,95--100%,5,100,1,1,1
fed,2019-03-01,b70_79,70--79.99%,1,0,0,0,0
fed,2019-03-01,b80_84,80--84.99%,2,0,0,0,0
fed,2019-03-01,b85_89,85--89.99%,3,0,0,0,0
fed,2019-03-01,b90_94,90--94.99%,4,0,0,0,0
fed,2019-03-01,b95_100,95--100%,5,255,3,1,1
fed,2019-09-01,b70_79,70--79.99%,1,0,0,0,0
fed,2019-09-01,b80_84,80--84.99%,2,0,0,0,0
fed,2019-09-01,b85_89,85--89.99%,3,0,0,0,0
fed,2019-09-01,b90_94,90--94.99%,4,0,0,0,0
fed,2019-09-01,b95_100,95--100%,5,66,1,1,1
fed,2019-01-01,b70_79,70--79.99%,1,0,0,0,0
fed,2019-01-01,b80_84,80--84.99%,2,0,0,0,0
fed,2019-01-01,b85_89,85--89.99%,3,0,0,0,0
fed,2019-01-01,b90_94,90--94.99%,4,0,0,0,0
fed,2019-01-01,b95_100,95--100%,5,25,1,1,1
feeder,2022-02-01,b70_79,70--79.99%,1,0,0,0,0
feeder,2022-02-01,b80_84,80--84.99%,2,0,0,0,0
feeder,2022-02-01,b85_89,85--89.99%,3,4638,20,0.0123215395814183,0.0123380629241209
feeder,2022-02-01,b90_94,90--94.99%,4,20905,128,0.055537254193521,0.0789636027143738
feeder,2022-02-01,b95_100,95--100%,5,350871,1473,0.932141206225061,0.908698334361505
feeder,2023-09-01,b70_79,70--79.99%,1,0,0,0,0
feeder,2023-09-01,b80_84,80--84.99%,2,0,0,0,0
feeder,2023-09-01,b85_89,85--89.99%,3,0,0,0,0
feeder,2023-09-01,b90_94,90--94.99%,4,39152,307,0.0921859069899955,0.0993206082174054
feeder,2023-09-01,b95_100,95--100%,5,385555,2784,0.907814093010005,0.900679391782595
feeder,2023-10-01,b70_79,70--79.99%,1,0,0,0,0
feeder,2023-10-01,b80_84,80--84.99%,2,0,0,0,0
feeder,2023-10-01,b85_89,85--89.99%,3,0,0,0,0
feeder,2023-10-01,b90_94,90--94.99%,4,35892,280,0.0842529277962831,0.10207801676996
feeder,2023-10-01,b95_100,95--100%,5,390111,2463,0.915747072203717,0.89792198323004
feeder,2024-01-01,b70_79,70--79.99%,1,0,0,0,0
feeder,2024-01-01,b80_84,80--84.99%,2,0,0,0,0
feeder,2024-01-01,b85_89,85--89.99%,3,0,0,0,0
feeder,2024-01-01,b90_94,90--94.99%,4,30347,229,0.100476773830414,0.104997707473636
feeder,2024-01-01,b95_100,95--100%,5,271683,1952,0.899523226169586,0.895002292526364
feeder,2024-03-01,b70_79,70--79.99%,1,0,0,0,0
feeder,2024-03-01,b80_84,80--84.99%,2,0,0,0,0
feeder,2024-03-01,b85_89,85--89.99%,3,0,0,0,0
feeder,2024-03-01,b90_94,90--94.99%,4,30050,302,0.0697228718862531,0.0803618946248004
feeder,2024-03-01,b95_100,95--100%,5,400942,3456,0.930277128113747,0.9196381053752
feeder,2024-05-01,b70_79,70--79.99%,1,0,0,0,0
feeder,2024-05-01,b80_84,80--84.99%,2,0,0,0,0
feeder,2024-05-01,b85_89,85--89.99%,3,0,0,0,0
feeder,2024-05-01,b90_94,90--94.99%,4,15396,210,0.0483825350236005,0.0642398286937902
feeder,2024-05-01,b95_100,95--100%,5,302818,3059,0.951617464976399,0.93576017130621
feeder,2024-10-01,b70_79,70--79.99%,1,0,0,0,0
feeder,2024-10-01,b80_84,80--84.99%,2,373,7,0.00076962915429517,0.00212378640776699
feeder,2024-10-01,b85_89,85--89.99%,3,1609,12,0.00331992844305879,0.00364077669902913
feeder,2024-10-01,b90_94,90--94.99%,4,16166,127,0.0333560989499617,0.0385315533980583
feeder,2024-10-01,b95_100,95--100%,5,466501,3150,0.962554343452684,0.955703883495146
feeder,2024-11-01,b70_79,70--79.99%,1,25,1,5.16235609932373e-05,0.000283929585462805
feeder,2024-11-01,b80_84,80--84.99%,2,43,2,8.87925249083682e-05,0.00056785917092561
feeder,2024-11-01,b85_89,85--89.99%,3,2179,20,0.00449950957617056,0.0056785917092561
feeder,2024-11-01,b90_94,90--94.99%,4,13967,120,0.0288410510557018,0.0340715502555366
feeder,2024-11-01,b95_100,95--100%,5,468061,3379,0.966519023282226,0.959398069278819
feeder,2024-12-01,b70_79,70--79.99%,1,0,0,0,0
feeder,2024-12-01,b80_84,80--84.99%,2,155,5,0.000286063890062879,0.0012990387113536
feeder,2024-12-01,b85_89,85--89.99%,3,2555,25,0.00471544025232681,0.00649519355676799
feeder,2024-12-01,b90_94,90--94.99%,4,20028,130,0.0369631457430925,0.0337750064951936
feeder,2024-12-01,b95_100,95--100%,5,519099,3689,0.958035350114518,0.958430761236685
feeder,2021-02-01,b70_79,70--79.99%,1,0,0,0,0
feeder,2021-02-01,b80_84,80--84.99%,2,0,0,0,0
feeder,2021-02-01,b85_89,85--89.99%,3,1035,8,0.0309973045822102,0.0278745644599303
feeder,2021-02-01,b90_94,90--94.99%,4,2961,15,0.0886792452830189,0.0522648083623693
feeder,2021-02-01,b95_100,95--100%,5,29394,264,0.880323450134771,0.9198606271777
feeder,2021-04-01,b70_79,70--79.99%,1,0,0,0,0
feeder,2021-04-01,b80_84,80--84.99%,2,0,0,0,0
feeder,2021-04-01,b85_89,85--89.99%,3,1338,10,0.0136945641382557,0.0151057401812689
feeder,2021-04-01,b90_94,90--94.99%,4,8581,44,0.0878273952693367,0.0664652567975831
feeder,2021-04-01,b95_100,95--100%,5,87784,608,0.898478040592408,0.918429003021148
feeder,2021-06-01,b70_79,70--79.99%,1,0,0,0,0
feeder,2021-06-01,b80_84,80--84.99%,2,0,0,0,0
feeder,2021-06-01,b85_89,85--89.99%,3,1506,12,0.0103315565251394,0.0130718954248366
feeder,2021-06-01,b90_94,90--94.99%,4,6473,53,0.0444064843208682,0.0577342047930283
feeder,2021-06-01,b95_100,95--100%,5,137788,853,0.945261959153992,0.929193899782135
feeder,2021-09-01,b70_79,70--79.99%,1,0,0,0,0
feeder,2021-09-01,b80_84,80--84.99%,2,0,0,0,0
feeder,2021-09-01,b85_89,85--89.99%,3,1634,15,0.0197150130910583,0.0338600451467269
feeder,2021-09-01,b90_94,90--94.99%,4,1017,16,0.0122706048430883,0.036117381489842
feeder,2021-09-01,b95_100,95--100%,5,80230,412,0.968014382065853,0.930022573363431
feeder,2021-12-01,b70_79,70--79.99%,1,0,0,0,0
feeder,2021-12-01,b80_84,80--84.99%,2,0,0,0,0
feeder,2021-12-01,b85_89,85--89.99%,3,9388,26,0.0482852264077191,0.0273684210526316
feeder,2021-12-01,b90_94,90--94.99%,4,15218,63,0.0782706194581027,0.0663157894736842
feeder,2021-12-01,b95_100,95--100%,5,169822,861,0.873444154134178,0.906315789473684
feeder,2022-03-01,b70_79,70--79.99%,1,0,0,0,0
feeder,2022-03-01,b80_84,80--84.99%,2,0,0,0,0
feeder,2022-03-01,b85_89,85--89.99%,3,2380,16,0.0133839448896387,0.0130932896890344
feeder,2022-03-01,b90_94,90--94.99%,4,10672,95,0.0600140587656404,0.0777414075286416
feeder,2022-03-01,b95_100,95--100%,5,164773,1111,0.926601996344721,0.909165302782324
feeder,2022-05-01,b70_79,70--79.99%,1,0,0,0,0
feeder,2022-05-01,b80_84,80--84.99%,2,0,0,0,0
feeder,2022-05-01,b85_89,85--89.99%,3,2295,9,0.0248742738229429,0.0128755364806867
feeder,2022-05-01,b90_94,90--94.99%,4,6182,40,0.0670033816006243,0.0572246065808298
feeder,2022-05-01,b95_100,95--100%,5,83787,650,0.908122344576433,0.929899856938484
feeder,2022-07-01,b70_79,70--79.99%,1,0,0,0,0
feeder,2022-07-01,b80_84,80--84.99%,2,0,0,0,0
feeder,2022-07-01,b85_89,85--89.99%,3,522,9,0.00197925197925198,0.00581020012911556
feeder,2022-07-01,b90_94,90--94.99%,4,5089,55,0.0192958109624776,0.0355067785668173
feeder,2022-07-01,b95_100,95--100%,5,258125,1485,0.97872493705827,0.958683021304067
feeder,2022-08-01,b70_79,70--79.99%,1,0,0,0,0
feeder,2022-08-01,b80_84,80--84.99%,2,0,0,0,0
feeder,2022-08-01,b85_89,85--89.99%,3,1120,11,0.00397392819253682,0.00868192580899763
feeder,2022-08-01,b90_94,90--94.99%,4,5227,48,0.0185461809485625,0.0378847671665351
feeder,2022-08-01,b95_100,95--100%,5,275490,1208,0.977479890858901,0.953433307024467
feeder,2022-10-01,b70_79,70--79.99%,1,0,0,0,0
feeder,2022-10-01,b80_84,80--84.99%,2,0,0,0,0
feeder,2022-10-01,b85_89,85--89.99%,3,950,5,0.00794327664342213,0.00712250712250712
feeder,2022-10-01,b90_94,90--94.99%,4,4465,31,0.037333400224084,0.0441595441595442
feeder,2022-10-01,b95_100,95--100%,5,114183,666,0.954723323132494,0.948717948717949
feeder,2022-12-01,b70_79,70--79.99%,1,0,0,0,0
feeder,2022-12-01,b80_84,80--84.99%,2,0,0,0,0
feeder,2022-12-01,b85_89,85--89.99%,3,178,2,0.000812514549944539,0.00186393289841566
feeder,2022-12-01,b90_94,90--94.99%,4,7172,62,0.032737945798889,0.0577819198508854
feeder,2022-12-01,b95_100,95--100%,5,211723,1009,0.966449539651166,0.940354147250699
feeder,2023-01-01,b70_79,70--79.99%,1,0,0,0,0
feeder,2023-01-01,b80_84,80--84.99%,2,0,0,0,0
feeder,2023-01-01,b85_89,85--89.99%,3,0,0,0,0
feeder,2023-01-01,b90_94,90--94.99%,4,11199,70,0.0391230074305417,0.0493653032440056
feeder,2023-01-01,b95_100,95--100%,5,275052,1348,0.960876992569458,0.950634696755994
feeder,2023-06-01,b70_79,70--79.99%,1,0,0,0,0
feeder,2023-06-01,b80_84,80--84.99%,2,0,0,0,0
feeder,2023-06-01,b85_89,85--89.99%,3,0,0,0,0
feeder,2023-06-01,b90_94,90--94.99%,4,24040,293,0.0588559327220869,0.0760446405398391
feeder,2023-06-01,b95_100,95--100%,5,384415,3560,0.941144067277913,0.923955359460161
feeder,2023-07-01,b70_79,70--79.99%,1,0,0,0,0
feeder,2023-07-01,b80_84,80--84.99%,2,0,0,0,0
feeder,2023-07-01,b85_89,85--89.99%,3,0,0,0,0
feeder,2023-07-01,b90_94,90--94.99%,4,16838,189,0.0666759063100164,0.0842245989304813
feeder,2023-07-01,b95_100,95--100%,5,235697,2055,0.933324093689984,0.915775401069519
feeder,2023-08-01,b70_79,70--79.99%,1,0,0,0,0
feeder,2023-08-01,b80_84,80--84.99%,2,0,0,0,0
feeder,2023-08-01,b85_89,85--89.99%,3,0,0,0,0
feeder,2023-08-01,b90_94,90--94.99%,4,19561,162,0.0757341696188319,0.081
feeder,2023-08-01,b95_100,95--100%,5,238724,1838,0.924265830381168,0.919
feeder,2023-11-01,b70_79,70--79.99%,1,0,0,0,0
feeder,2023-11-01,b80_84,80--84.99%,2,0,0,0,0
feeder,2023-11-01,b85_89,85--89.99%,3,179,1,0.000621847338215472,0.000517330574236937
feeder,2023-11-01,b90_94,90--94.99%,4,24088,241,0.0836818920834318,0.124676668391102
feeder,2023-11-01,b95_100,95--100%,5,263585,1691,0.915696260578353,0.874806001034661
feeder,2023-12-01,b70_79,70--79.99%,1,0,0,0,0
feeder,2023-12-01,b80_84,80--84.99%,2,0,0,0,0
feeder,2023-12-01,b85_89,85--89.99%,3,0,0,0,0
feeder,2023-12-01,b90_94,90--94.99%,4,14693,144,0.0786087645054116,0.112587959343237
feeder,2023-12-01,b95_100,95--100%,5,172220,1135,0.921391235494588,0.887412040656763
feeder,2024-04-01,b70_79,70--79.99%,1,0,0,0,0
feeder,2024-04-01,b80_84,80--84.99%,2,0,0,0,0
feeder,2024-04-01,b85_89,85--89.99%,3,0,0,0,0
feeder,2024-04-01,b90_94,90--94.99%,4,28443,288,0.0819576711953781,0.0854345891426876
feeder,2024-04-01,b95_100,95--100%,5,318602,3083,0.918042328804622,0.914565410857312
feeder,2023-05-01,b70_79,70--79.99%,1,0,0,0,0
feeder,2023-05-01,b80_84,80--84.99%,2,0,0,0,0
feeder,2023-05-01,b85_89,85--89.99%,3,0,0,0,0
feeder,2023-05-01,b90_94,90--94.99%,4,25297,297,0.0505002714961032,0.0702625975869411
feeder,2023-05-01,b95_100,95--100%,5,475631,3930,0.949499728503897,0.929737402413059
feeder,2021-08-01,b70_79,70--79.99%,1,0,0,0,0
feeder,2021-08-01,b80_84,80--84.99%,2,0,0,0,0
feeder,2021-08-01,b85_89,85--89.99%,3,1714,16,0.013686051246836,0.0162107396149949
feeder,2021-08-01,b90_94,90--94.99%,4,12539,54,0.100122168368773,0.0547112462006079
feeder,2021-08-01,b95_100,95--100%,5,110984,917,0.886191780384391,0.929078014184397
feeder,2024-09-01,b70_79,70--79.99%,1,0,0,0,0
feeder,2024-09-01,b80_84,80--84.99%,2,0,0,0,0
feeder,2024-09-01,b85_89,85--89.99%,3,170,1,0.000850799751766661,0.000562113546936481
feeder,2024-09-01,b90_94,90--94.99%,4,5810,56,0.0290773326927312,0.031478358628443
feeder,2024-09-01,b95_100,95--100%,5,193832,1722,0.970071867555502,0.967959527824621
feeder,2014-07-01,b70_79,70--79.99%,1,0,0,0,0
feeder,2014-07-01,b80_84,80--84.99%,2,0,0,0,0
feeder,2014-07-01,b85_89,85--89.99%,3,392,4,0.0224731984177034,0.0172413793103448
feeder,2014-07-01,b90_94,90--94.99%,4,5220,79,0.299260448317377,0.34051724137931
feeder,2014-07-01,b95_100,95--100%,5,11831,149,0.67826635326492,0.642241379310345
feeder,2014-08-01,b70_79,70--79.99%,1,250,1,0.0329077267342372,0.00840336134453782
feeder,2014-08-01,b80_84,80--84.99%,2,200,2,0.0263261813873898,0.0168067226890756
feeder,2014-08-01,b85_89,85--89.99%,3,76,1,0.0100039489272081,0.00840336134453782
feeder,2014-08-01,b90_94,90--94.99%,4,1975,35,0.259971041200474,0.294117647058824
feeder,2014-08-01,b95_100,95--100%,5,5096,80,0.670791101750691,0.672268907563025
feeder,2014-10-01,b70_79,70--79.99%,1,0,0,0,0
feeder,2014-10-01,b80_84,80--84.99%,2,736,6,0.0391718558731173,0.0266666666666667
feeder,2014-10-01,b85_89,85--89.99%,3,451,8,0.0240034062483368,0.0355555555555556
feeder,2014-10-01,b90_94,90--94.99%,4,7226,86,0.384586726276013,0.382222222222222
feeder,2014-10-01,b95_100,95--100%,5,10376,125,0.552238011602533,0.555555555555556
feeder,2015-01-01,b70_79,70--79.99%,1,0,0,0,0
feeder,2015-01-01,b80_84,80--84.99%,2,0,0,0,0
feeder,2015-01-01,b85_89,85--89.99%,3,0,0,0,0
feeder,2015-01-01,b90_94,90--94.99%,4,3749,34,0.523384056959375,0.419753086419753
feeder,2015-01-01,b95_100,95--100%,5,3414,47,0.476615943040626,0.580246913580247
feeder,2015-02-01,b70_79,70--79.99%,1,0,0,0,0
feeder,2015-02-01,b80_84,80--84.99%,2,0,0,0,0
feeder,2015-02-01,b85_89,85--89.99%,3,310,2,0.0545678577715191,0.0344827586206897
feeder,2015-02-01,b90_94,90--94.99%,4,2159,19,0.380038725576483,0.327586206896552
feeder,2015-02-01,b95_100,95--100%,5,3212,37,0.565393416651998,0.637931034482759
feeder,2016-11-01,b70_79,70--79.99%,1,0,0,0,0
feeder,2016-11-01,b80_84,80--84.99%,2,250,1,0.0249500998003992,0.0087719298245614
feeder,2016-11-01,b85_89,85--89.99%,3,1170,11,0.116766467065868,0.0964912280701754
feeder,2016-11-01,b90_94,90--94.99%,4,1285,11,0.128243512974052,0.0964912280701754
feeder,2016-11-01,b95_100,95--100%,5,7315,91,0.730039920159681,0.798245614035088
feeder,2017-05-01,b70_79,70--79.99%,1,0,0,0,0
feeder,2017-05-01,b80_84,80--84.99%,2,0,0,0,0
feeder,2017-05-01,b85_89,85--89.99%,3,1030,14,0.0551096843231675,0.0471380471380471
feeder,2017-05-01,b90_94,90--94.99%,4,1348,29,0.0721241305510969,0.0976430976430976
feeder,2017-05-01,b95_100,95--100%,5,16312,254,0.872766185125736,0.855218855218855
feeder,2017-12-01,b70_79,70--79.99%,1,0,0,0,0
feeder,2017-12-01,b80_84,80--84.99%,2,120,1,0.150187734668335,0.111111111111111
feeder,2017-12-01,b85_89,85--89.99%,3,200,1,0.250312891113892,0.111111111111111
feeder,2017-12-01,b90_94,90--94.99%,4,139,4,0.173967459324155,0.444444444444444
feeder,2017-12-01,b95_100,95--100%,5,340,3,0.425531914893617,0.333333333333333
feeder,2018-01-01,b70_79,70--79.99%,1,0,0,0,0
feeder,2018-01-01,b80_84,80--84.99%,2,0,0,0,0
feeder,2018-01-01,b85_89,85--89.99%,3,1740,3,0.346130893176845,0.0967741935483871
feeder,2018-01-01,b90_94,90--94.99%,4,1636,6,0.325442609906505,0.193548387096774
feeder,2018-01-01,b95_100,95--100%,5,1651,22,0.32842649691665,0.709677419354839
feeder,2018-02-01,b70_79,70--79.99%,1,0,0,0,0
feeder,2018-02-01,b80_84,80--84.99%,2,0,0,0,0
feeder,2018-02-01,b85_89,85--89.99%,3,261,4,0.0751728110599078,0.0930232558139535
feeder,2018-02-01,b90_94,90--94.99%,4,655,10,0.188652073732719,0.232558139534884
feeder,2018-02-01,b95_100,95--100%,5,2556,29,0.736175115207373,0.674418604651163
feeder,2018-03-01,b70_79,70--79.99%,1,0,0,0,0
feeder,2018-03-01,b80_84,80--84.99%,2,0,0,0,0
feeder,2018-03-01,b85_89,85--89.99%,3,1180,6,0.23141792508335,0.176470588235294
feeder,2018-03-01,b90_94,90--94.99%,4,747,10,0.1464993135909,0.294117647058824
feeder,2018-03-01,b95_100,95--100%,5,3172,18,0.62208276132575,0.529411764705882
feeder,2019-04-01,b70_79,70--79.99%,1,0,0,0,0
feeder,2019-04-01,b80_84,80--84.99%,2,0,0,0,0
feeder,2019-04-01,b85_89,85--89.99%,3,130,2,0.0116518777449135,0.0185185185185185
feeder,2019-04-01,b90_94,90--94.99%,4,1907,18,0.170924083535,0.166666666666667
feeder,2019-04-01,b95_100,95--100%,5,9120,88,0.817424038720086,0.814814814814815
feeder,2020-01-01,b70_79,70--79.99%,1,0,0,0,0
feeder,2020-01-01,b80_84,80--84.99%,2,0,0,0,0
feeder,2020-01-01,b85_89,85--89.99%,3,257,2,0.0377830049985298,0.0327868852459016
feeder,2020-01-01,b90_94,90--94.99%,4,626,6,0.0920317553660688,0.0983606557377049
feeder,2020-01-01,b95_100,95--100%,5,5919,53,0.870185239635401,0.868852459016394
feeder,2021-01-01,b70_79,70--79.99%,1,0,0,0,0
feeder,2021-01-01,b80_84,80--84.99%,2,0,0,0,0
feeder,2021-01-01,b85_89,85--89.99%,3,864,7,0.0145415376329608,0.0172413793103448
feeder,2021-01-01,b90_94,90--94.99%,4,8505,53,0.143143261074458,0.130541871921182
feeder,2021-01-01,b95_100,95--100%,5,50047,346,0.842315201292581,0.852216748768473
feeder,2021-03-01,b70_79,70--79.99%,1,0,0,0,0
feeder,2021-03-01,b80_84,80--84.99%,2,0,0,0,0
feeder,2021-03-01,b85_89,85--89.99%,3,789,5,0.00675652531342057,0.00628140703517588
feeder,2021-03-01,b90_94,90--94.99%,4,9034,59,0.0773617866684935,0.0741206030150754
feeder,2021-03-01,b95_100,95--100%,5,106953,732,0.915881688018086,0.919597989949749
feeder,2022-06-01,b70_79,70--79.99%,1,0,0,0,0
feeder,2022-06-01,b80_84,80--84.99%,2,0,0,0,0
feeder,2022-06-01,b85_89,85--89.99%,3,2325,12,0.0190078320443434,0.0130861504907306
feeder,2022-06-01,b90_94,90--94.99%,4,1902,22,0.0155496329240177,0.0239912758996729
feeder,2022-06-01,b95_100,95--100%,5,118091,883,0.965442535031639,0.962922573609596
feeder,2024-02-01,b70_79,70--79.99%,1,0,0,0,0
feeder,2024-02-01,b80_84,80--84.99%,2,0,0,0,0
feeder,2024-02-01,b85_89,85--89.99%,3,0,0,0,0
feeder,2024-02-01,b90_94,90--94.99%,4,55180,400,0.0807338912623632,0.0856898029134533
feeder,2024-02-01,b95_100,95--100%,5,628300,4268,0.919266108737637,0.914310197086547
feeder,2024-06-01,b70_79,70--79.99%,1,0,0,0,0
feeder,2024-06-01,b80_84,80--84.99%,2,0,0,0,0
feeder,2024-06-01,b85_89,85--89.99%,3,0,0,0,0
feeder,2024-06-01,b90_94,90--94.99%,4,8936,112,0.042252588774883,0.0581214322781526
feeder,2024-06-01,b95_100,95--100%,5,202554,1815,0.957747411225117,0.941878567721847
feeder,2024-07-01,b70_79,70--79.99%,1,0,0,0,0
feeder,2024-07-01,b80_84,80--84.99%,2,76,2,0.000375740976036625,0.000987654320987654
feeder,2024-07-01,b85_89,85--89.99%,3,443,7,0.00219017437347664,0.00345679012345679
feeder,2024-07-01,b90_94,90--94.99%,4,5567,79,0.0275230264946828,0.0390123456790123
feeder,2024-07-01,b95_100,95--100%,5,196181,1937,0.969911058155804,0.956543209876543
feeder,2024-08-01,b70_79,70--79.99%,1,0,0,0,0
feeder,2024-08-01,b80_84,80--84.99%,2,0,0,0,0
feeder,2024-08-01,b85_89,85--89.99%,3,627,5,0.0021271182128136,0.00203665987780041
feeder,2024-08-01,b90_94,90--94.99%,4,7490,87,0.0254100724305803,0.0354378818737271
feeder,2024-08-01,b95_100,95--100%,5,286648,2363,0.972462809356606,0.962525458248473
feeder,2021-10-01,b70_79,70--79.99%,1,0,0,0,0
feeder,2021-10-01,b80_84,80--84.99%,2,0,0,0,0
feeder,2021-10-01,b85_89,85--89.99%,3,1694,11,0.0200875123027119,0.0206378986866792
feeder,2021-10-01,b90_94,90--94.99%,4,4383,41,0.0519737700252576,0.0769230769230769
feeder,2021-10-01,b95_100,95--100%,5,78254,481,0.92793871767203,0.902439024390244
feeder,2020-07-01,b70_79,70--79.99%,1,0,0,0,0
feeder,2020-07-01,b80_84,80--84.99%,2,0,0,0,0
feeder,2020-07-01,b85_89,85--89.99%,3,495,4,0.0193995924126039,0.0142348754448399
feeder,2020-07-01,b90_94,90--94.99%,4,1187,14,0.0465198306944662,0.0498220640569395
feeder,2020-07-01,b95_100,95--100%,5,23834,263,0.93408057689293,0.935943060498221
feeder,2020-08-01,b70_79,70--79.99%,1,0,0,0,0
feeder,2020-08-01,b80_84,80--84.99%,2,0,0,0,0
feeder,2020-08-01,b85_89,85--89.99%,3,60,1,0.00268372321867871,0.00386100386100386
feeder,2020-08-01,b90_94,90--94.99%,4,1905,27,0.0852082121930492,0.104247104247104
feeder,2020-08-01,b95_100,95--100%,5,20392,231,0.912108064588272,0.891891891891892
feeder,2020-09-01,b70_79,70--79.99%,1,0,0,0,0
feeder,2020-09-01,b80_84,80--84.99%,2,0,0,0,0
feeder,2020-09-01,b85_89,85--89.99%,3,0,0,0,0
feeder,2020-09-01,b90_94,90--94.99%,4,1025,9,0.113447703375761,0.1125
feeder,2020-09-01,b95_100,95--100%,5,8010,71,0.886552296624239,0.8875
feeder,2020-12-01,b70_79,70--79.99%,1,0,0,0,0
feeder,2020-12-01,b80_84,80--84.99%,2,0,0,0,0
feeder,2020-12-01,b85_89,85--89.99%,3,1002,8,0.0217315867094647,0.0227920227920228
feeder,2020-12-01,b90_94,90--94.99%,4,6388,43,0.13854428732541,0.122507122507123
feeder,2020-12-01,b95_100,95--100%,5,38718,300,0.839724125965125,0.854700854700855
feeder,2021-05-01,b70_79,70--79.99%,1,0,0,0,0
feeder,2021-05-01,b80_84,80--84.99%,2,0,0,0,0
feeder,2021-05-01,b85_89,85--89.99%,3,1275,3,0.0179934800095965,0.0066079295154185
feeder,2021-05-01,b90_94,90--94.99%,4,1542,22,0.0217615264116062,0.0484581497797357
feeder,2021-05-01,b95_100,95--100%,5,68042,429,0.960244993578797,0.944933920704846
feeder,2022-09-01,b70_79,70--79.99%,1,0,0,0,0
feeder,2022-09-01,b80_84,80--84.99%,2,0,0,0,0
feeder,2022-09-01,b85_89,85--89.99%,3,1442,6,0.0109187830327261,0.00764331210191083
feeder,2022-09-01,b90_94,90--94.99%,4,4481,51,0.0339300046946224,0.064968152866242
feeder,2022-09-01,b95_100,95--100%,5,126143,728,0.955151212272652,0.927388535031847
feeder,2023-03-01,b70_79,70--79.99%,1,0,0,0,0
feeder,2023-03-01,b80_84,80--84.99%,2,0,0,0,0
feeder,2023-03-01,b85_89,85--89.99%,3,0,0,0,0
feeder,2023-03-01,b90_94,90--94.99%,4,27434,221,0.0561663411418347,0.0689332501559576
feeder,2023-03-01,b95_100,95--100%,5,461008,2985,0.943833658858165,0.931066749844043
feeder,2023-04-01,b70_79,70--79.99%,1,0,0,0,0
feeder,2023-04-01,b80_84,80--84.99%,2,0,0,0,0
feeder,2023-04-01,b85_89,85--89.99%,3,0,0,0,0
feeder,2023-04-01,b90_94,90--94.99%,4,31489,267,0.0673955058247918,0.0703186726362918
feeder,2023-04-01,b95_100,95--100%,5,435738,3530,0.932604494175208,0.929681327363708
feeder,2021-07-01,b70_79,70--79.99%,1,0,0,0,0
feeder,2021-07-01,b80_84,80--84.99%,2,0,0,0,0
feeder,2021-07-01,b85_89,85--89.99%,3,471,4,0.0051102334866765,0.00479041916167665
feeder,2021-07-01,b90_94,90--94.99%,4,5532,46,0.0600208315250412,0.0550898203592814
feeder,2021-07-01,b95_100,95--100%,5,86165,785,0.934868934988282,0.940119760479042
feeder,2022-01-01,b70_79,70--79.99%,1,0,0,0,0
feeder,2022-01-01,b80_84,80--84.99%,2,0,0,0,0
feeder,2022-01-01,b85_89,85--89.99%,3,2209,7,0.0117110669317429,0.00757575757575758
feeder,2022-01-01,b90_94,90--94.99%,4,7327,55,0.0388442677269715,0.0595238095238095
feeder,2022-01-01,b95_100,95--100%,5,179089,862,0.949444665341286,0.932900432900433
feeder,2022-04-01,b70_79,70--79.99%,1,0,0,0,0
feeder,2022-04-01,b80_84,80--84.99%,2,0,0,0,0
feeder,2022-04-01,b85_89,85--89.99%,3,402,8,0.00329810974008926,0.0104575163398693
feeder,2022-04-01,b90_94,90--94.99%,4,4613,44,0.0378462194801785,0.0575163398692811
feeder,2022-04-01,b95_100,95--100%,5,116873,713,0.958855670779732,0.93202614379085
feeder,2021-11-01,b70_79,70--79.99%,1,0,0,0,0
feeder,2021-11-01,b80_84,80--84.99%,2,0,0,0,0
feeder,2021-11-01,b85_89,85--89.99%,3,2887,16,0.0244706640221058,0.0190476190476191
feeder,2021-11-01,b90_94,90--94.99%,4,13436,71,0.113885639695536,0.0845238095238095
feeder,2021-11-01,b95_100,95--100%,5,101655,753,0.861643696282358,0.896428571428572
feeder,2022-11-01,b70_79,70--79.99%,1,0,0,0,0
feeder,2022-11-01,b80_84,80--84.99%,2,0,0,0,0
feeder,2022-11-01,b85_89,85--89.99%,3,227,3,0.00142235032425828,0.00321543408360129
feeder,2022-11-01,b90_94,90--94.99%,4,5866,51,0.0367555374541809,0.0546623794212219
feeder,2022-11-01,b95_100,95--100%,5,153502,879,0.961822112221561,0.942122186495177
feeder,2023-02-01,b70_79,70--79.99%,1,0,0,0,0
feeder,2023-02-01,b80_84,80--84.99%,2,0,0,0,0
feeder,2023-02-01,b85_89,85--89.99%,3,75,1,0.000292218797850828,0.000611995104039168
feeder,2023-02-01,b90_94,90--94.99%,4,15246,103,0.0594022372271163,0.0630354957160343
feeder,2023-02-01,b95_100,95--100%,5,241336,1530,0.940305543975033,0.936352509179926
feeder,2008-01-01,b70_79,70--79.99%,1,0,0,0,0
feeder,2008-01-01,b80_84,80--84.99%,2,188,2,0.0297703879651623,0.0298507462686567
feeder,2008-01-01,b85_89,85--89.99%,3,948,13,0.150118764845606,0.194029850746269
feeder,2008-01-01,b90_94,90--94.99%,4,1927,20,0.305146476642914,0.298507462686567
feeder,2008-01-01,b95_100,95--100%,5,3252,32,0.514964370546318,0.477611940298507
feeder,2008-06-01,b70_79,70--79.99%,1,0,0,0,0
feeder,2008-06-01,b80_84,80--84.99%,2,984,2,0.102297536126416,0.0202020202020202
feeder,2008-06-01,b85_89,85--89.99%,3,79,3,0.00821291194510864,0.0303030303030303
feeder,2008-06-01,b90_94,90--94.99%,4,1487,18,0.154589874207298,0.181818181818182
feeder,2008-06-01,b95_100,95--100%,5,7069,76,0.734899677721177,0.767676767676768
feeder,2011-10-01,b70_79,70--79.99%,1,0,0,0,0
feeder,2011-10-01,b80_84,80--84.99%,2,200,2,0.0161017631430642,0.0148148148148148
feeder,2011-10-01,b85_89,85--89.99%,3,1269,9,0.102165687142742,0.0666666666666667
feeder,2011-10-01,b90_94,90--94.99%,4,1779,16,0.143225183157556,0.118518518518519
feeder,2011-10-01,b95_100,95--100%,5,9173,108,0.738507366556638,0.8
feeder,2011-11-01,b70_79,70--79.99%,1,0,0,0,0
feeder,2011-11-01,b80_84,80--84.99%,2,0,0,0,0
feeder,2011-11-01,b85_89,85--89.99%,3,2090,14,0.12284723446776,0.0958904109589041
feeder,2011-11-01,b90_94,90--94.99%,4,7150,61,0.420266854758126,0.417808219178082
feeder,2011-11-01,b95_100,95--100%,5,7773,71,0.456885910774114,0.486301369863014
feeder,2012-08-01,b70_79,70--79.99%,1,0,0,0,0
feeder,2012-08-01,b80_84,80--84.99%,2,0,0,0,0
feeder,2012-08-01,b85_89,85--89.99%,3,348,5,0.0731553500105108,0.0746268656716418
feeder,2012-08-01,b90_94,90--94.99%,4,1396,19,0.293462266134118,0.283582089552239
feeder,2012-08-01,b95_100,95--100%,5,3013,43,0.633382383855371,0.641791044776119
feeder,2012-10-01,b70_79,70--79.99%,1,0,0,0,0
feeder,2012-10-01,b80_84,80--84.99%,2,0,0,0,0
feeder,2012-10-01,b85_89,85--89.99%,3,251,3,0.0648076426542732,0.06
feeder,2012-10-01,b90_94,90--94.99%,4,1346,13,0.347534211205784,0.26
feeder,2012-10-01,b95_100,95--100%,5,2276,34,0.587658146139943,0.68
feeder,2014-06-01,b70_79,70--79.99%,1,0,0,0,0
feeder,2014-06-01,b80_84,80--84.99%,2,0,0,0,0
feeder,2014-06-01,b85_89,85--89.99%,3,487,5,0.0131132532715817,0.0106837606837607
feeder,2014-06-01,b90_94,90--94.99%,4,6843,88,0.184258710754483,0.188034188034188
feeder,2014-06-01,b95_100,95--100%,5,29808,375,0.802628035973935,0.801282051282051
feeder,2020-11-01,b70_79,70--79.99%,1,0,0,0,0
feeder,2020-11-01,b80_84,80--84.99%,2,0,0,0,0
feeder,2020-11-01,b85_89,85--89.99%,3,2933,15,0.0893962022615746,0.0543478260869565
feeder,2020-11-01,b90_94,90--94.99%,4,4557,34,0.138894815446981,0.123188405797101
feeder,2020-11-01,b95_100,95--100%,5,25319,227,0.771708982291445,0.822463768115942
feeder,2017-04-01,b70_79,70--79.99%,1,0,0,0,0
feeder,2017-04-01,b80_84,80--84.99%,2,0,0,0,0
feeder,2017-04-01,b85_89,85--89.99%,3,492,8,0.0141476880607315,0.0217983651226158
feeder,2017-04-01,b90_94,90--94.99%,4,2602,34,0.074821716126064,0.0926430517711172
feeder,2017-04-01,b95_100,95--100%,5,31682,325,0.911030595813205,0.885558583106267
feeder,2018-12-01,b70_79,70--79.99%,1,0,0,0,0
feeder,2018-12-01,b80_84,80--84.99%,2,0,0,0,0
feeder,2018-12-01,b85_89,85--89.99%,3,0,0,0,0
feeder,2018-12-01,b90_94,90--94.99%,4,421,6,0.223579394583112,0.315789473684211
feeder,2018-12-01,b95_100,95--100%,5,1462,13,0.776420605416888,0.68421052631579
feeder,2019-01-01,b70_79,70--79.99%,1,0,0,0,0
feeder,2019-01-01,b80_84,80--84.99%,2,0,0,0,0
feeder,2019-01-01,b85_89,85--89.99%,3,0,0,0,0
feeder,2019-01-01,b90_94,90--94.99%,4,0,0,0,0
feeder,2019-01-01,b95_100,95--100%,5,719,5,1,1
feeder,2007-07-01,b70_79,70--79.99%,1,0,0,0,0
feeder,2007-07-01,b80_84,80--84.99%,2,0,0,0,0
feeder,2007-07-01,b85_89,85--89.99%,3,206,3,0.0439138776380303,0.0379746835443038
feeder,2007-07-01,b90_94,90--94.99%,4,1594,26,0.339799616286506,0.329113924050633
feeder,2007-07-01,b95_100,95--100%,5,2891,50,0.616286506075464,0.632911392405063
feeder,2007-11-01,b70_79,70--79.99%,1,0,0,0,0
feeder,2007-11-01,b80_84,80--84.99%,2,255,3,0.0569577842305115,0.0535714285714286
feeder,2007-11-01,b85_89,85--89.99%,3,0,0,0,0
feeder,2007-11-01,b90_94,90--94.99%,4,747,7,0.16685280321644,0.125
feeder,2007-11-01,b95_100,95--100%,5,3475,46,0.776189412553049,0.821428571428571
feeder,2008-08-01,b70_79,70--79.99%,1,0,0,0,0
feeder,2008-08-01,b80_84,80--84.99%,2,0,0,0,0
feeder,2008-08-01,b85_89,85--89.99%,3,0,0,0,0
feeder,2008-08-01,b90_94,90--94.99%,4,600,2,0.133838947133616,0.0344827586206897
feeder,2008-08-01,b95_100,95--100%,5,3883,56,0.866161052866384,0.96551724137931
feeder,2009-12-01,b70_79,70--79.99%,1,0,0,0,0
feeder,2009-12-01,b80_84,80--84.99%,2,0,0,0,0
feeder,2009-12-01,b85_89,85--89.99%,3,0,0,0,0
feeder,2009-12-01,b90_94,90--94.99%,4,465,2,0.121823421535237,0.0833333333333333
feeder,2009-12-01,b95_100,95--100%,5,3352,22,0.878176578464763,0.916666666666667
feeder,2010-03-01,b70_79,70--79.99%,1,0,0,0,0
feeder,2010-03-01,b80_84,80--84.99%,2,0,0,0,0
feeder,2010-03-01,b85_89,85--89.99%,3,652,6,0.0727841035945524,0.0571428571428571
feeder,2010-03-01,b90_94,90--94.99%,4,2159,21,0.241013619111409,0.2
feeder,2010-03-01,b95_100,95--100%,5,6147,78,0.686202277294039,0.742857142857143
feeder,2010-04-01,b70_79,70--79.99%,1,0,0,0,0
feeder,2010-04-01,b80_84,80--84.99%,2,0,0,0,0
feeder,2010-04-01,b85_89,85--89.99%,3,195,5,0.00890899122807018,0.0197628458498024
feeder,2010-04-01,b90_94,90--94.99%,4,1690,12,0.0772112573099415,0.0474308300395257
feeder,2010-04-01,b95_100,95--100%,5,20003,236,0.913879751461988,0.932806324110672
feeder,2010-06-01,b70_79,70--79.99%,1,0,0,0,0
feeder,2010-06-01,b80_84,80--84.99%,2,0,0,0,0
feeder,2010-06-01,b85_89,85--89.99%,3,0,0,0,0
feeder,2010-06-01,b90_94,90--94.99%,4,368,7,0.134996331621423,0.159090909090909
feeder,2010-06-01,b95_100,95--100%,5,2358,37,0.865003668378577,0.840909090909091
feeder,2010-07-01,b70_79,70--79.99%,1,0,0,0,0
feeder,2010-07-01,b80_84,80--84.99%,2,0,0,0,0
feeder,2010-07-01,b85_89,85--89.99%,3,405,4,0.0193946939948281,0.0168776371308017
feeder,2010-07-01,b90_94,90--94.99%,4,272,4,0.0130255722631932,0.0168776371308017
feeder,2010-07-01,b95_100,95--100%,5,20205,229,0.967579733741979,0.966244725738397
feeder,2010-08-01,b70_79,70--79.99%,1,0,0,0,0
feeder,2010-08-01,b80_84,80--84.99%,2,0,0,0,0
feeder,2010-08-01,b85_89,85--89.99%,3,325,2,0.0128083865374005,0.00557103064066852
feeder,2010-08-01,b90_94,90--94.99%,4,1079,18,0.0425238433041696,0.0501392757660167
feeder,2010-08-01,b95_100,95--100%,5,23970,339,0.94466777015843,0.944289693593315
feeder,2010-09-01,b70_79,70--79.99%,1,0,0,0,0
feeder,2010-09-01,b80_84,80--84.99%,2,0,0,0,0
feeder,2010-09-01,b85_89,85--89.99%,3,35,1,0.0070323488045007,0.010752688172043
feeder,2010-09-01,b90_94,90--94.99%,4,715,10,0.143660839863372,0.10752688172043
feeder,2010-09-01,b95_100,95--100%,5,4227,82,0.849306811332128,0.881720430107527
feeder,2010-11-01,b70_79,70--79.99%,1,0,0,0,0
feeder,2010-11-01,b80_84,80--84.99%,2,0,0,0,0
feeder,2010-11-01,b85_89,85--89.99%,3,216,3,0.0174714875030332,0.0280373831775701
feeder,2010-11-01,b90_94,90--94.99%,4,2770,15,0.224055649923158,0.14018691588785
feeder,2010-11-01,b95_100,95--100%,5,9377,89,0.758472862573809,0.831775700934579
feeder,2010-12-01,b70_79,70--79.99%,1,0,0,0,0
feeder,2010-12-01,b80_84,80--84.99%,2,320,2,0.032277587250353,0.0178571428571429
feeder,2010-12-01,b85_89,85--89.99%,3,721,10,0.0727254387734517,0.0892857142857143
feeder,2010-12-01,b90_94,90--94.99%,4,2420,21,0.244099253580795,0.1875
feeder,2010-12-01,b95_100,95--100%,5,6453,79,0.6508977203954,0.705357142857143
feeder,2011-03-01,b70_79,70--79.99%,1,0,0,0,0
feeder,2011-03-01,b80_84,80--84.99%,2,0,0,0,0
feeder,2011-03-01,b85_89,85--89.99%,3,3713,25,0.168321320096106,0.105042016806723
feeder,2011-03-01,b90_94,90--94.99%,4,2987,38,0.13540958339,0.159663865546218
feeder,2011-03-01,b95_100,95--100%,5,15359,175,0.696269096513895,0.735294117647059
feeder,2011-04-01,b70_79,70--79.99%,1,0,0,0,0
feeder,2011-04-01,b80_84,80--84.99%,2,75,1,0.00634464089332544,0.00636942675159236
feeder,2011-04-01,b85_89,85--89.99%,3,804,11,0.0680145503764487,0.0700636942675159
feeder,2011-04-01,b90_94,90--94.99%,4,2460,48,0.208104221301074,0.305732484076433
feeder,2011-04-01,b95_100,95--100%,5,8482,97,0.717536587429152,0.617834394904459
feeder,2011-06-01,b70_79,70--79.99%,1,0,0,0,0
feeder,2011-06-01,b80_84,80--84.99%,2,0,0,0,0
feeder,2011-06-01,b85_89,85--89.99%,3,201,3,0.011725586279314,0.013953488372093
feeder,2011-06-01,b90_94,90--94.99%,4,1990,35,0.116089137790223,0.162790697674419
feeder,2011-06-01,b95_100,95--100%,5,14951,177,0.872185275930463,0.823255813953488
feeder,2011-08-01,b70_79,70--79.99%,1,0,0,0,0
feeder,2011-08-01,b80_84,80--84.99%,2,180,2,0.0345025876940771,0.0222222222222222
feeder,2011-08-01,b85_89,85--89.99%,3,175,2,0.0335441824803527,0.0222222222222222
feeder,2011-08-01,b90_94,90--94.99%,4,1021,20,0.195706344642515,0.222222222222222
feeder,2011-08-01,b95_100,95--100%,5,3841,66,0.736246885183055,0.733333333333333
feeder,2011-12-01,b70_79,70--79.99%,1,0,0,0,0
feeder,2011-12-01,b80_84,80--84.99%,2,214,2,0.0149253731343284,0.0196078431372549
feeder,2011-12-01,b85_89,85--89.99%,3,4264,12,0.297391546938206,0.117647058823529
feeder,2011-12-01,b90_94,90--94.99%,4,4327,33,0.301785465197378,0.323529411764706
feeder,2011-12-01,b95_100,95--100%,5,5533,55,0.385897614730088,0.53921568627451
feeder,2012-05-01,b70_79,70--79.99%,1,0,0,0,0
feeder,2012-05-01,b80_84,80--84.99%,2,55,1,0.00611790878754171,0.00884955752212389
feeder,2012-05-01,b85_89,85--89.99%,3,280,3,0.0311457174638487,0.0265486725663717
feeder,2012-05-01,b90_94,90--94.99%,4,2905,34,0.323136818687431,0.300884955752212
feeder,2012-05-01,b95_100,95--100%,5,5750,75,0.639599555061179,0.663716814159292
feeder,2013-04-01,b70_79,70--79.99%,1,0,0,0,0
feeder,2013-04-01,b80_84,80--84.99%,2,0,0,0,0
feeder,2013-04-01,b85_89,85--89.99%,3,0,0,0,0
feeder,2013-04-01,b90_94,90--94.99%,4,2592,13,0.217595701813298,0.104
feeder,2013-04-01,b95_100,95--100%,5,9320,112,0.782404298186703,0.896
feeder,2014-02-01,b70_79,70--79.99%,1,0,0,0,0
feeder,2014-02-01,b80_84,80--84.99%,2,0,0,0,0
feeder,2014-02-01,b85_89,85--89.99%,3,32,1,0.0024384668139907,0.0072463768115942
feeder,2014-02-01,b90_94,90--94.99%,4,2641,16,0.20124971424217,0.115942028985507
feeder,2014-02-01,b95_100,95--100%,5,10450,121,0.796311818943839,0.876811594202899
feeder,2014-03-01,b70_79,70--79.99%,1,0,0,0,0
feeder,2014-03-01,b80_84,80--84.99%,2,0,0,0,0
feeder,2014-03-01,b85_89,85--89.99%,3,500,3,0.0295805478317458,0.0170454545454545
feeder,2014-03-01,b90_94,90--94.99%,4,1621,14,0.09590013607052,0.0795454545454545
feeder,2014-03-01,b95_100,95--100%,5,14782,159,0.874519316097734,0.903409090909091
feeder,2014-09-01,b70_79,70--79.99%,1,0,0,0,0
feeder,2014-09-01,b80_84,80--84.99%,2,0,0,0,0
feeder,2014-09-01,b85_89,85--89.99%,3,144,3,0.00771869639794168,0.0140845070422535
feeder,2014-09-01,b90_94,90--94.99%,4,7709,72,0.413218267581475,0.338028169014085
feeder,2014-09-01,b95_100,95--100%,5,10803,138,0.579063036020583,0.647887323943662
feeder,2015-10-01,b70_79,70--79.99%,1,0,0,0,0
feeder,2015-10-01,b80_84,80--84.99%,2,0,0,0,0
feeder,2015-10-01,b85_89,85--89.99%,3,857,10,0.0969237729020584,0.106382978723404
feeder,2015-10-01,b90_94,90--94.99%,4,2999,31,0.339176656864963,0.329787234042553
feeder,2015-10-01,b95_100,95--100%,5,4986,53,0.563899570232979,0.563829787234043
feeder,2015-12-01,b70_79,70--79.99%,1,0,0,0,0
feeder,2015-12-01,b80_84,80--84.99%,2,0,0,0,0
feeder,2015-12-01,b85_89,85--89.99%,3,1563,11,0.108775836871042,0.0683229813664596
feeder,2015-12-01,b90_94,90--94.99%,4,2539,35,0.17669983993319,0.217391304347826
feeder,2015-12-01,b95_100,95--100%,5,10267,115,0.714524323195769,0.714285714285714
feeder,2018-05-01,b70_79,70--79.99%,1,0,0,0,0
feeder,2018-05-01,b80_84,80--84.99%,2,0,0,0,0
feeder,2018-05-01,b85_89,85--89.99%,3,0,0,0,0
feeder,2018-05-01,b90_94,90--94.99%,4,406,7,0.206931702344546,0.175
feeder,2018-05-01,b95_100,95--100%,5,1556,33,0.793068297655454,0.825
feeder,2019-12-01,b70_79,70--79.99%,1,0,0,0,0
feeder,2019-12-01,b80_84,80--84.99%,2,0,0,0,0
feeder,2019-12-01,b85_89,85--89.99%,3,30,1,0.00354526116757268,0.0147058823529412
feeder,2019-12-01,b90_94,90--94.99%,4,1820,10,0.215079177499409,0.147058823529412
feeder,2019-12-01,b95_100,95--100%,5,6612,57,0.781375561333018,0.838235294117647
feeder,2017-06-01,b70_79,70--79.99%,1,0,0,0,0
feeder,2017-06-01,b80_84,80--84.99%,2,0,0,0,0
feeder,2017-06-01,b85_89,85--89.99%,3,775,3,0.090421187726053,0.024390243902439
feeder,2017-06-01,b90_94,90--94.99%,4,443,8,0.0516859176292148,0.0650406504065041
feeder,2017-06-01,b95_100,95--100%,5,7353,112,0.857892894644732,0.910569105691057
feeder,2005-01-01,b70_79,70--79.99%,1,0,0,0,0
feeder,2005-01-01,b80_84,80--84.99%,2,0,0,0,0
feeder,2005-01-01,b85_89,85--89.99%,3,1983,19,0.321029626032054,0.2375
feeder,2005-01-01,b90_94,90--94.99%,4,4194,61,0.678970373967946,0.7625
feeder,2005-01-01,b95_100,95--100%,5,0,0,0,0
feeder,2005-02-01,b70_79,70--79.99%,1,0,0,0,0
feeder,2005-02-01,b80_84,80--84.99%,2,0,0,0,0
feeder,2005-02-01,b85_89,85--89.99%,3,311,8,0.0642031379025599,0.156862745098039
feeder,2005-02-01,b90_94,90--94.99%,4,4533,43,0.93579686209744,0.843137254901961
feeder,2005-02-01,b95_100,95--100%,5,0,0,0,0
feeder,2005-03-01,b70_79,70--79.99%,1,0,0,0,0
feeder,2005-03-01,b80_84,80--84.99%,2,0,0,0,0
feeder,2005-03-01,b85_89,85--89.99%,3,1055,8,0.233613817537644,0.150943396226415
feeder,2005-03-01,b90_94,90--94.99%,4,3461,45,0.766386182462356,0.849056603773585
feeder,2005-03-01,b95_100,95--100%,5,0,0,0,0
feeder,2005-04-01,b70_79,70--79.99%,1,0,0,0,0
feeder,2005-04-01,b80_84,80--84.99%,2,0,0,0,0
feeder,2005-04-01,b85_89,85--89.99%,3,935,13,0.299487508007687,0.288888888888889
feeder,2005-04-01,b90_94,90--94.99%,4,2187,32,0.700512491992313,0.711111111111111
feeder,2005-04-01,b95_100,95--100%,5,0,0,0,0
feeder,2005-05-01,b70_79,70--79.99%,1,0,0,0,0
feeder,2005-05-01,b80_84,80--84.99%,2,0,0,0,0
feeder,2005-05-01,b85_89,85--89.99%,3,215,3,0.0809487951807229,0.0638297872340426
feeder,2005-05-01,b90_94,90--94.99%,4,2441,44,0.919051204819277,0.936170212765957
feeder,2005-05-01,b95_100,95--100%,5,0,0,0,0
feeder,2005-11-01,b70_79,70--79.99%,1,0,0,0,0
feeder,2005-11-01,b80_84,80--84.99%,2,0,0,0,0
feeder,2005-11-01,b85_89,85--89.99%,3,2655,18,0.142389788694626,0.116883116883117
feeder,2005-11-01,b90_94,90--94.99%,4,15991,136,0.857610211305374,0.883116883116883
feeder,2005-11-01,b95_100,95--100%,5,0,0,0,0
feeder,2006-01-01,b70_79,70--79.99%,1,0,0,0,0
feeder,2006-01-01,b80_84,80--84.99%,2,321,2,0.0343719884355927,0.025
feeder,2006-01-01,b85_89,85--89.99%,3,486,6,0.0520398329585609,0.075
feeder,2006-01-01,b90_94,90--94.99%,4,8532,72,0.913588178605846,0.9
feeder,2006-01-01,b95_100,95--100%,5,0,0,0,0
feeder,2006-02-01,b70_79,70--79.99%,1,0,0,0,0
feeder,2006-02-01,b80_84,80--84.99%,2,0,0,0,0
feeder,2006-02-01,b85_89,85--89.99%,3,2785,5,0.256540162122329,0.0806451612903226
feeder,2006-02-01,b90_94,90--94.99%,4,8071,57,0.743459837877671,0.919354838709677
feeder,2006-02-01,b95_100,95--100%,5,0,0,0,0
feeder,2006-04-01,b70_79,70--79.99%,1,0,0,0,0
feeder,2006-04-01,b80_84,80--84.99%,2,0,0,0,0
feeder,2006-04-01,b85_89,85--89.99%,3,0,0,0,0
feeder,2006-04-01,b90_94,90--94.99%,4,4446,54,1,1
feeder,2006-04-01,b95_100,95--100%,5,0,0,0,0
feeder,2006-05-01,b70_79,70--79.99%,1,0,0,0,0
feeder,2006-05-01,b80_84,80--84.99%,2,0,0,0,0
feeder,2006-05-01,b85_89,85--89.99%,3,301,6,0.147404505386876,0.122448979591837
feeder,2006-05-01,b90_94,90--94.99%,4,1741,43,0.852595494613124,0.877551020408163
feeder,2006-05-01,b95_100,95--100%,5,0,0,0,0
feeder,2009-08-01,b70_79,70--79.99%,1,0,0,0,0
feeder,2009-08-01,b80_84,80--84.99%,2,0,0,0,0
feeder,2009-08-01,b85_89,85--89.99%,3,0,0,0,0
feeder,2009-08-01,b90_94,90--94.99%,4,197,5,0.0488955075701167,0.0793650793650794
feeder,2009-08-01,b95_100,95--100%,5,3832,58,0.951104492429883,0.920634920634921
feeder,2010-05-01,b70_79,70--79.99%,1,0,0,0,0
feeder,2010-05-01,b80_84,80--84.99%,2,0,0,0,0
feeder,2010-05-01,b85_89,85--89.99%,3,88,2,0.0191972076788831,0.0273972602739726
feeder,2010-05-01,b90_94,90--94.99%,4,751,12,0.163830715532286,0.164383561643836
feeder,2010-05-01,b95_100,95--100%,5,3745,59,0.816972076788831,0.808219178082192
feeder,2014-11-01,b70_79,70--79.99%,1,125,1,0.0050332192470304,0.00380228136882129
feeder,2014-11-01,b80_84,80--84.99%,2,0,0,0,0
feeder,2014-11-01,b85_89,85--89.99%,3,497,4,0.0200120797261929,0.0152091254752852
feeder,2014-11-01,b90_94,90--94.99%,4,10664,125,0.429394000402658,0.475285171102662
feeder,2014-11-01,b95_100,95--100%,5,13549,133,0.545560700624119,0.505703422053232
feeder,2015-08-01,b70_79,70--79.99%,1,0,0,0,0
feeder,2015-08-01,b80_84,80--84.99%,2,0,0,0,0
feeder,2015-08-01,b85_89,85--89.99%,3,0,0,0,0
feeder,2015-08-01,b90_94,90--94.99%,4,931,11,0.344942571322712,0.261904761904762
feeder,2015-08-01,b95_100,95--100%,5,1768,31,0.655057428677288,0.738095238095238
feeder,2016-01-01,b70_79,70--79.99%,1,0,0,0,0
feeder,2016-01-01,b80_84,80--84.99%,2,450,1,0.0459230533727931,0.00884955752212389
feeder,2016-01-01,b85_89,85--89.99%,3,2010,11,0.205122971731809,0.0973451327433628
feeder,2016-01-01,b90_94,90--94.99%,4,950,17,0.0969486682314522,0.150442477876106
feeder,2016-01-01,b95_100,95--100%,5,6389,84,0.652005306663945,0.743362831858407
feeder,2016-06-01,b70_79,70--79.99%,1,0,0,0,0
feeder,2016-06-01,b80_84,80--84.99%,2,0,0,0,0
feeder,2016-06-01,b85_89,85--89.99%,3,287,3,0.0303254437869823,0.0238095238095238
feeder,2016-06-01,b90_94,90--94.99%,4,1047,20,0.110629754860524,0.158730158730159
feeder,2016-06-01,b95_100,95--100%,5,8130,103,0.859044801352494,0.817460317460317
feeder,2020-10-01,b70_79,70--79.99%,1,0,0,0,0
feeder,2020-10-01,b80_84,80--84.99%,2,75,1,0.00315895880717715,0.0106382978723404
feeder,2020-10-01,b85_89,85--89.99%,3,330,3,0.0138994187515795,0.0319148936170213
feeder,2020-10-01,b90_94,90--94.99%,4,2127,10,0.0895880717715441,0.106382978723404
feeder,2020-10-01,b95_100,95--100%,5,21210,80,0.893353550669699,0.851063829787234
feeder,2005-07-01,b70_79,70--79.99%,1,13,1,0.00338453527727154,0.0217391304347826
feeder,2005-07-01,b80_84,80--84.99%,2,0,0,0,0
feeder,2005-07-01,b85_89,85--89.99%,3,792,7,0.206196303046082,0.152173913043478
feeder,2005-07-01,b90_94,90--94.99%,4,3036,38,0.790419161676647,0.826086956521739
feeder,2005-07-01,b95_100,95--100%,5,0,0,0,0
feeder,2005-08-01,b70_79,70--79.99%,1,0,0,0,0
feeder,2005-08-01,b80_84,80--84.99%,2,0,0,0,0
feeder,2005-08-01,b85_89,85--89.99%,3,311,4,0.0830884317392466,0.0833333333333333
feeder,2005-08-01,b90_94,90--94.99%,4,3432,44,0.916911568260753,0.916666666666667
feeder,2005-08-01,b95_100,95--100%,5,0,0,0,0
feeder,2006-06-01,b70_79,70--79.99%,1,0,0,0,0
feeder,2006-06-01,b80_84,80--84.99%,2,0,0,0,0
feeder,2006-06-01,b85_89,85--89.99%,3,111,3,0.0184385382059801,0.0352941176470588
feeder,2006-06-01,b90_94,90--94.99%,4,5869,81,0.974916943521595,0.952941176470588
feeder,2006-06-01,b95_100,95--100%,5,40,1,0.00664451827242525,0.0117647058823529
feeder,2016-10-01,b70_79,70--79.99%,1,0,0,0,0
feeder,2016-10-01,b80_84,80--84.99%,2,0,0,0,0
feeder,2016-10-01,b85_89,85--89.99%,3,644,5,0.0859354149986656,0.0617283950617284
feeder,2016-10-01,b90_94,90--94.99%,4,1277,8,0.170402989057913,0.0987654320987654
feeder,2016-10-01,b95_100,95--100%,5,5573,68,0.743661595943421,0.839506172839506
feeder,2016-12-01,b70_79,70--79.99%,1,0,0,0,0
feeder,2016-12-01,b80_84,80--84.99%,2,150,1,0.024216984178237,0.0135135135135135
feeder,2016-12-01,b85_89,85--89.99%,3,540,8,0.0871811430416532,0.108108108108108
feeder,2016-12-01,b90_94,90--94.99%,4,1205,11,0.194543106231837,0.148648648648649
feeder,2016-12-01,b95_100,95--100%,5,4299,54,0.694058766548273,0.72972972972973
feeder,2017-01-01,b70_79,70--79.99%,1,0,0,0,0
feeder,2017-01-01,b80_84,80--84.99%,2,400,1,0.0371264154445888,0.0113636363636364
feeder,2017-01-01,b85_89,85--89.99%,3,1080,6,0.10024132170039,0.0681818181818182
feeder,2017-01-01,b90_94,90--94.99%,4,964,12,0.0894746612214591,0.136363636363636
feeder,2017-01-01,b95_100,95--100%,5,8330,69,0.773157601633562,0.784090909090909
feeder,2018-07-01,b70_79,70--79.99%,1,0,0,0,0
feeder,2018-07-01,b80_84,80--84.99%,2,0,0,0,0
feeder,2018-07-01,b85_89,85--89.99%,3,0,0,0,0
feeder,2018-07-01,b90_94,90--94.99%,4,282,9,0.0429616087751371,0.0725806451612903
feeder,2018-07-01,b95_100,95--100%,5,6282,115,0.957038391224863,0.92741935483871
feeder,2018-08-01,b70_79,70--79.99%,1,0,0,0,0
feeder,2018-08-01,b80_84,80--84.99%,2,0,0,0,0
feeder,2018-08-01,b85_89,85--89.99%,3,75,1,0.0249003984063745,0.027027027027027
feeder,2018-08-01,b90_94,90--94.99%,4,286,5,0.0949535192563081,0.135135135135135
feeder,2018-08-01,b95_100,95--100%,5,2651,31,0.880146082337318,0.837837837837838
feeder,2018-09-01,b70_79,70--79.99%,1,0,0,0,0
feeder,2018-09-01,b80_84,80--84.99%,2,0,0,0,0
feeder,2018-09-01,b85_89,85--89.99%,3,550,2,0.0713822193380922,0.0206185567010309
feeder,2018-09-01,b90_94,90--94.99%,4,765,9,0.0992861778066191,0.0927835051546392
feeder,2018-09-01,b95_100,95--100%,5,6390,86,0.829331602855289,0.88659793814433
feeder,2018-10-01,b70_79,70--79.99%,1,0,0,0,0
feeder,2018-10-01,b80_84,80--84.99%,2,0,0,0,0
feeder,2018-10-01,b85_89,85--89.99%,3,32,1,0.00595570444816676,0.0149253731343284
feeder,2018-10-01,b90_94,90--94.99%,4,310,6,0.0576958868416155,0.0895522388059701
feeder,2018-10-01,b95_100,95--100%,5,5031,60,0.936348408710218,0.895522388059702
feeder,2019-02-01,b70_79,70--79.99%,1,0,0,0,0
feeder,2019-02-01,b80_84,80--84.99%,2,0,0,0,0
feeder,2019-02-01,b85_89,85--89.99%,3,0,0,0,0
feeder,2019-02-01,b90_94,90--94.99%,4,422,4,0.130893300248139,0.102564102564103
feeder,2019-02-01,b95_100,95--100%,5,2802,35,0.869106699751861,0.897435897435897
feeder,2019-05-01,b70_79,70--79.99%,1,0,0,0,0
feeder,2019-05-01,b80_84,80--84.99%,2,0,0,0,0
feeder,2019-05-01,b85_89,85--89.99%,3,0,0,0,0
feeder,2019-05-01,b90_94,90--94.99%,4,282,4,0.108670520231214,0.222222222222222
feeder,2019-05-01,b95_100,95--100%,5,2313,14,0.891329479768786,0.777777777777778
feeder,2005-09-01,b70_79,70--79.99%,1,0,0,0,0
feeder,2005-09-01,b80_84,80--84.99%,2,0,0,0,0
feeder,2005-09-01,b85_89,85--89.99%,3,977,12,0.155079365079365,0.148148148148148
feeder,2005-09-01,b90_94,90--94.99%,4,5323,69,0.844920634920635,0.851851851851852
feeder,2005-09-01,b95_100,95--100%,5,0,0,0,0
feeder,2006-08-01,b70_79,70--79.99%,1,0,0,0,0
feeder,2006-08-01,b80_84,80--84.99%,2,0,0,0,0
feeder,2006-08-01,b85_89,85--89.99%,3,96,2,0.0246786632390746,0.0317460317460317
feeder,2006-08-01,b90_94,90--94.99%,4,3757,60,0.965809768637532,0.952380952380952
feeder,2006-08-01,b95_100,95--100%,5,37,1,0.00951156812339332,0.0158730158730159
feeder,2012-04-01,b70_79,70--79.99%,1,0,0,0,0
feeder,2012-04-01,b80_84,80--84.99%,2,0,0,0,0
feeder,2012-04-01,b85_89,85--89.99%,3,493,11,0.0898978847556528,0.134146341463415
feeder,2012-04-01,b90_94,90--94.99%,4,2508,31,0.457330415754923,0.378048780487805
feeder,2012-04-01,b95_100,95--100%,5,2483,40,0.452771699489424,0.487804878048781
feeder,2013-01-01,b70_79,70--79.99%,1,0,0,0,0
feeder,2013-01-01,b80_84,80--84.99%,2,0,0,0,0
feeder,2013-01-01,b85_89,85--89.99%,3,57,1,0.0129134571816946,0.0178571428571429
feeder,2013-01-01,b90_94,90--94.99%,4,188,5,0.0425917535115542,0.0892857142857143
feeder,2013-01-01,b95_100,95--100%,5,4169,50,0.944494789306751,0.892857142857143
feeder,2013-06-01,b70_79,70--79.99%,1,0,0,0,0
feeder,2013-06-01,b80_84,80--84.99%,2,0,0,0,0
feeder,2013-06-01,b85_89,85--89.99%,3,0,0,0,0
feeder,2013-06-01,b90_94,90--94.99%,4,342,5,0.0386834068544282,0.0485436893203884
feeder,2013-06-01,b95_100,95--100%,5,8499,98,0.961316593145572,0.951456310679612
feeder,2015-05-01,b70_79,70--79.99%,1,0,0,0,0
feeder,2015-05-01,b80_84,80--84.99%,2,0,0,0,0
feeder,2015-05-01,b85_89,85--89.99%,3,0,0,0,0
feeder,2015-05-01,b90_94,90--94.99%,4,3788,28,0.350221893491124,0.239316239316239
feeder,2015-05-01,b95_100,95--100%,5,7028,89,0.649778106508876,0.760683760683761
feeder,2017-07-01,b70_79,70--79.99%,1,100,1,0.0164609053497942,0.00952380952380953
feeder,2017-07-01,b80_84,80--84.99%,2,0,0,0,0
feeder,2017-07-01,b85_89,85--89.99%,3,313,4,0.051522633744856,0.0380952380952381
feeder,2017-07-01,b90_94,90--94.99%,4,1128,22,0.185679012345679,0.20952380952381
feeder,2017-07-01,b95_100,95--100%,5,4534,78,0.746337448559671,0.742857142857143
feeder,2011-07-01,b70_79,70--79.99%,1,0,0,0,0
feeder,2011-07-01,b80_84,80--84.99%,2,0,0,0,0
feeder,2011-07-01,b85_89,85--89.99%,3,324,5,0.0164383561643836,0.0186567164179104
feeder,2011-07-01,b90_94,90--94.99%,4,2071,29,0.105073566717402,0.108208955223881
feeder,2011-07-01,b95_100,95--100%,5,17315,234,0.878488077118214,0.873134328358209
feeder,2012-01-01,b70_79,70--79.99%,1,0,0,0,0
feeder,2012-01-01,b80_84,80--84.99%,2,60,1,0.00677277345072807,0.00826446280991736
feeder,2012-01-01,b85_89,85--89.99%,3,943,11,0.106445422733943,0.0909090909090909
feeder,2012-01-01,b90_94,90--94.99%,4,3858,47,0.435489332881815,0.388429752066116
feeder,2012-01-01,b95_100,95--100%,5,3998,62,0.451292470933514,0.512396694214876
feeder,2013-11-01,b70_79,70--79.99%,1,0,0,0,0
feeder,2013-11-01,b80_84,80--84.99%,2,0,0,0,0
feeder,2013-11-01,b85_89,85--89.99%,3,106,2,0.00440858426218599,0.00943396226415094
feeder,2013-11-01,b90_94,90--94.99%,4,6407,36,0.266469805356846,0.169811320754717
feeder,2013-11-01,b95_100,95--100%,5,17531,174,0.729121610380968,0.820754716981132
feeder,2013-12-01,b70_79,70--79.99%,1,0,0,0,0
feeder,2013-12-01,b80_84,80--84.99%,2,0,0,0,0
feeder,2013-12-01,b85_89,85--89.99%,3,0,0,0,0
feeder,2013-12-01,b90_94,90--94.99%,4,2166,11,0.117941736999728,0.0607734806629834
feeder,2013-12-01,b95_100,95--100%,5,16199,170,0.882058263000272,0.939226519337017
feeder,2014-01-01,b70_79,70--79.99%,1,0,0,0,0
feeder,2014-01-01,b80_84,80--84.99%,2,0,0,0,0
feeder,2014-01-01,b85_89,85--89.99%,3,200,1,0.00902853015529072,0.00476190476190476
feeder,2014-01-01,b90_94,90--94.99%,4,3573,27,0.161294691224269,0.128571428571429
feeder,2014-01-01,b95_100,95--100%,5,18379,182,0.829676778620441,0.866666666666667
feeder,2014-05-01,b70_79,70--79.99%,1,0,0,0,0
feeder,2014-05-01,b80_84,80--84.99%,2,0,0,0,0
feeder,2014-05-01,b85_89,85--89.99%,3,405,4,0.019263698630137,0.0151515151515152
feeder,2014-05-01,b90_94,90--94.99%,4,3554,36,0.169044901065449,0.136363636363636
feeder,2014-05-01,b95_100,95--100%,5,17065,224,0.811691400304414,0.848484848484848
feeder,2013-03-01,b70_79,70--79.99%,1,0,0,0,0
feeder,2013-03-01,b80_84,80--84.99%,2,0,0,0,0
feeder,2013-03-01,b85_89,85--89.99%,3,0,0,0,0
feeder,2013-03-01,b90_94,90--94.99%,4,186,5,0.0479876160990712,0.108695652173913
feeder,2013-03-01,b95_100,95--100%,5,3690,41,0.952012383900929,0.891304347826087
feeder,2013-07-01,b70_79,70--79.99%,1,0,0,0,0
feeder,2013-07-01,b80_84,80--84.99%,2,0,0,0,0
feeder,2013-07-01,b85_89,85--89.99%,3,100,1,0.00394819962097284,0.00354609929078014
feeder,2013-07-01,b90_94,90--94.99%,4,571,12,0.0225442198357549,0.0425531914893617
feeder,2013-07-01,b95_100,95--100%,5,24657,269,0.973507580543272,0.953900709219858
feeder,2014-04-01,b70_79,70--79.99%,1,0,0,0,0
feeder,2014-04-01,b80_84,80--84.99%,2,0,0,0,0
feeder,2014-04-01,b85_89,85--89.99%,3,80,3,0.00407290499949089,0.0111940298507463
feeder,2014-04-01,b90_94,90--94.99%,4,1603,16,0.0816108339272986,0.0597014925373134
feeder,2014-04-01,b95_100,95--100%,5,17959,249,0.914316261073211,0.92910447761194
feeder,2016-07-01,b70_79,70--79.99%,1,0,0,0,0
feeder,2016-07-01,b80_84,80--84.99%,2,0,0,0,0
feeder,2016-07-01,b85_89,85--89.99%,3,295,3,0.038734243697479,0.0315789473684211
feeder,2016-07-01,b90_94,90--94.99%,4,612,8,0.0803571428571429,0.0842105263157895
feeder,2016-07-01,b95_100,95--100%,5,6709,84,0.880908613445378,0.884210526315789
feeder,2017-03-01,b70_79,70--79.99%,1,0,0,0,0
feeder,2017-03-01,b80_84,80--84.99%,2,0,0,0,0
feeder,2017-03-01,b85_89,85--89.99%,3,0,0,0,0
feeder,2017-03-01,b90_94,90--94.99%,4,1147,9,0.102410714285714,0.0708661417322835
feeder,2017-03-01,b95_100,95--100%,5,10053,118,0.897589285714286,0.929133858267716
feeder,2020-05-01,b70_79,70--79.99%,1,0,0,0,0
feeder,2020-05-01,b80_84,80--84.99%,2,0,0,0,0
feeder,2020-05-01,b85_89,85--89.99%,3,167,3,0.0568607422540007,0.0769230769230769
feeder,2020-05-01,b90_94,90--94.99%,4,412,3,0.140279196458972,0.0769230769230769
feeder,2020-05-01,b95_100,95--100%,5,2358,33,0.802860061287028,0.846153846153846
feeder,2013-08-01,b70_79,70--79.99%,1,0,0,0,0
feeder,2013-08-01,b80_84,80--84.99%,2,0,0,0,0
feeder,2013-08-01,b85_89,85--89.99%,3,0,0,0,0
feeder,2013-08-01,b90_94,90--94.99%,4,590,6,0.0466292578835059,0.037037037037037
feeder,2013-08-01,b95_100,95--100%,5,12063,156,0.953370742116494,0.962962962962963
feeder,2017-08-01,b70_79,70--79.99%,1,0,0,0,0
feeder,2017-08-01,b80_84,80--84.99%,2,0,0,0,0
feeder,2017-08-01,b85_89,85--89.99%,3,434,8,0.23599782490484,0.275862068965517
feeder,2017-08-01,b90_94,90--94.99%,4,246,3,0.133768352365416,0.103448275862069
feeder,2017-08-01,b95_100,95--100%,5,1159,18,0.630233822729744,0.620689655172414
feeder,2017-09-01,b70_79,70--79.99%,1,0,0,0,0
feeder,2017-09-01,b80_84,80--84.99%,2,0,0,0,0
feeder,2017-09-01,b85_89,85--89.99%,3,363,5,0.0371127696554545,0.0431034482758621
feeder,2017-09-01,b90_94,90--94.99%,4,187,4,0.0191186995194765,0.0344827586206897
feeder,2017-09-01,b95_100,95--100%,5,9231,107,0.943768530825069,0.922413793103448
feeder,2017-10-01,b70_79,70--79.99%,1,0,0,0,0
feeder,2017-10-01,b80_84,80--84.99%,2,0,0,0,0
feeder,2017-10-01,b85_89,85--89.99%,3,1570,5,0.119509781533075,0.0359712230215827
feeder,2017-10-01,b90_94,90--94.99%,4,550,11,0.0418664839765548,0.079136690647482
feeder,2017-10-01,b95_100,95--100%,5,11017,123,0.838623734490371,0.884892086330935
feeder,2012-07-01,b70_79,70--79.99%,1,0,0,0,0
feeder,2012-07-01,b80_84,80--84.99%,2,0,0,0,0
feeder,2012-07-01,b85_89,85--89.99%,3,205,4,0.012074449287313,0.023121387283237
feeder,2012-07-01,b90_94,90--94.99%,4,1607,21,0.0946519024620097,0.121387283236994
feeder,2012-07-01,b95_100,95--100%,5,15166,148,0.893273648250677,0.855491329479769
feeder,2012-11-01,b70_79,70--79.99%,1,0,0,0,0
feeder,2012-11-01,b80_84,80--84.99%,2,0,0,0,0
feeder,2012-11-01,b85_89,85--89.99%,3,100,1,0.0210570646451885,0.0227272727272727
feeder,2012-11-01,b90_94,90--94.99%,4,1029,11,0.216677195198989,0.25
feeder,2012-11-01,b95_100,95--100%,5,3620,32,0.762265740155822,0.727272727272727
feeder,2015-03-01,b70_79,70--79.99%,1,0,0,0,0
feeder,2015-03-01,b80_84,80--84.99%,2,0,0,0,0
feeder,2015-03-01,b85_89,85--89.99%,3,0,0,0,0
feeder,2015-03-01,b90_94,90--94.99%,4,2292,27,0.276945384243596,0.257142857142857
feeder,2015-03-01,b95_100,95--100%,5,5984,78,0.723054615756404,0.742857142857143
feeder,2015-11-01,b70_79,70--79.99%,1,0,0,0,0
feeder,2015-11-01,b80_84,80--84.99%,2,0,0,0,0
feeder,2015-11-01,b85_89,85--89.99%,3,614,5,0.0719053753366905,0.0632911392405063
feeder,2015-11-01,b90_94,90--94.99%,4,1927,15,0.225670453214662,0.189873417721519
feeder,2015-11-01,b95_100,95--100%,5,5998,59,0.702424171448647,0.746835443037975
feeder,2016-03-01,b70_79,70--79.99%,1,0,0,0,0
feeder,2016-03-01,b80_84,80--84.99%,2,0,0,0,0
feeder,2016-03-01,b85_89,85--89.99%,3,830,5,0.100048216007715,0.0609756097560976
feeder,2016-03-01,b90_94,90--94.99%,4,1298,12,0.156460945033751,0.146341463414634
feeder,2016-03-01,b95_100,95--100%,5,6168,65,0.743490838958534,0.792682926829268
feeder,2016-04-01,b70_79,70--79.99%,1,0,0,0,0
feeder,2016-04-01,b80_84,80--84.99%,2,0,0,0,0
feeder,2016-04-01,b85_89,85--89.99%,3,907,9,0.117319880998577,0.0989010989010989
feeder,2016-04-01,b90_94,90--94.99%,4,1046,21,0.135299443797698,0.230769230769231
feeder,2016-04-01,b95_100,95--100%,5,5778,61,0.747380675203725,0.67032967032967
feeder,2016-08-01,b70_79,70--79.99%,1,0,0,0,0
feeder,2016-08-01,b80_84,80--84.99%,2,0,0,0,0
feeder,2016-08-01,b85_89,85--89.99%,3,585,4,0.0761223162003904,0.031496062992126
feeder,2016-08-01,b90_94,90--94.99%,4,814,15,0.105920624593364,0.118110236220472
feeder,2016-08-01,b95_100,95--100%,5,6286,108,0.817957059206246,0.850393700787402
feeder,2016-02-01,b70_79,70--79.99%,1,0,0,0,0
feeder,2016-02-01,b80_84,80--84.99%,2,200,1,0.0355682020273875,0.0172413793103448
feeder,2016-02-01,b85_89,85--89.99%,3,310,3,0.0551307131424507,0.0517241379310345
feeder,2016-02-01,b90_94,90--94.99%,4,2281,15,0.405655344122355,0.258620689655172
feeder,2016-02-01,b95_100,95--100%,5,2832,39,0.503645740707807,0.672413793103448
feeder,2015-04-01,b70_79,70--79.99%,1,0,0,0,0
feeder,2015-04-01,b80_84,80--84.99%,2,0,0,0,0
feeder,2015-04-01,b85_89,85--89.99%,3,83,3,0.01073599793041,0.0319148936170213
feeder,2015-04-01,b90_94,90--94.99%,4,1867,18,0.241495278747898,0.191489361702128
feeder,2015-04-01,b95_100,95--100%,5,5781,73,0.747768723321692,0.776595744680851
feeder,2015-06-01,b70_79,70--79.99%,1,0,0,0,0
feeder,2015-06-01,b80_84,80--84.99%,2,0,0,0,0
feeder,2015-06-01,b85_89,85--89.99%,3,0,0,0,0
feeder,2015-06-01,b90_94,90--94.99%,4,1011,15,0.151619676064787,0.161290322580645
feeder,2015-06-01,b95_100,95--100%,5,5657,78,0.848380323935213,0.838709677419355
feeder,2016-05-01,b70_79,70--79.99%,1,0,0,0,0
feeder,2016-05-01,b80_84,80--84.99%,2,0,0,0,0
feeder,2016-05-01,b85_89,85--89.99%,3,298,6,0.0358086998317712,0.0508474576271187
feeder,2016-05-01,b90_94,90--94.99%,4,1321,19,0.158735880797885,0.161016949152542
feeder,2016-05-01,b95_100,95--100%,5,6703,93,0.805455419370344,0.788135593220339
feeder,2012-02-01,b70_79,70--79.99%,1,0,0,0,0
feeder,2012-02-01,b80_84,80--84.99%,2,0,0,0,0
feeder,2012-02-01,b85_89,85--89.99%,3,892,15,0.0846219523764349,0.112781954887218
feeder,2012-02-01,b90_94,90--94.99%,4,3831,34,0.363438003984442,0.255639097744361
feeder,2012-02-01,b95_100,95--100%,5,5818,84,0.551940043639123,0.631578947368421
feeder,2016-09-01,b70_79,70--79.99%,1,0,0,0,0
feeder,2016-09-01,b80_84,80--84.99%,2,0,0,0,0
feeder,2016-09-01,b85_89,85--89.99%,3,110,2,0.0197415649676956,0.0425531914893617
feeder,2016-09-01,b90_94,90--94.99%,4,2695,12,0.483668341708543,0.25531914893617
feeder,2016-09-01,b95_100,95--100%,5,2767,33,0.496590093323762,0.702127659574468
feeder,2017-02-01,b70_79,70--79.99%,1,0,0,0,0
feeder,2017-02-01,b80_84,80--84.99%,2,0,0,0,0
feeder,2017-02-01,b85_89,85--89.99%,3,1200,1,0.250731299623903,0.0238095238095238
feeder,2017-02-01,b90_94,90--94.99%,4,980,7,0.204763894692854,0.166666666666667
feeder,2017-02-01,b95_100,95--100%,5,2606,34,0.544504805683243,0.80952380952381
feeder,2017-11-01,b70_79,70--79.99%,1,0,0,0,0
feeder,2017-11-01,b80_84,80--84.99%,2,0,0,0,0
feeder,2017-11-01,b85_89,85--89.99%,3,240,3,0.023961661341853,0.0232558139534884
feeder,2017-11-01,b90_94,90--94.99%,4,1849,26,0.184604632587859,0.201550387596899
feeder,2017-11-01,b95_100,95--100%,5,7927,100,0.791433706070288,0.775193798449612
feeder,2012-06-01,b70_79,70--79.99%,1,0,0,0,0
feeder,2012-06-01,b80_84,80--84.99%,2,0,0,0,0
feeder,2012-06-01,b85_89,85--89.99%,3,0,0,0,0
feeder,2012-06-01,b90_94,90--94.99%,4,2046,23,0.203703703703704,0.188524590163934
feeder,2012-06-01,b95_100,95--100%,5,7998,99,0.796296296296296,0.811475409836066
feeder,2013-09-01,b70_79,70--79.99%,1,0,0,0,0
feeder,2013-09-01,b80_84,80--84.99%,2,0,0,0,0
feeder,2013-09-01,b85_89,85--89.99%,3,0,0,0,0
feeder,2013-09-01,b90_94,90--94.99%,4,1630,12,0.0941815450395794,0.0618556701030928
feeder,2013-09-01,b95_100,95--100%,5,15677,182,0.905818454960421,0.938144329896907
feeder,2013-10-01,b70_79,70--79.99%,1,0,0,0,0
feeder,2013-10-01,b80_84,80--84.99%,2,0,0,0,0
feeder,2013-10-01,b85_89,85--89.99%,3,0,0,0,0
feeder,2013-10-01,b90_94,90--94.99%,4,845,9,0.118049734562727,0.116883116883117
feeder,2013-10-01,b95_100,95--100%,5,6313,68,0.881950265437273,0.883116883116883
feeder,2014-12-01,b70_79,70--79.99%,1,0,0,0,0
feeder,2014-12-01,b80_84,80--84.99%,2,0,0,0,0
feeder,2014-12-01,b85_89,85--89.99%,3,655,2,0.0466723671084509,0.0140845070422535
feeder,2014-12-01,b90_94,90--94.99%,4,6634,69,0.472709134957959,0.485915492957747
feeder,2014-12-01,b95_100,95--100%,5,6745,71,0.48061849793359,0.5
feeder,2007-08-01,b70_79,70--79.99%,1,0,0,0,0
feeder,2007-08-01,b80_84,80--84.99%,2,113,2,0.0240272166702105,0.025974025974026
feeder,2007-08-01,b85_89,85--89.99%,3,460,7,0.0978099085689985,0.0909090909090909
feeder,2007-08-01,b90_94,90--94.99%,4,544,11,0.115670848394642,0.142857142857143
feeder,2007-08-01,b95_100,95--100%,5,3586,57,0.762492026366149,0.74025974025974
feeder,2008-04-01,b70_79,70--79.99%,1,0,0,0,0
feeder,2008-04-01,b80_84,80--84.99%,2,0,0,0,0
feeder,2008-04-01,b85_89,85--89.99%,3,345,8,0.0454007106198184,0.125
feeder,2008-04-01,b90_94,90--94.99%,4,1278,11,0.168180023687327,0.171875
feeder,2008-04-01,b95_100,95--100%,5,5976,45,0.786419265692854,0.703125
feeder,2008-05-01,b70_79,70--79.99%,1,0,0,0,0
feeder,2008-05-01,b80_84,80--84.99%,2,40,1,0.00627746390458255,0.0140845070422535
feeder,2008-05-01,b85_89,85--89.99%,3,227,6,0.035624607658506,0.0845070422535211
feeder,2008-05-01,b90_94,90--94.99%,4,1077,14,0.169020715630885,0.197183098591549
feeder,2008-05-01,b95_100,95--100%,5,5028,50,0.789077212806026,0.704225352112676
feeder,2018-06-01,b70_79,70--79.99%,1,0,0,0,0
feeder,2018-06-01,b80_84,80--84.99%,2,0,0,0,0
feeder,2018-06-01,b85_89,85--89.99%,3,221,4,0.0536407766990291,0.0597014925373134
feeder,2018-06-01,b90_94,90--94.99%,4,80,2,0.0194174757281553,0.0298507462686567
feeder,2018-06-01,b95_100,95--100%,5,3819,61,0.926941747572816,0.91044776119403
feeder,2005-12-01,b70_79,70--79.99%,1,0,0,0,0
feeder,2005-12-01,b80_84,80--84.99%,2,0,0,0,0
feeder,2005-12-01,b85_89,85--89.99%,3,598,5,0.0660700475085626,0.0510204081632653
feeder,2005-12-01,b90_94,90--94.99%,4,8453,93,0.933929952491437,0.948979591836735
feeder,2005-12-01,b95_100,95--100%,5,0,0,0,0
feeder,2006-10-01,b70_79,70--79.99%,1,0,0,0,0
feeder,2006-10-01,b80_84,80--84.99%,2,0,0,0,0
feeder,2006-10-01,b85_89,85--89.99%,3,1181,3,0.311527301503561,0.0789473684210526
feeder,2006-10-01,b90_94,90--94.99%,4,2610,35,0.688472698496439,0.921052631578947
feeder,2006-10-01,b95_100,95--100%,5,0,0,0,0
feeder,2013-02-01,b70_79,70--79.99%,1,0,0,0,0
feeder,2013-02-01,b80_84,80--84.99%,2,0,0,0,0
feeder,2013-02-01,b85_89,85--89.99%,3,0,0,0,0
feeder,2013-02-01,b90_94,90--94.99%,4,1606,8,0.285663464959089,0.181818181818182
feeder,2013-02-01,b95_100,95--100%,5,4016,36,0.714336535040911,0.818181818181818
feeder,2006-07-01,b70_79,70--79.99%,1,0,0,0,0
feeder,2006-07-01,b80_84,80--84.99%,2,0,0,0,0
feeder,2006-07-01,b85_89,85--89.99%,3,57,3,0.0180780209324453,0.0638297872340426
feeder,2006-07-01,b90_94,90--94.99%,4,3096,44,0.981921979067555,0.936170212765957
feeder,2006-07-01,b95_100,95--100%,5,0,0,0,0
feeder,2006-11-01,b70_79,70--79.99%,1,0,0,0,0
feeder,2006-11-01,b80_84,80--84.99%,2,0,0,0,0
feeder,2006-11-01,b85_89,85--89.99%,3,743,4,0.188291941206285,0.111111111111111
feeder,2006-11-01,b90_94,90--94.99%,4,3203,32,0.811708058793715,0.888888888888889
feeder,2006-11-01,b95_100,95--100%,5,0,0,0,0
feeder,2007-01-01,b70_79,70--79.99%,1,0,0,0,0
feeder,2007-01-01,b80_84,80--84.99%,2,114,1,0.0246646473388144,0.0294117647058824
feeder,2007-01-01,b85_89,85--89.99%,3,34,1,0.00735612289052358,0.0294117647058824
feeder,2007-01-01,b90_94,90--94.99%,4,4474,32,0.967979229770662,0.941176470588235
feeder,2007-01-01,b95_100,95--100%,5,0,0,0,0
feeder,2007-03-01,b70_79,70--79.99%,1,0,0,0,0
feeder,2007-03-01,b80_84,80--84.99%,2,140,3,0.0355149670218163,0.0769230769230769
feeder,2007-03-01,b85_89,85--89.99%,3,1228,8,0.311516996448503,0.205128205128205
feeder,2007-03-01,b90_94,90--94.99%,4,2574,28,0.65296803652968,0.717948717948718
feeder,2007-03-01,b95_100,95--100%,5,0,0,0,0
feeder,2007-04-01,b70_79,70--79.99%,1,0,0,0,0
feeder,2007-04-01,b80_84,80--84.99%,2,1267,3,0.231457800511509,0.0508474576271187
feeder,2007-04-01,b85_89,85--89.99%,3,910,12,0.166240409207161,0.203389830508475
feeder,2007-04-01,b90_94,90--94.99%,4,3297,44,0.60230179028133,0.745762711864407
feeder,2007-04-01,b95_100,95--100%,5,0,0,0,0
feeder,2008-02-01,b70_79,70--79.99%,1,0,0,0,0
feeder,2008-02-01,b80_84,80--84.99%,2,0,0,0,0
feeder,2008-02-01,b85_89,85--89.99%,3,2070,6,0.458980044345898,0.157894736842105
feeder,2008-02-01,b90_94,90--94.99%,4,849,10,0.188248337028825,0.263157894736842
feeder,2008-02-01,b95_100,95--100%,5,1591,22,0.352771618625277,0.578947368421053
feeder,2012-03-01,b70_79,70--79.99%,1,0,0,0,0
feeder,2012-03-01,b80_84,80--84.99%,2,0,0,0,0
feeder,2012-03-01,b85_89,85--89.99%,3,716,11,0.088866823879856,0.102803738317757
feeder,2012-03-01,b90_94,90--94.99%,4,2506,27,0.311033883579496,0.252336448598131
feeder,2012-03-01,b95_100,95--100%,5,4835,69,0.600099292540648,0.644859813084112
feeder,2013-05-01,b70_79,70--79.99%,1,0,0,0,0
feeder,2013-05-01,b80_84,80--84.99%,2,0,0,0,0
feeder,2013-05-01,b85_89,85--89.99%,3,0,0,0,0
feeder,2013-05-01,b90_94,90--94.99%,4,365,5,0.0933503836317136,0.104166666666667
feeder,2013-05-01,b95_100,95--100%,5,3545,43,0.906649616368286,0.895833333333333
feeder,2019-03-01,b70_79,70--79.99%,1,0,0,0,0
feeder,2019-03-01,b80_84,80--84.99%,2,0,0,0,0
feeder,2019-03-01,b85_89,85--89.99%,3,427,2,0.0412201949995173,0.0338983050847458
feeder,2019-03-01,b90_94,90--94.99%,4,650,2,0.0627473694372044,0.0338983050847458
feeder,2019-03-01,b95_100,95--100%,5,9282,55,0.896032435563278,0.932203389830508
feeder,2011-01-01,b70_79,70--79.99%,1,0,0,0,0
feeder,2011-01-01,b80_84,80--84.99%,2,0,0,0,0
feeder,2011-01-01,b85_89,85--89.99%,3,1824,12,0.128188909972591,0.0930232558139535
feeder,2011-01-01,b90_94,90--94.99%,4,2713,22,0.190666947782697,0.170542635658915
feeder,2011-01-01,b95_100,95--100%,5,9692,95,0.681144142244712,0.736434108527132
feeder,2011-02-01,b70_79,70--79.99%,1,275,3,0.0226841540872721,0.0227272727272727
feeder,2011-02-01,b80_84,80--84.99%,2,0,0,0,0
feeder,2011-02-01,b85_89,85--89.99%,3,723,8,0.0596387032912645,0.0606060606060606
feeder,2011-02-01,b90_94,90--94.99%,4,2994,24,0.24696857213561,0.181818181818182
feeder,2011-02-01,b95_100,95--100%,5,8131,97,0.670708570485853,0.734848484848485
feeder,2007-09-01,b70_79,70--79.99%,1,0,0,0,0
feeder,2007-09-01,b80_84,80--84.99%,2,0,0,0,0
feeder,2007-09-01,b85_89,85--89.99%,3,700,5,0.137686860739575,0.0602409638554217
feeder,2007-09-01,b90_94,90--94.99%,4,1972,28,0.387883556254917,0.337349397590361
feeder,2007-09-01,b95_100,95--100%,5,2412,50,0.474429583005508,0.602409638554217
feeder,2007-10-01,b70_79,70--79.99%,1,0,0,0,0
feeder,2007-10-01,b80_84,80--84.99%,2,0,0,0,0
feeder,2007-10-01,b85_89,85--89.99%,3,215,3,0.0364715860899067,0.0638297872340426
feeder,2007-10-01,b90_94,90--94.99%,4,445,7,0.0754877014418999,0.148936170212766
feeder,2007-10-01,b95_100,95--100%,5,5235,37,0.888040712468193,0.787234042553192
feeder,2007-12-01,b70_79,70--79.99%,1,0,0,0,0
feeder,2007-12-01,b80_84,80--84.99%,2,0,0,0,0
feeder,2007-12-01,b85_89,85--89.99%,3,0,0,0,0
feeder,2007-12-01,b90_94,90--94.99%,4,1969,17,0.513428943937419,0.395348837209302
feeder,2007-12-01,b95_100,95--100%,5,1866,26,0.486571056062582,0.604651162790698
feeder,2008-10-01,b70_79,70--79.99%,1,0,0,0,0
feeder,2008-10-01,b80_84,80--84.99%,2,160,2,0.033698399326032,0.0416666666666667
feeder,2008-10-01,b85_89,85--89.99%,3,300,1,0.06318449873631,0.0208333333333333
feeder,2008-10-01,b90_94,90--94.99%,4,685,7,0.144271272114575,0.145833333333333
feeder,2008-10-01,b95_100,95--100%,5,3603,38,0.758845829823083,0.791666666666667
feeder,2010-10-01,b70_79,70--79.99%,1,0,0,0,0
feeder,2010-10-01,b80_84,80--84.99%,2,0,0,0,0
feeder,2010-10-01,b85_89,85--89.99%,3,425,2,0.154883381924198,0.0476190476190476
feeder,2010-10-01,b90_94,90--94.99%,4,95,2,0.0346209912536443,0.0476190476190476
feeder,2010-10-01,b95_100,95--100%,5,2224,38,0.810495626822157,0.904761904761905
feeder,2005-10-01,b70_79,70--79.99%,1,0,0,0,0
feeder,2005-10-01,b80_84,80--84.99%,2,61,1,0.0056617783552998,0.00694444444444444
feeder,2005-10-01,b85_89,85--89.99%,3,369,3,0.0342491182476332,0.0208333333333333
feeder,2005-10-01,b90_94,90--94.99%,4,10184,138,0.945238537219231,0.958333333333333
feeder,2005-10-01,b95_100,95--100%,5,160,2,0.0148505661778355,0.0138888888888889
feeder,2011-09-01,b70_79,70--79.99%,1,0,0,0,0
feeder,2011-09-01,b80_84,80--84.99%,2,0,0,0,0
feeder,2011-09-01,b85_89,85--89.99%,3,855,9,0.157313707451702,0.0989010989010989
feeder,2011-09-01,b90_94,90--94.99%,4,1117,17,0.205519779208832,0.186813186813187
feeder,2011-09-01,b95_100,95--100%,5,3463,65,0.637166513339466,0.714285714285714
feeder,2019-11-01,b70_79,70--79.99%,1,0,0,0,0
feeder,2019-11-01,b80_84,80--84.99%,2,0,0,0,0
feeder,2019-11-01,b85_89,85--89.99%,3,424,4,0.0771891498270526,0.0701754385964912
feeder,2019-11-01,b90_94,90--94.99%,4,1916,12,0.348807573275077,0.210526315789474
feeder,2019-11-01,b95_100,95--100%,5,3153,41,0.57400327689787,0.719298245614035
feeder,2008-07-01,b70_79,70--79.99%,1,0,0,0,0
feeder,2008-07-01,b80_84,80--84.99%,2,0,0,0,0
feeder,2008-07-01,b85_89,85--89.99%,3,125,1,0.0177279818465466,0.0123456790123457
feeder,2008-07-01,b90_94,90--94.99%,4,831,13,0.117855623315842,0.160493827160494
feeder,2008-07-01,b95_100,95--100%,5,6095,67,0.864416394837612,0.82716049382716
feeder,2011-05-01,b70_79,70--79.99%,1,0,0,0,0
feeder,2011-05-01,b80_84,80--84.99%,2,0,0,0,0
feeder,2011-05-01,b85_89,85--89.99%,3,569,5,0.100070348223707,0.0588235294117647
feeder,2011-05-01,b90_94,90--94.99%,4,265,7,0.0466056982061203,0.0823529411764706
feeder,2011-05-01,b95_100,95--100%,5,4852,73,0.853323953570172,0.858823529411765
feeder,2018-04-01,b70_79,70--79.99%,1,0,0,0,0
feeder,2018-04-01,b80_84,80--84.99%,2,0,0,0,0
feeder,2018-04-01,b85_89,85--89.99%,3,360,2,0.20293122886133,0.0625
feeder,2018-04-01,b90_94,90--94.99%,4,17,2,0.00958286358511838,0.0625
feeder,2018-04-01,b95_100,95--100%,5,1397,28,0.787485907553551,0.875
feeder,2009-03-01,b70_79,70--79.99%,1,0,0,0,0
feeder,2009-03-01,b80_84,80--84.99%,2,0,0,0,0
feeder,2009-03-01,b85_89,85--89.99%,3,1027,3,0.397907787679194,0.136363636363636
feeder,2009-03-01,b90_94,90--94.99%,4,514,5,0.199147617202635,0.227272727272727
feeder,2009-03-01,b95_100,95--100%,5,1040,14,0.402944595118171,0.636363636363636
feeder,2007-02-01,b70_79,70--79.99%,1,0,0,0,0
feeder,2007-02-01,b80_84,80--84.99%,2,109,1,0.026611328125,0.037037037037037
feeder,2007-02-01,b85_89,85--89.99%,3,544,5,0.1328125,0.185185185185185
feeder,2007-02-01,b90_94,90--94.99%,4,3443,21,0.840576171875,0.777777777777778
feeder,2007-02-01,b95_100,95--100%,5,0,0,0,0
feeder,2005-06-01,b70_79,70--79.99%,1,0,0,0,0
feeder,2005-06-01,b80_84,80--84.99%,2,100,1,0.0161264312207708,0.0104166666666667
feeder,2005-06-01,b85_89,85--89.99%,3,885,12,0.142718916303822,0.125
feeder,2005-06-01,b90_94,90--94.99%,4,5216,83,0.841154652475407,0.864583333333333
feeder,2005-06-01,b95_100,95--100%,5,0,0,0,0
feeder,2006-09-01,b70_79,70--79.99%,1,0,0,0,0
feeder,2006-09-01,b80_84,80--84.99%,2,0,0,0,0
feeder,2006-09-01,b85_89,85--89.99%,3,492,3,0.232514177693762,0.12
feeder,2006-09-01,b90_94,90--94.99%,4,1624,22,0.767485822306238,0.88
feeder,2006-09-01,b95_100,95--100%,5,0,0,0,0
feeder,2008-09-01,b70_79,70--79.99%,1,0,0,0,0
feeder,2008-09-01,b80_84,80--84.99%,2,0,0,0,0
feeder,2008-09-01,b85_89,85--89.99%,3,0,0,0,0
feeder,2008-09-01,b90_94,90--94.99%,4,680,4,0.283806343906511,0.142857142857143
feeder,2008-09-01,b95_100,95--100%,5,1716,24,0.716193656093489,0.857142857142857
feeder,2008-12-01,b70_79,70--79.99%,1,0,0,0,0
feeder,2008-12-01,b80_84,80--84.99%,2,0,0,0,0
feeder,2008-12-01,b85_89,85--89.99%,3,1040,3,0.415335463258786,0.157894736842105
feeder,2008-12-01,b90_94,90--94.99%,4,218,3,0.0870607028753994,0.157894736842105
feeder,2008-12-01,b95_100,95--100%,5,1246,13,0.497603833865815,0.68421052631579
feeder,2009-01-01,b70_79,70--79.99%,1,53,1,0.0223251895534962,0.0526315789473684
feeder,2009-01-01,b80_84,80--84.99%,2,0,0,0,0
feeder,2009-01-01,b85_89,85--89.99%,3,265,4,0.111625947767481,0.210526315789474
feeder,2009-01-01,b90_94,90--94.99%,4,490,4,0.206402695871946,0.210526315789474
feeder,2009-01-01,b95_100,95--100%,5,1566,10,0.659646166807077,0.526315789473684
feeder,2009-02-01,b70_79,70--79.99%,1,0,0,0,0
feeder,2009-02-01,b80_84,80--84.99%,2,50,1,0.0119502868068834,0.024390243902439
feeder,2009-02-01,b85_89,85--89.99%,3,433,6,0.10348948374761,0.146341463414634
feeder,2009-02-01,b90_94,90--94.99%,4,424,9,0.101338432122371,0.219512195121951
feeder,2009-02-01,b95_100,95--100%,5,3277,25,0.783221797323136,0.609756097560976
feeder,2009-04-01,b70_79,70--79.99%,1,0,0,0,0
feeder,2009-04-01,b80_84,80--84.99%,2,0,0,0,0
feeder,2009-04-01,b85_89,85--89.99%,3,31,1,0.0129815745393635,0.0357142857142857
feeder,2009-04-01,b90_94,90--94.99%,4,1261,11,0.528056951423786,0.392857142857143
feeder,2009-04-01,b95_100,95--100%,5,1096,16,0.458961474036851,0.571428571428571
feeder,2009-05-01,b70_79,70--79.99%,1,0,0,0,0
feeder,2009-05-01,b80_84,80--84.99%,2,0,0,0,0
feeder,2009-05-01,b85_89,85--89.99%,3,80,1,0.0431732325957906,0.04
feeder,2009-05-01,b90_94,90--94.99%,4,175,3,0.094441446303292,0.12
feeder,2009-05-01,b95_100,95--100%,5,1598,21,0.862385321100918,0.84
feeder,2009-09-01,b70_79,70--79.99%,1,0,0,0,0
feeder,2009-09-01,b80_84,80--84.99%,2,0,0,0,0
feeder,2009-09-01,b85_89,85--89.99%,3,0,0,0,0
feeder,2009-09-01,b90_94,90--94.99%,4,375,6,0.0584294172639452,0.0705882352941176
feeder,2009-09-01,b95_100,95--100%,5,6043,79,0.941570582736055,0.929411764705882
feeder,2010-01-01,b70_79,70--79.99%,1,0,0,0,0
feeder,2010-01-01,b80_84,80--84.99%,2,0,0,0,0
feeder,2010-01-01,b85_89,85--89.99%,3,477,3,0.116143170197224,0.0833333333333333
feeder,2010-01-01,b90_94,90--94.99%,4,1099,10,0.267591916240565,0.277777777777778
feeder,2010-01-01,b95_100,95--100%,5,2531,23,0.616264913562211,0.638888888888889
feeder,2012-12-01,b70_79,70--79.99%,1,0,0,0,0
feeder,2012-12-01,b80_84,80--84.99%,2,1000,1,0.0663658083355455,0.0102040816326531
feeder,2012-12-01,b85_89,85--89.99%,3,237,3,0.0157286965755243,0.0306122448979592
feeder,2012-12-01,b90_94,90--94.99%,4,4650,23,0.308601008760287,0.23469387755102
feeder,2012-12-01,b95_100,95--100%,5,9181,71,0.609304486328644,0.724489795918367
feeder,2019-10-01,b70_79,70--79.99%,1,0,0,0,0
feeder,2019-10-01,b80_84,80--84.99%,2,0,0,0,0
feeder,2019-10-01,b85_89,85--89.99%,3,570,6,0.182985553772071,0.127659574468085
feeder,2019-10-01,b90_94,90--94.99%,4,318,5,0.102086677367576,0.106382978723404
feeder,2019-10-01,b95_100,95--100%,5,2227,36,0.714927768860353,0.765957446808511
feeder,2020-02-01,b70_79,70--79.99%,1,0,0,0,0
feeder,2020-02-01,b80_84,80--84.99%,2,0,0,0,0
feeder,2020-02-01,b85_89,85--89.99%,3,320,2,0.0494437577255872,0.0666666666666667
feeder,2020-02-01,b90_94,90--94.99%,4,449,6,0.0693757725587145,0.2
feeder,2020-02-01,b95_100,95--100%,5,5703,22,0.881180469715698,0.733333333333333
feeder,2020-03-01,b70_79,70--79.99%,1,0,0,0,0
feeder,2020-03-01,b80_84,80--84.99%,2,0,0,0,0
feeder,2020-03-01,b85_89,85--89.99%,3,77,3,0.0948275862068965,0.230769230769231
feeder,2020-03-01,b90_94,90--94.99%,4,634,7,0.780788177339901,0.538461538461538
feeder,2020-03-01,b95_100,95--100%,5,101,3,0.124384236453202,0.230769230769231
feeder,2006-03-01,b70_79,70--79.99%,1,0,0,0,0
feeder,2006-03-01,b80_84,80--84.99%,2,0,0,0,0
feeder,2006-03-01,b85_89,85--89.99%,3,416,1,0.0587321756317944,0.012987012987013
feeder,2006-03-01,b90_94,90--94.99%,4,6567,75,0.927149512918255,0.974025974025974
feeder,2006-03-01,b95_100,95--100%,5,100,1,0.0141183114499506,0.012987012987013
feeder,2007-05-01,b70_79,70--79.99%,1,0,0,0,0
feeder,2007-05-01,b80_84,80--84.99%,2,0,0,0,0
feeder,2007-05-01,b85_89,85--89.99%,3,150,1,0.0853242320819113,0.037037037037037
feeder,2007-05-01,b90_94,90--94.99%,4,1608,26,0.914675767918089,0.962962962962963
feeder,2007-05-01,b95_100,95--100%,5,0,0,0,0
feeder,2012-09-01,b70_79,70--79.99%,1,0,0,0,0
feeder,2012-09-01,b80_84,80--84.99%,2,0,0,0,0
feeder,2012-09-01,b85_89,85--89.99%,3,106,1,0.0230484888019135,0.0178571428571429
feeder,2012-09-01,b90_94,90--94.99%,4,692,13,0.150467492933246,0.232142857142857
feeder,2012-09-01,b95_100,95--100%,5,3801,42,0.82648401826484,0.75
feeder,2019-09-01,b70_79,70--79.99%,1,0,0,0,0
feeder,2019-09-01,b80_84,80--84.99%,2,0,0,0,0
feeder,2019-09-01,b85_89,85--89.99%,3,468,2,0.347438752783964,0.117647058823529
feeder,2019-09-01,b90_94,90--94.99%,4,160,3,0.118782479584261,0.176470588235294
feeder,2019-09-01,b95_100,95--100%,5,719,12,0.533778767631774,0.705882352941177
feeder,2018-11-01,b70_79,70--79.99%,1,0,0,0,0
feeder,2018-11-01,b80_84,80--84.99%,2,0,0,0,0
feeder,2018-11-01,b85_89,85--89.99%,3,0,0,0,0
feeder,2018-11-01,b90_94,90--94.99%,4,1179,12,0.315916398713826,0.25531914893617
feeder,2018-11-01,b95_100,95--100%,5,2553,35,0.684083601286174,0.74468085106383
feeder,2015-09-01,b70_79,70--79.99%,1,0,0,0,0
feeder,2015-09-01,b80_84,80--84.99%,2,0,0,0,0
feeder,2015-09-01,b85_89,85--89.99%,3,0,0,0,0
feeder,2015-09-01,b90_94,90--94.99%,4,2048,24,0.573830204539087,0.489795918367347
feeder,2015-09-01,b95_100,95--100%,5,1521,25,0.426169795460913,0.510204081632653
feeder,2020-06-01,b70_79,70--79.99%,1,0,0,0,0
feeder,2020-06-01,b80_84,80--84.99%,2,0,0,0,0
feeder,2020-06-01,b85_89,85--89.99%,3,50,1,0.0318066157760814,0.0333333333333333
feeder,2020-06-01,b90_94,90--94.99%,4,500,9,0.318066157760814,0.3
feeder,2020-06-01,b95_100,95--100%,5,1022,20,0.650127226463104,0.666666666666667
feeder,2009-06-01,b70_79,70--79.99%,1,0,0,0,0
feeder,2009-06-01,b80_84,80--84.99%,2,0,0,0,0
feeder,2009-06-01,b85_89,85--89.99%,3,0,0,0,0
feeder,2009-06-01,b90_94,90--94.99%,4,120,6,0.202702702702703,0.375
feeder,2009-06-01,b95_100,95--100%,5,472,10,0.797297297297297,0.625
feeder,2019-07-01,b70_79,70--79.99%,1,0,0,0,0
feeder,2019-07-01,b80_84,80--84.99%,2,0,0,0,0
feeder,2019-07-01,b85_89,85--89.99%,3,225,1,0.115089514066496,0.0384615384615385
feeder,2019-07-01,b90_94,90--94.99%,4,0,0,0,0
feeder,2019-07-01,b95_100,95--100%,5,1730,25,0.884910485933504,0.961538461538461
feeder,2006-12-01,b70_79,70--79.99%,1,0,0,0,0
feeder,2006-12-01,b80_84,80--84.99%,2,30,1,0.0146412884333821,0.0526315789473684
feeder,2006-12-01,b85_89,85--89.99%,3,136,3,0.066373840897999,0.157894736842105
feeder,2006-12-01,b90_94,90--94.99%,4,1883,15,0.918984870668619,0.789473684210526
feeder,2006-12-01,b95_100,95--100%,5,0,0,0,0
feeder,2009-10-01,b70_79,70--79.99%,1,0,0,0,0
feeder,2009-10-01,b80_84,80--84.99%,2,0,0,0,0
feeder,2009-10-01,b85_89,85--89.99%,3,0,0,0,0
feeder,2009-10-01,b90_94,90--94.99%,4,103,1,0.0403288958496476,0.0357142857142857
feeder,2009-10-01,b95_100,95--100%,5,2451,27,0.959671104150352,0.964285714285714
feeder,2015-07-01,b70_79,70--79.99%,1,0,0,0,0
feeder,2015-07-01,b80_84,80--84.99%,2,0,0,0,0
feeder,2015-07-01,b85_89,85--89.99%,3,320,3,0.0628436763550668,0.0508474576271187
feeder,2015-07-01,b90_94,90--94.99%,4,1396,18,0.274155538098979,0.305084745762712
feeder,2015-07-01,b95_100,95--100%,5,3376,38,0.663000785545954,0.64406779661017
feeder,2019-06-01,b70_79,70--79.99%,1,0,0,0,0
feeder,2019-06-01,b80_84,80--84.99%,2,0,0,0,0
feeder,2019-06-01,b85_89,85--89.99%,3,0,0,0,0
feeder,2019-06-01,b90_94,90--94.99%,4,182,4,1,1
feeder,2019-06-01,b95_100,95--100%,5,0,0,0,0
feeder,2008-03-01,b70_79,70--79.99%,1,0,0,0,0
feeder,2008-03-01,b80_84,80--84.99%,2,0,0,0,0
feeder,2008-03-01,b85_89,85--89.99%,3,430,4,0.160988393859978,0.181818181818182
feeder,2008-03-01,b90_94,90--94.99%,4,60,1,0.0224634968176713,0.0454545454545455
feeder,2008-03-01,b95_100,95--100%,5,2181,17,0.816548109322351,0.772727272727273
feeder,2010-02-01,b70_79,70--79.99%,1,0,0,0,0
feeder,2010-02-01,b80_84,80--84.99%,2,0,0,0,0
feeder,2010-02-01,b85_89,85--89.99%,3,1075,2,0.348121761658031,0.0833333333333333
feeder,2010-02-01,b90_94,90--94.99%,4,280,4,0.0906735751295337,0.166666666666667
feeder,2010-02-01,b95_100,95--100%,5,1733,18,0.561204663212435,0.75
feeder,2007-06-01,b70_79,70--79.99%,1,0,0,0,0
feeder,2007-06-01,b80_84,80--84.99%,2,0,0,0,0
feeder,2007-06-01,b85_89,85--89.99%,3,540,2,0.309101316542645,0.105263157894737
feeder,2007-06-01,b90_94,90--94.99%,4,1207,17,0.690898683457356,0.894736842105263
feeder,2007-06-01,b95_100,95--100%,5,0,0,0,0
feeder,2019-08-01,b70_79,70--79.99%,1,0,0,0,0
feeder,2019-08-01,b80_84,80--84.99%,2,0,0,0,0
feeder,2019-08-01,b85_89,85--89.99%,3,0,0,0,0
feeder,2019-08-01,b90_94,90--94.99%,4,350,1,0.581395348837209,0.25
feeder,2019-08-01,b95_100,95--100%,5,252,3,0.418604651162791,0.75
feeder,2009-07-01,b70_79,70--79.99%,1,0,0,0,0
feeder,2009-07-01,b80_84,80--84.99%,2,0,0,0,0
feeder,2009-07-01,b85_89,85--89.99%,3,0,0,0,0
feeder,2009-07-01,b90_94,90--94.99%,4,235,3,0.0291274169558751,0.036144578313253
feeder,2009-07-01,b95_100,95--100%,5,7833,80,0.970872583044125,0.963855421686747
feeder,2020-04-01,b70_79,70--79.99%,1,0,0,0,0
feeder,2020-04-01,b80_84,80--84.99%,2,60,1,0.0560224089635854,0.0769230769230769
feeder,2020-04-01,b85_89,85--89.99%,3,160,1,0.149393090569561,0.0769230769230769
feeder,2020-04-01,b90_94,90--94.99%,4,400,2,0.373482726423903,0.153846153846154
feeder,2020-04-01,b95_100,95--100%,5,451,9,0.421101774042951,0.692307692307692
feeder,2008-11-01,b70_79,70--79.99%,1,0,0,0,0
feeder,2008-11-01,b80_84,80--84.99%,2,0,0,0,0
feeder,2008-11-01,b85_89,85--89.99%,3,150,1,0.0620604054613157,0.0555555555555556
feeder,2008-11-01,b90_94,90--94.99%,4,0,0,0,0
feeder,2008-11-01,b95_100,95--100%,5,2267,17,0.937939594538684,0.944444444444444
feeder,2009-11-01,b70_79,70--79.99%,1,0,0,0,0
feeder,2009-11-01,b80_84,80--84.99%,2,0,0,0,0
feeder,2009-11-01,b85_89,85--89.99%,3,0,0,0,0
feeder,2009-11-01,b90_94,90--94.99%,4,89,1,0.0859903381642512,0.111111111111111
feeder,2009-11-01,b95_100,95--100%,5,946,8,0.914009661835749,0.888888888888889
