fips,cattle_type,event_name,event_delta_head_10pp,event_delta_endorsement_10pp
6025,fed,pm19_coverage_dependent,0,0
6029,fed,pm19_coverage_dependent,0,0
8009,fed,pm19_coverage_dependent,0,0
8011,fed,pm19_coverage_dependent,0,0
8063,fed,pm19_coverage_dependent,0,0
8075,fed,pm19_coverage_dependent,0,0
8087,fed,pm19_coverage_dependent,0,0
8095,fed,pm19_coverage_dependent,0,0
8099,fed,pm19_coverage_dependent,0,0
8121,fed,pm19_coverage_dependent,0,0
8123,fed,pm19_coverage_dependent,0,0
8125,fed,pm19_coverage_dependent,0,0
16031,fed,pm19_coverage_dependent,0,0
16051,fed,pm19_coverage_dependent,0,0
16053,fed,pm19_coverage_dependent,0,0
17001,fed,pm19_coverage_dependent,0.872413793103448,0.95
17015,fed,pm19_coverage_dependent,0,0
17029,fed,pm19_coverage_dependent,0,0
17037,fed,pm19_coverage_dependent,0,0
17041,fed,pm19_coverage_dependent,0,0
17049,fed,pm19_coverage_dependent,0,0
17067,fed,pm19_coverage_dependent,0,0
17073,fed,pm19_coverage_dependent,0,0
17075,fed,pm19_coverage_dependent,0,0
17081,fed,pm19_coverage_dependent,0,0
17085,fed,pm19_coverage_dependent,0,0
17099,fed,pm19_coverage_dependent,0,0
17105,fed,pm19_coverage_dependent,0,0
17109,fed,pm19_coverage_dependent,0,0
17131,fed,pm19_coverage_dependent,0,0
17141,fed,pm19_coverage_dependent,0,0
17173,fed,pm19_coverage_dependent,0,0
17177,fed,pm19_coverage_dependent,0,0
17187,fed,pm19_coverage_dependent,0,0
17195,fed,pm19_coverage_dependent,0,0
18017,fed,pm19_coverage_dependent,0,0
18031,fed,pm19_coverage_dependent,0,0
18159,fed,pm19_coverage_dependent,0,0
19001,fed,pm19_coverage_dependent,0,0
19005,fed,pm19_coverage_dependent,0,0
19009,fed,pm19_coverage_dependent,0,0
19011,fed,pm19_coverage_dependent,0,0
19013,fed,pm19_coverage_dependent,0,0
19017,fed,pm19_coverage_dependent,0,0
19019,fed,pm19_coverage_dependent,0,0
19021,fed,pm19_coverage_dependent,0,0
19023,fed,pm19_coverage_dependent,0,0
19025,fed,pm19_coverage_dependent,0,0
19027,fed,pm19_coverage_dependent,0,0
19029,fed,pm19_coverage_dependent,0,0
19035,fed,pm19_coverage_dependent,0,0
19037,fed,pm19_coverage_dependent,0,0
19043,fed,pm19_coverage_dependent,0,0
19045,fed,pm19_coverage_dependent,0,0
19047,fed,pm19_coverage_dependent,0,0
19049,fed,pm19_coverage_dependent,0,0
19051,fed,pm19_coverage_dependent,0,0
19053,fed,pm19_coverage_dependent,0,0
19055,fed,pm19_coverage_dependent,0,0
19059,fed,pm19_coverage_dependent,0,0
19061,fed,pm19_coverage_dependent,0,0
19063,fed,pm19_coverage_dependent,0,0
19065,fed,pm19_coverage_dependent,0,0
19067,fed,pm19_coverage_dependent,0,0
19069,fed,pm19_coverage_dependent,0,0
19071,fed,pm19_coverage_dependent,0,0
19075,fed,pm19_coverage_dependent,0,0
19077,fed,pm19_coverage_dependent,0,0
19081,fed,pm19_coverage_dependent,0,0
19083,fed,pm19_coverage_dependent,0,0
19087,fed,pm19_coverage_dependent,0,0
19089,fed,pm19_coverage_dependent,0,0
19093,fed,pm19_coverage_dependent,0,0
19095,fed,pm19_coverage_dependent,0,0
19097,fed,pm19_coverage_dependent,0,0
19099,fed,pm19_coverage_dependent,0,0
19101,fed,pm19_coverage_dependent,0,0
19103,fed,pm19_coverage_dependent,0,0
19105,fed,pm19_coverage_dependent,0,0
19107,fed,pm19_coverage_dependent,0,0
19109,fed,pm19_coverage_dependent,0,0
19113,fed,pm19_coverage_dependent,0,0
19119,fed,pm19_coverage_dependent,0,0
19121,fed,pm19_coverage_dependent,0,0
19123,fed,pm19_coverage_dependent,0,0
19125,fed,pm19_coverage_dependent,0,0
19127,fed,pm19_coverage_dependent,0,0
19131,fed,pm19_coverage_dependent,0,0
19141,fed,pm19_coverage_dependent,0,0
19143,fed,pm19_coverage_dependent,0,0
19145,fed,pm19_coverage_dependent,0,0
19147,fed,pm19_coverage_dependent,0,0
19149,fed,pm19_coverage_dependent,0,0
19151,fed,pm19_coverage_dependent,0,0
19155,fed,pm19_coverage_dependent,0,0
19157,fed,pm19_coverage_dependent,0,0
19159,fed,pm19_coverage_dependent,0,0
19161,fed,pm19_coverage_dependent,0,0
19163,fed,pm19_coverage_dependent,0,0
19165,fed,pm19_coverage_dependent,0,0
19167,fed,pm19_coverage_dependent,0,0
19169,fed,pm19_coverage_dependent,0,0
19171,fed,pm19_coverage_dependent,0,0
19179,fed,pm19_coverage_dependent,0,0
19183,fed,pm19_coverage_dependent,0,0
19187,fed,pm19_coverage_dependent,0,0
19191,fed,pm19_coverage_dependent,0.7,0.7
19193,fed,pm19_coverage_dependent,0,0
19197,fed,pm19_coverage_dependent,0,0
20003,fed,pm19_coverage_dependent,0,0
20007,fed,pm19_coverage_dependent,0,0
20009,fed,pm19_coverage_dependent,0,0
20015,fed,pm19_coverage_dependent,0,0
20017,fed,pm19_coverage_dependent,0,0
20025,fed,pm19_coverage_dependent,0,0
20027,fed,pm19_coverage_dependent,0,0
20037,fed,pm19_coverage_dependent,0,0
20041,fed,pm19_coverage_dependent,0,0
20047,fed,pm19_coverage_dependent,0,0
20055,fed,pm19_coverage_dependent,0,0
20057,fed,pm19_coverage_dependent,0,0
20059,fed,pm19_coverage_dependent,0,0
20063,fed,pm19_coverage_dependent,0,0
20067,fed,pm19_coverage_dependent,0,0
20069,fed,pm19_coverage_dependent,0,0
20077,fed,pm19_coverage_dependent,0,0
20079,fed,pm19_coverage_dependent,0,0
20081,fed,pm19_coverage_dependent,0,0
20083,fed,pm19_coverage_dependent,0,0
20085,fed,pm19_coverage_dependent,0,0
20089,fed,pm19_coverage_dependent,0,0
20093,fed,pm19_coverage_dependent,0,0
20095,fed,pm19_coverage_dependent,0,0
20097,fed,pm19_coverage_dependent,0,0
20109,fed,pm19_coverage_dependent,0,0
20111,fed,pm19_coverage_dependent,0,0
20113,fed,pm19_coverage_dependent,0,0
20115,fed,pm19_coverage_dependent,0,0
20117,fed,pm19_coverage_dependent,0.7,0.7
20119,fed,pm19_coverage_dependent,0,0
20123,fed,pm19_coverage_dependent,0,0
20127,fed,pm19_coverage_dependent,0,0
20131,fed,pm19_coverage_dependent,0,0
20137,fed,pm19_coverage_dependent,0,0
20145,fed,pm19_coverage_dependent,0,0
20147,fed,pm19_coverage_dependent,0,0
20151,fed,pm19_coverage_dependent,0,0
20157,fed,pm19_coverage_dependent,0,0
20159,fed,pm19_coverage_dependent,0,0
20163,fed,pm19_coverage_dependent,0,0
20171,fed,pm19_coverage_dependent,0,0
20175,fed,pm19_coverage_dependent,0,0
20185,fed,pm19_coverage_dependent,0,0
20187,fed,pm19_coverage_dependent,0,0
20189,fed,pm19_coverage_dependent,0,0
20193,fed,pm19_coverage_dependent,0,0
20201,fed,pm19_coverage_dependent,1.2,1.2
20207,fed,pm19_coverage_dependent,0,0
27009,fed,pm19_coverage_dependent,0,0
27013,fed,pm19_coverage_dependent,0,0
27015,fed,pm19_coverage_dependent,0,0
27019,fed,pm19_coverage_dependent,0,0
27033,fed,pm19_coverage_dependent,0,0
27037,fed,pm19_coverage_dependent,0,0
27039,fed,pm19_coverage_dependent,0,0
27041,fed,pm19_coverage_dependent,0,0
27045,fed,pm19_coverage_dependent,0,0
27049,fed,pm19_coverage_dependent,0,0
27055,fed,pm19_coverage_dependent,0,0
27073,fed,pm19_coverage_dependent,0,0
27079,fed,pm19_coverage_dependent,0,0
27081,fed,pm19_coverage_dependent,0,0
27083,fed,pm19_coverage_dependent,0,0
27085,fed,pm19_coverage_dependent,0,0
27093,fed,pm19_coverage_dependent,0,0
27097,fed,pm19_coverage_dependent,0,0
27099,fed,pm19_coverage_dependent,0,0
27101,fed,pm19_coverage_dependent,0,0
27103,fed,pm19_coverage_dependent,0,0
27105,fed,pm19_coverage_dependent,0,0
27109,fed,pm19_coverage_dependent,0,0
27111,fed,pm19_coverage_dependent,0,0
27117,fed,pm19_coverage_dependent,0,0
27121,fed,pm19_coverage_dependent,0,0
27127,fed,pm19_coverage_dependent,0,0
27129,fed,pm19_coverage_dependent,0,0
27131,fed,pm19_coverage_dependent,0,0
27133,fed,pm19_coverage_dependent,0,0
27143,fed,pm19_coverage_dependent,0,0
27145,fed,pm19_coverage_dependent,0.7,0.7
27147,fed,pm19_coverage_dependent,0,0
27149,fed,pm19_coverage_dependent,0,0
27151,fed,pm19_coverage_dependent,0,0
27153,fed,pm19_coverage_dependent,0,0
27157,fed,pm19_coverage_dependent,0,0
27167,fed,pm19_coverage_dependent,0,0
27169,fed,pm19_coverage_dependent,0,0
27171,fed,pm19_coverage_dependent,0,0
27173,fed,pm19_coverage_dependent,0,0
28031,fed,pm19_coverage_dependent,0,0
29053,fed,pm19_coverage_dependent,0,0
29103,fed,pm19_coverage_dependent,0,0
29171,fed,pm19_coverage_dependent,0,0
29217,fed,pm19_coverage_dependent,0,0
30111,fed,pm19_coverage_dependent,0,0
31001,fed,pm19_coverage_dependent,0,0
31003,fed,pm19_coverage_dependent,0,0
31007,fed,pm19_coverage_dependent,0,0
31011,fed,pm19_coverage_dependent,0,0
31013,fed,pm19_coverage_dependent,0,0
31015,fed,pm19_coverage_dependent,0,0
31019,fed,pm19_coverage_dependent,0,0
31023,fed,pm19_coverage_dependent,0,0
31027,fed,pm19_coverage_dependent,0,0
31035,fed,pm19_coverage_dependent,1.2,1.2
31037,fed,pm19_coverage_dependent,0,0
31039,fed,pm19_coverage_dependent,0,0
31041,fed,pm19_coverage_dependent,0,0
31047,fed,pm19_coverage_dependent,0,0
31049,fed,pm19_coverage_dependent,0,0
31051,fed,pm19_coverage_dependent,0,0
31053,fed,pm19_coverage_dependent,0,0
31057,fed,pm19_coverage_dependent,0,0
31059,fed,pm19_coverage_dependent,0,0
31067,fed,pm19_coverage_dependent,0,0
31069,fed,pm19_coverage_dependent,0,0
31073,fed,pm19_coverage_dependent,0,0
31077,fed,pm19_coverage_dependent,0,0
31079,fed,pm19_coverage_dependent,0,0
31081,fed,pm19_coverage_dependent,0,0
31083,fed,pm19_coverage_dependent,0,0
31085,fed,pm19_coverage_dependent,0,0
31089,fed,pm19_coverage_dependent,0,0
31093,fed,pm19_coverage_dependent,0,0
31095,fed,pm19_coverage_dependent,0,0
31099,fed,pm19_coverage_dependent,0,0
31107,fed,pm19_coverage_dependent,0,0
31111,fed,pm19_coverage_dependent,0,0
31119,fed,pm19_coverage_dependent,0,0
31123,fed,pm19_coverage_dependent,0,0
31125,fed,pm19_coverage_dependent,0,0
31129,fed,pm19_coverage_dependent,0,0
31137,fed,pm19_coverage_dependent,0,0
31139,fed,pm19_coverage_dependent,0,0
31141,fed,pm19_coverage_dependent,0,0
31143,fed,pm19_coverage_dependent,0,0
31145,fed,pm19_coverage_dependent,0,0
31151,fed,pm19_coverage_dependent,0,0
31155,fed,pm19_coverage_dependent,0,0
31157,fed,pm19_coverage_dependent,0,0
31159,fed,pm19_coverage_dependent,0,0
31161,fed,pm19_coverage_dependent,0,0
31163,fed,pm19_coverage_dependent,0,0
31167,fed,pm19_coverage_dependent,0,0
31173,fed,pm19_coverage_dependent,0,0
31175,fed,pm19_coverage_dependent,0,0
31179,fed,pm19_coverage_dependent,0,0
31181,fed,pm19_coverage_dependent,0,0
31183,fed,pm19_coverage_dependent,0,0
31185,fed,pm19_coverage_dependent,0,0
32013,fed,pm19_coverage_dependent,0,0
35009,fed,pm19_coverage_dependent,0,0
38001,fed,pm19_coverage_dependent,0,0
38007,fed,pm19_coverage_dependent,0,0
38021,fed,pm19_coverage_dependent,0.7,0.7
38029,fed,pm19_coverage_dependent,0,0
38043,fed,pm19_coverage_dependent,0,0
38049,fed,pm19_coverage_dependent,0,0
38071,fed,pm19_coverage_dependent,0,0
38073,fed,pm19_coverage_dependent,0,0
38077,fed,pm19_coverage_dependent,0,0
38081,fed,pm19_coverage_dependent,0,0
38093,fed,pm19_coverage_dependent,0,0
39037,fed,pm19_coverage_dependent,0,0
39107,fed,pm19_coverage_dependent,0,0
40003,fed,pm19_coverage_dependent,0,0
40039,fed,pm19_coverage_dependent,0,0
40045,fed,pm19_coverage_dependent,0,0
40047,fed,pm19_coverage_dependent,0,0
40059,fed,pm19_coverage_dependent,0,0
40073,fed,pm19_coverage_dependent,0,0
40119,fed,pm19_coverage_dependent,0,0
40139,fed,pm19_coverage_dependent,0,0
40151,fed,pm19_coverage_dependent,0,0
41019,fed,pm19_coverage_dependent,0,0
41035,fed,pm19_coverage_dependent,0,0
41045,fed,pm19_coverage_dependent,0,0
41049,fed,pm19_coverage_dependent,0,0
42071,fed,pm19_coverage_dependent,0,0
46003,fed,pm19_coverage_dependent,0,0
46005,fed,pm19_coverage_dependent,0.719230769230769,0.75
46009,fed,pm19_coverage_dependent,0,0
46011,fed,pm19_coverage_dependent,0,0
46013,fed,pm19_coverage_dependent,0,0
46023,fed,pm19_coverage_dependent,0.7,0.7
46025,fed,pm19_coverage_dependent,0,0
46029,fed,pm19_coverage_dependent,0,0
46031,fed,pm19_coverage_dependent,0,0
46039,fed,pm19_coverage_dependent,0,0
46043,fed,pm19_coverage_dependent,0,0
46045,fed,pm19_coverage_dependent,0,0
46049,fed,pm19_coverage_dependent,0,0
46051,fed,pm19_coverage_dependent,0,0
46055,fed,pm19_coverage_dependent,0,0
46057,fed,pm19_coverage_dependent,0,0
46059,fed,pm19_coverage_dependent,0.7,0.7
46061,fed,pm19_coverage_dependent,0,0
46067,fed,pm19_coverage_dependent,0,0
46073,fed,pm19_coverage_dependent,0,0
46077,fed,pm19_coverage_dependent,0,0
46079,fed,pm19_coverage_dependent,0,0
46083,fed,pm19_coverage_dependent,0,0
46085,fed,pm19_coverage_dependent,0,0
46087,fed,pm19_coverage_dependent,0,0
46089,fed,pm19_coverage_dependent,0,0
46091,fed,pm19_coverage_dependent,0,0
46099,fed,pm19_coverage_dependent,0,0
46101,fed,pm19_coverage_dependent,0,0
46109,fed,pm19_coverage_dependent,0,0
46111,fed,pm19_coverage_dependent,0,0
46115,fed,pm19_coverage_dependent,0.7,0.7
46119,fed,pm19_coverage_dependent,0,0
46123,fed,pm19_coverage_dependent,0,0
46125,fed,pm19_coverage_dependent,0,0
46127,fed,pm19_coverage_dependent,0,0
46135,fed,pm19_coverage_dependent,0,0
48009,fed,pm19_coverage_dependent,0,0
48017,fed,pm19_coverage_dependent,0,0
48065,fed,pm19_coverage_dependent,0,0
48069,fed,pm19_coverage_dependent,0,0
48111,fed,pm19_coverage_dependent,0,0
48117,fed,pm19_coverage_dependent,0,0
48149,fed,pm19_coverage_dependent,0,0
48177,fed,pm19_coverage_dependent,0,0
48189,fed,pm19_coverage_dependent,0,0
48195,fed,pm19_coverage_dependent,0,0
48205,fed,pm19_coverage_dependent,0,0
48211,fed,pm19_coverage_dependent,0,0
48253,fed,pm19_coverage_dependent,0,0
48277,fed,pm19_coverage_dependent,0,0
48303,fed,pm19_coverage_dependent,0,0
48325,fed,pm19_coverage_dependent,0,0
48341,fed,pm19_coverage_dependent,0,0
48357,fed,pm19_coverage_dependent,0,0
48359,fed,pm19_coverage_dependent,0,0
48369,fed,pm19_coverage_dependent,0,0
48375,fed,pm19_coverage_dependent,0,0
48381,fed,pm19_coverage_dependent,0,0
48421,fed,pm19_coverage_dependent,0,0
48463,fed,pm19_coverage_dependent,0,0
49003,fed,pm19_coverage_dependent,0,0
53021,fed,pm19_coverage_dependent,0,0
53037,fed,pm19_coverage_dependent,0,0
53071,fed,pm19_coverage_dependent,0,0
53077,fed,pm19_coverage_dependent,0,0
55019,fed,pm19_coverage_dependent,0,0
55023,fed,pm19_coverage_dependent,0,0
55025,fed,pm19_coverage_dependent,0,0
55027,fed,pm19_coverage_dependent,0,0
55043,fed,pm19_coverage_dependent,0,0
55045,fed,pm19_coverage_dependent,0,0
55049,fed,pm19_coverage_dependent,0,0
55065,fed,pm19_coverage_dependent,0,0
55087,fed,pm19_coverage_dependent,0,0
55093,fed,pm19_coverage_dependent,0.7,0.7
55105,fed,pm19_coverage_dependent,0,0
55111,fed,pm19_coverage_dependent,0,0
56015,fed,pm19_coverage_dependent,0,0
56027,fed,pm19_coverage_dependent,0,0
1001,feeder,pm19_coverage_dependent,0,0
1003,feeder,pm19_coverage_dependent,0,0
1011,feeder,pm19_coverage_dependent,0,0
1031,feeder,pm19_coverage_dependent,0,0
1039,feeder,pm19_coverage_dependent,1.19157303370787,1.12857142857143
1043,feeder,pm19_coverage_dependent,0,0
1047,feeder,pm19_coverage_dependent,0,0
1049,feeder,pm19_coverage_dependent,0,0
1055,feeder,pm19_coverage_dependent,0,0
1059,feeder,pm19_coverage_dependent,0,0
1061,feeder,pm19_coverage_dependent,0,0
1063,feeder,pm19_coverage_dependent,0,0
1065,feeder,pm19_coverage_dependent,0,0
1071,feeder,pm19_coverage_dependent,0,0
1077,feeder,pm19_coverage_dependent,0,0
1079,feeder,pm19_coverage_dependent,0,0
1083,feeder,pm19_coverage_dependent,0,0
1085,feeder,pm19_coverage_dependent,0,0
1091,feeder,pm19_coverage_dependent,0,0
1095,feeder,pm19_coverage_dependent,0,0
1099,feeder,pm19_coverage_dependent,0,0
1101,feeder,pm19_coverage_dependent,0,0
1107,feeder,pm19_coverage_dependent,0,0
1109,feeder,pm19_coverage_dependent,0,0
1131,feeder,pm19_coverage_dependent,0,0
4003,feeder,pm19_coverage_dependent,0,0
4009,feeder,pm19_coverage_dependent,0,0
4013,feeder,pm19_coverage_dependent,0,0
4017,feeder,pm19_coverage_dependent,0,0
4021,feeder,pm19_coverage_dependent,0,0
4025,feeder,pm19_coverage_dependent,0,0
5001,feeder,pm19_coverage_dependent,0,0
5007,feeder,pm19_coverage_dependent,0,0
5029,feeder,pm19_coverage_dependent,0,0
5063,feeder,pm19_coverage_dependent,0,0
5073,feeder,pm19_coverage_dependent,0,0
5081,feeder,pm19_coverage_dependent,0,0
5091,feeder,pm19_coverage_dependent,0,0
5121,feeder,pm19_coverage_dependent,0,0
5145,feeder,pm19_coverage_dependent,0,0
6011,feeder,pm19_coverage_dependent,0,0
6019,feeder,pm19_coverage_dependent,0,0
6021,feeder,pm19_coverage_dependent,0,0
6029,feeder,pm19_coverage_dependent,0,0
6031,feeder,pm19_coverage_dependent,0,0
6035,feeder,pm19_coverage_dependent,0,0
6039,feeder,pm19_coverage_dependent,0,0
6043,feeder,pm19_coverage_dependent,0,0
6047,feeder,pm19_coverage_dependent,0,0
6049,feeder,pm19_coverage_dependent,0,0
6053,feeder,pm19_coverage_dependent,0,0
6067,feeder,pm19_coverage_dependent,0,0
6079,feeder,pm19_coverage_dependent,0,0
6089,feeder,pm19_coverage_dependent,0,0
6095,feeder,pm19_coverage_dependent,0,0
6099,feeder,pm19_coverage_dependent,0,0
6103,feeder,pm19_coverage_dependent,0,0
6107,feeder,pm19_coverage_dependent,0,0
8003,feeder,pm19_coverage_dependent,0,0
8009,feeder,pm19_coverage_dependent,0,0
8011,feeder,pm19_coverage_dependent,0,0
8017,feeder,pm19_coverage_dependent,0,0
8021,feeder,pm19_coverage_dependent,0,0
8025,feeder,pm19_coverage_dependent,0,0
8029,feeder,pm19_coverage_dependent,0,0
8039,feeder,pm19_coverage_dependent,0,0
8041,feeder,pm19_coverage_dependent,0,0
8051,feeder,pm19_coverage_dependent,0,0
8061,feeder,pm19_coverage_dependent,0.7,0.7
8063,feeder,pm19_coverage_dependent,0.7,0.7
8067,feeder,pm19_coverage_dependent,0,0
8069,feeder,pm19_coverage_dependent,0,0
8071,feeder,pm19_coverage_dependent,0,0
8073,feeder,pm19_coverage_dependent,0,0
8075,feeder,pm19_coverage_dependent,0,0
8077,feeder,pm19_coverage_dependent,0,0
8081,feeder,pm19_coverage_dependent,0,0
8085,feeder,pm19_coverage_dependent,0,0
8087,feeder,pm19_coverage_dependent,0,0
8089,feeder,pm19_coverage_dependent,0,0
8095,feeder,pm19_coverage_dependent,0,0
8099,feeder,pm19_coverage_dependent,0,0
8101,feeder,pm19_coverage_dependent,0,0
8103,feeder,pm19_coverage_dependent,0,0
8105,feeder,pm19_coverage_dependent,0,0
8107,feeder,pm19_coverage_dependent,0,0
8109,feeder,pm19_coverage_dependent,0,0
8115,feeder,pm19_coverage_dependent,0,0
8121,feeder,pm19_coverage_dependent,0,0
8123,feeder,pm19_coverage_dependent,0.843835616438356,0.755555555555556
8125,feeder,pm19_coverage_dependent,0.7,0.7
12001,feeder,pm19_coverage_dependent,0,0
12049,feeder,pm19_coverage_dependent,0,0
12055,feeder,pm19_coverage_dependent,0,0
12063,feeder,pm19_coverage_dependent,0,0
12065,feeder,pm19_coverage_dependent,0,0
12075,feeder,pm19_coverage_dependent,0,0
12081,feeder,pm19_coverage_dependent,0,0
12093,feeder,pm19_coverage_dependent,0,0
12105,feeder,pm19_coverage_dependent,0,0
12119,feeder,pm19_coverage_dependent,0,0
13027,feeder,pm19_coverage_dependent,0,0
13031,feeder,pm19_coverage_dependent,0,0
13033,feeder,pm19_coverage_dependent,0,0
13071,feeder,pm19_coverage_dependent,0,0
13243,feeder,pm19_coverage_dependent,0,0
13295,feeder,pm19_coverage_dependent,0,0
13303,feeder,pm19_coverage_dependent,0,0
16001,feeder,pm19_coverage_dependent,0,0
16005,feeder,pm19_coverage_dependent,0,0
16007,feeder,pm19_coverage_dependent,0,0
16011,feeder,pm19_coverage_dependent,0,0
16019,feeder,pm19_coverage_dependent,0,0
16023,feeder,pm19_coverage_dependent,0,0
16027,feeder,pm19_coverage_dependent,0,0
16029,feeder,pm19_coverage_dependent,0,0
16031,feeder,pm19_coverage_dependent,0,0
16037,feeder,pm19_coverage_dependent,0,0
16039,feeder,pm19_coverage_dependent,0,0
16041,feeder,pm19_coverage_dependent,0,0
16049,feeder,pm19_coverage_dependent,0,0
16051,feeder,pm19_coverage_dependent,0,0
16053,feeder,pm19_coverage_dependent,0,0
16059,feeder,pm19_coverage_dependent,0,0
16061,feeder,pm19_coverage_dependent,0,0
16067,feeder,pm19_coverage_dependent,0,0
16069,feeder,pm19_coverage_dependent,0,0
16073,feeder,pm19_coverage_dependent,0,0
16075,feeder,pm19_coverage_dependent,0,0
16077,feeder,pm19_coverage_dependent,0,0
16083,feeder,pm19_coverage_dependent,0.826865671641791,0.727777777777778
16085,feeder,pm19_coverage_dependent,0,0
16087,feeder,pm19_coverage_dependent,0,0
17001,feeder,pm19_coverage_dependent,0,0
17007,feeder,pm19_coverage_dependent,0,0
17041,feeder,pm19_coverage_dependent,0,0
17057,feeder,pm19_coverage_dependent,0,0
17067,feeder,pm19_coverage_dependent,0,0
17071,feeder,pm19_coverage_dependent,0,0
17073,feeder,pm19_coverage_dependent,0,0
17081,feeder,pm19_coverage_dependent,0,0
17085,feeder,pm19_coverage_dependent,0,0
17109,feeder,pm19_coverage_dependent,0,0
17131,feeder,pm19_coverage_dependent,0,0
17141,feeder,pm19_coverage_dependent,0,0
17149,feeder,pm19_coverage_dependent,0,0
17161,feeder,pm19_coverage_dependent,0,0
17173,feeder,pm19_coverage_dependent,0,0
17187,feeder,pm19_coverage_dependent,0,0
17191,feeder,pm19_coverage_dependent,0,0
18017,feeder,pm19_coverage_dependent,0,0
18137,feeder,pm19_coverage_dependent,0,0
18167,feeder,pm19_coverage_dependent,0,0
18175,feeder,pm19_coverage_dependent,0,0
19001,feeder,pm19_coverage_dependent,0,0
19003,feeder,pm19_coverage_dependent,0,0
19005,feeder,pm19_coverage_dependent,0,0
19007,feeder,pm19_coverage_dependent,0,0
19009,feeder,pm19_coverage_dependent,0,0
19011,feeder,pm19_coverage_dependent,0,0
19013,feeder,pm19_coverage_dependent,0,0
19015,feeder,pm19_coverage_dependent,0,0
19019,feeder,pm19_coverage_dependent,0,0
19021,feeder,pm19_coverage_dependent,0,0
19025,feeder,pm19_coverage_dependent,0,0
19027,feeder,pm19_coverage_dependent,0,0
19029,feeder,pm19_coverage_dependent,0,0
19031,feeder,pm19_coverage_dependent,0,0
19033,feeder,pm19_coverage_dependent,0,0
19035,feeder,pm19_coverage_dependent,0,0
19037,feeder,pm19_coverage_dependent,0,0
19039,feeder,pm19_coverage_dependent,0,0
19041,feeder,pm19_coverage_dependent,0,0
19043,feeder,pm19_coverage_dependent,0,0
19045,feeder,pm19_coverage_dependent,0,0
19047,feeder,pm19_coverage_dependent,0,0
19049,feeder,pm19_coverage_dependent,0,0
19051,feeder,pm19_coverage_dependent,0,0
19053,feeder,pm19_coverage_dependent,1.38936170212766,1.2
19055,feeder,pm19_coverage_dependent,0,0
19057,feeder,pm19_coverage_dependent,0,0
19061,feeder,pm19_coverage_dependent,0,0
19063,feeder,pm19_coverage_dependent,0,0
19065,feeder,pm19_coverage_dependent,0,0
19071,feeder,pm19_coverage_dependent,0,0
19073,feeder,pm19_coverage_dependent,0,0
19075,feeder,pm19_coverage_dependent,0,0
19077,feeder,pm19_coverage_dependent,0,0
19079,feeder,pm19_coverage_dependent,0,0
19083,feeder,pm19_coverage_dependent,0,0
19085,feeder,pm19_coverage_dependent,0,0
19087,feeder,pm19_coverage_dependent,0,0
19089,feeder,pm19_coverage_dependent,0,0
19093,feeder,pm19_coverage_dependent,0,0
19095,feeder,pm19_coverage_dependent,0,0
19097,feeder,pm19_coverage_dependent,0,0
19099,feeder,pm19_coverage_dependent,0,0
19101,feeder,pm19_coverage_dependent,0,0
19103,feeder,pm19_coverage_dependent,0,0
19105,feeder,pm19_coverage_dependent,0,0
19107,feeder,pm19_coverage_dependent,0,0
19109,feeder,pm19_coverage_dependent,0,0
19111,feeder,pm19_coverage_dependent,0,0
19113,feeder,pm19_coverage_dependent,0,0
19115,feeder,pm19_coverage_dependent,0,0
19117,feeder,pm19_coverage_dependent,0,0
19119,feeder,pm19_coverage_dependent,0,0
19121,feeder,pm19_coverage_dependent,0,0
19123,feeder,pm19_coverage_dependent,0,0
19125,feeder,pm19_coverage_dependent,0,0
19127,feeder,pm19_coverage_dependent,0,0
19129,feeder,pm19_coverage_dependent,0,0
19131,feeder,pm19_coverage_dependent,0,0
19133,feeder,pm19_coverage_dependent,0,0
19135,feeder,pm19_coverage_dependent,0,0
19137,feeder,pm19_coverage_dependent,0,0
19141,feeder,pm19_coverage_dependent,0.73462783171521,0.771428571428571
19143,feeder,pm19_coverage_dependent,0,0
19145,feeder,pm19_coverage_dependent,0,0
19147,feeder,pm19_coverage_dependent,0,0
19149,feeder,pm19_coverage_dependent,0,0
19153,feeder,pm19_coverage_dependent,0,0
19155,feeder,pm19_coverage_dependent,0,0
19157,feeder,pm19_coverage_dependent,0,0
19159,feeder,pm19_coverage_dependent,0,0
19161,feeder,pm19_coverage_dependent,0,0
19165,feeder,pm19_coverage_dependent,0,0
19167,feeder,pm19_coverage_dependent,0,0
19169,feeder,pm19_coverage_dependent,0,0
19171,feeder,pm19_coverage_dependent,0,0
19173,feeder,pm19_coverage_dependent,0,0
19175,feeder,pm19_coverage_dependent,0,0
19177,feeder,pm19_coverage_dependent,0,0
19179,feeder,pm19_coverage_dependent,0,0
19181,feeder,pm19_coverage_dependent,0,0
19183,feeder,pm19_coverage_dependent,0,0
19185,feeder,pm19_coverage_dependent,0,0
19187,feeder,pm19_coverage_dependent,0,0
19191,feeder,pm19_coverage_dependent,0.7,0.7
19193,feeder,pm19_coverage_dependent,0,0
20001,feeder,pm19_coverage_dependent,0,0
20003,feeder,pm19_coverage_dependent,0,0
20005,feeder,pm19_coverage_dependent,0,0
20007,feeder,pm19_coverage_dependent,0.799206349206349,0.825
20009,feeder,pm19_coverage_dependent,0,0
20011,feeder,pm19_coverage_dependent,0,0
20013,feeder,pm19_coverage_dependent,0,0
20015,feeder,pm19_coverage_dependent,0,0
20017,feeder,pm19_coverage_dependent,0,0
20019,feeder,pm19_coverage_dependent,0,0
20021,feeder,pm19_coverage_dependent,0,0
20023,feeder,pm19_coverage_dependent,0,0
20025,feeder,pm19_coverage_dependent,0,0
20027,feeder,pm19_coverage_dependent,0.725493421052632,0.755555555555556
20029,feeder,pm19_coverage_dependent,0.7,0.7
20031,feeder,pm19_coverage_dependent,0,0
20033,feeder,pm19_coverage_dependent,0,0
20035,feeder,pm19_coverage_dependent,0,0
20037,feeder,pm19_coverage_dependent,0,0
20039,feeder,pm19_coverage_dependent,0,0
20041,feeder,pm19_coverage_dependent,0.7,0.7
20045,feeder,pm19_coverage_dependent,0,0
20047,feeder,pm19_coverage_dependent,0,0
20049,feeder,pm19_coverage_dependent,0,0
20051,feeder,pm19_coverage_dependent,0.7,0.7
20053,feeder,pm19_coverage_dependent,0,0
20055,feeder,pm19_coverage_dependent,0,0
20057,feeder,pm19_coverage_dependent,0.736301369863014,0.745454545454546
20059,feeder,pm19_coverage_dependent,0,0
20061,feeder,pm19_coverage_dependent,0.896969696969697,0.95
20063,feeder,pm19_coverage_dependent,1.2,1.2
20065,feeder,pm19_coverage_dependent,0,0
20067,feeder,pm19_coverage_dependent,0,0
20069,feeder,pm19_coverage_dependent,0.7,0.7
20071,feeder,pm19_coverage_dependent,0,0
20073,feeder,pm19_coverage_dependent,0,0
20075,feeder,pm19_coverage_dependent,0,0
20077,feeder,pm19_coverage_dependent,0.7,0.7
20079,feeder,pm19_coverage_dependent,1.05471406491499,1
20081,feeder,pm19_coverage_dependent,0,0
20083,feeder,pm19_coverage_dependent,1.25597722960152,1.2
20085,feeder,pm19_coverage_dependent,0,0
20087,feeder,pm19_coverage_dependent,0,0
20089,feeder,pm19_coverage_dependent,0,0
20091,feeder,pm19_coverage_dependent,0,0
20093,feeder,pm19_coverage_dependent,0,0
20095,feeder,pm19_coverage_dependent,0,0
20097,feeder,pm19_coverage_dependent,0,0
20099,feeder,pm19_coverage_dependent,0,0
20101,feeder,pm19_coverage_dependent,0,0
20105,feeder,pm19_coverage_dependent,1.2,1.2
20107,feeder,pm19_coverage_dependent,0,0
20109,feeder,pm19_coverage_dependent,0,0
20111,feeder,pm19_coverage_dependent,0,0
20113,feeder,pm19_coverage_dependent,1.06174294327213,1.03333333333333
20115,feeder,pm19_coverage_dependent,0.760240963855422,0.8875
20117,feeder,pm19_coverage_dependent,0.765878378378378,0.75
20119,feeder,pm19_coverage_dependent,0.7,0.7
20121,feeder,pm19_coverage_dependent,0,0
20123,feeder,pm19_coverage_dependent,1.30606060606061,1.1
20125,feeder,pm19_coverage_dependent,0,0
20127,feeder,pm19_coverage_dependent,1.28577405857741,1
20129,feeder,pm19_coverage_dependent,0,0
20131,feeder,pm19_coverage_dependent,1.28557255064076,0.9
20133,feeder,pm19_coverage_dependent,0,0
20135,feeder,pm19_coverage_dependent,0,0
20137,feeder,pm19_coverage_dependent,0,0
20139,feeder,pm19_coverage_dependent,0,0
20141,feeder,pm19_coverage_dependent,1.27055214723926,1.36666666666667
20143,feeder,pm19_coverage_dependent,0,0
20145,feeder,pm19_coverage_dependent,0,0
20147,feeder,pm19_coverage_dependent,0.730952380952381,0.790909090909091
20149,feeder,pm19_coverage_dependent,0,0
20151,feeder,pm19_coverage_dependent,0,0
20153,feeder,pm19_coverage_dependent,0,0
20155,feeder,pm19_coverage_dependent,0,0
20157,feeder,pm19_coverage_dependent,0,0
20159,feeder,pm19_coverage_dependent,0,0
20161,feeder,pm19_coverage_dependent,0,0
20163,feeder,pm19_coverage_dependent,0.7,0.7
20165,feeder,pm19_coverage_dependent,0,0
20167,feeder,pm19_coverage_dependent,0,0
20169,feeder,pm19_coverage_dependent,1.2,1.2
20171,feeder,pm19_coverage_dependent,0,0
20173,feeder,pm19_coverage_dependent,1.2,1.2
20175,feeder,pm19_coverage_dependent,0,0
20177,feeder,pm19_coverage_dependent,0,0
20179,feeder,pm19_coverage_dependent,0,0
20181,feeder,pm19_coverage_dependent,0,0
20183,feeder,pm19_coverage_dependent,0.7,0.7
20185,feeder,pm19_coverage_dependent,0,0
20187,feeder,pm19_coverage_dependent,0,0
20189,feeder,pm19_coverage_dependent,0,0
20191,feeder,pm19_coverage_dependent,0.7,0.7
20193,feeder,pm19_coverage_dependent,0,0
20195,feeder,pm19_coverage_dependent,0,0
20197,feeder,pm19_coverage_dependent,0,0
20199,feeder,pm19_coverage_dependent,0,0
20201,feeder,pm19_coverage_dependent,0.7,0.7
20203,feeder,pm19_coverage_dependent,0,0
20205,feeder,pm19_coverage_dependent,0,0
20207,feeder,pm19_coverage_dependent,0,0
21001,feeder,pm19_coverage_dependent,0,0
21003,feeder,pm19_coverage_dependent,0,0
21009,feeder,pm19_coverage_dependent,0.826666666666667,0.866666666666667
21011,feeder,pm19_coverage_dependent,0,0
21017,feeder,pm19_coverage_dependent,0,0
21021,feeder,pm19_coverage_dependent,0,0
21027,feeder,pm19_coverage_dependent,0,0
21033,feeder,pm19_coverage_dependent,0,0
21035,feeder,pm19_coverage_dependent,0,0
21045,feeder,pm19_coverage_dependent,0,0
21047,feeder,pm19_coverage_dependent,0,0
21049,feeder,pm19_coverage_dependent,0,0
21057,feeder,pm19_coverage_dependent,0,0
21067,feeder,pm19_coverage_dependent,0,0
21069,feeder,pm19_coverage_dependent,0,0
21073,feeder,pm19_coverage_dependent,0,0
21079,feeder,pm19_coverage_dependent,0,0
21085,feeder,pm19_coverage_dependent,0,0
21087,feeder,pm19_coverage_dependent,0,0
21093,feeder,pm19_coverage_dependent,0,0
21097,feeder,pm19_coverage_dependent,0,0
21103,feeder,pm19_coverage_dependent,0,0
21123,feeder,pm19_coverage_dependent,0,0
21137,feeder,pm19_coverage_dependent,0,0
21141,feeder,pm19_coverage_dependent,0,0
21149,feeder,pm19_coverage_dependent,0,0
21151,feeder,pm19_coverage_dependent,0,0
21155,feeder,pm19_coverage_dependent,0,0
21161,feeder,pm19_coverage_dependent,0,0
21163,feeder,pm19_coverage_dependent,0,0
21167,feeder,pm19_coverage_dependent,0,0
21169,feeder,pm19_coverage_dependent,0,0
21171,feeder,pm19_coverage_dependent,0,0
21173,feeder,pm19_coverage_dependent,0,0
21179,feeder,pm19_coverage_dependent,0,0
21181,feeder,pm19_coverage_dependent,0,0
21183,feeder,pm19_coverage_dependent,0,0
21199,feeder,pm19_coverage_dependent,0,0
21207,feeder,pm19_coverage_dependent,0,0
21209,feeder,pm19_coverage_dependent,0,0
21211,feeder,pm19_coverage_dependent,0,0
21217,feeder,pm19_coverage_dependent,0,0
21219,feeder,pm19_coverage_dependent,0,0
21221,feeder,pm19_coverage_dependent,0,0
21229,feeder,pm19_coverage_dependent,0,0
21231,feeder,pm19_coverage_dependent,0,0
21239,feeder,pm19_coverage_dependent,0,0
22069,feeder,pm19_coverage_dependent,0,0
24035,feeder,pm19_coverage_dependent,0,0
26057,feeder,pm19_coverage_dependent,0,0
27005,feeder,pm19_coverage_dependent,0,0
27007,feeder,pm19_coverage_dependent,0,0
27009,feeder,pm19_coverage_dependent,0,0
27015,feeder,pm19_coverage_dependent,0,0
27021,feeder,pm19_coverage_dependent,0,0
27027,feeder,pm19_coverage_dependent,0,0
27029,feeder,pm19_coverage_dependent,0,0
27035,feeder,pm19_coverage_dependent,0,0
27041,feeder,pm19_coverage_dependent,0,0
27045,feeder,pm19_coverage_dependent,0,0
27047,feeder,pm19_coverage_dependent,0,0
27055,feeder,pm19_coverage_dependent,0,0
27057,feeder,pm19_coverage_dependent,0,0
27069,feeder,pm19_coverage_dependent,0,0
27073,feeder,pm19_coverage_dependent,0,0
27081,feeder,pm19_coverage_dependent,0,0
27083,feeder,pm19_coverage_dependent,0,0
27087,feeder,pm19_coverage_dependent,0,0
27089,feeder,pm19_coverage_dependent,0,0
27091,feeder,pm19_coverage_dependent,0,0
27097,feeder,pm19_coverage_dependent,1.2,1.2
27101,feeder,pm19_coverage_dependent,0,0
27105,feeder,pm19_coverage_dependent,0,0
27107,feeder,pm19_coverage_dependent,0,0
27109,feeder,pm19_coverage_dependent,0,0
27111,feeder,pm19_coverage_dependent,0,0
27113,feeder,pm19_coverage_dependent,0,0
27117,feeder,pm19_coverage_dependent,0,0
27119,feeder,pm19_coverage_dependent,0.790909090909091,0.825
27121,feeder,pm19_coverage_dependent,0,0
27127,feeder,pm19_coverage_dependent,0,0
27133,feeder,pm19_coverage_dependent,0,0
27135,feeder,pm19_coverage_dependent,0,0
27145,feeder,pm19_coverage_dependent,0,0
27149,feeder,pm19_coverage_dependent,0,0
27153,feeder,pm19_coverage_dependent,0,0
27155,feeder,pm19_coverage_dependent,0,0
27157,feeder,pm19_coverage_dependent,0,0
27159,feeder,pm19_coverage_dependent,0,0
27165,feeder,pm19_coverage_dependent,0,0
27169,feeder,pm19_coverage_dependent,0,0
27171,feeder,pm19_coverage_dependent,0,0
27173,feeder,pm19_coverage_dependent,0,0
28017,feeder,pm19_coverage_dependent,0,0
28025,feeder,pm19_coverage_dependent,0,0
28031,feeder,pm19_coverage_dependent,0,0
28103,feeder,pm19_coverage_dependent,0,0
28107,feeder,pm19_coverage_dependent,0,0
28155,feeder,pm19_coverage_dependent,0,0
29001,feeder,pm19_coverage_dependent,0,0
29003,feeder,pm19_coverage_dependent,0,0
29005,feeder,pm19_coverage_dependent,0,0
29007,feeder,pm19_coverage_dependent,0,0
29009,feeder,pm19_coverage_dependent,1.57603305785124,1.575
29011,feeder,pm19_coverage_dependent,0,0
29013,feeder,pm19_coverage_dependent,0,0
29015,feeder,pm19_coverage_dependent,1.50753564154786,1.35384615384615
29017,feeder,pm19_coverage_dependent,0,0
29019,feeder,pm19_coverage_dependent,0,0
29021,feeder,pm19_coverage_dependent,0,0
29025,feeder,pm19_coverage_dependent,0,0
29027,feeder,pm19_coverage_dependent,1.2,1.2
29031,feeder,pm19_coverage_dependent,0,0
29033,feeder,pm19_coverage_dependent,0,0
29037,feeder,pm19_coverage_dependent,0,0
29039,feeder,pm19_coverage_dependent,0.98448275862069,0.95
29041,feeder,pm19_coverage_dependent,0,0
29043,feeder,pm19_coverage_dependent,0,0
29045,feeder,pm19_coverage_dependent,0,0
29047,feeder,pm19_coverage_dependent,0,0
29049,feeder,pm19_coverage_dependent,0,0
29051,feeder,pm19_coverage_dependent,0,0
29053,feeder,pm19_coverage_dependent,0.7,0.7
29057,feeder,pm19_coverage_dependent,0,0
29059,feeder,pm19_coverage_dependent,0,0
29061,feeder,pm19_coverage_dependent,0,0
29063,feeder,pm19_coverage_dependent,0.985714285714286,0.9
29071,feeder,pm19_coverage_dependent,0,0
29073,feeder,pm19_coverage_dependent,0,0
29075,feeder,pm19_coverage_dependent,0.91469465648855,0.866666666666667
29077,feeder,pm19_coverage_dependent,0,0
29079,feeder,pm19_coverage_dependent,0,0
29081,feeder,pm19_coverage_dependent,0.7,0.7
29083,feeder,pm19_coverage_dependent,0,0
29085,feeder,pm19_coverage_dependent,0,0
29089,feeder,pm19_coverage_dependent,0,0
29091,feeder,pm19_coverage_dependent,0,0
29097,feeder,pm19_coverage_dependent,0,0
29101,feeder,pm19_coverage_dependent,0,0
29103,feeder,pm19_coverage_dependent,0,0
29105,feeder,pm19_coverage_dependent,0,0
29107,feeder,pm19_coverage_dependent,0.979255319148936,1
29109,feeder,pm19_coverage_dependent,0,0
29111,feeder,pm19_coverage_dependent,0,0
29115,feeder,pm19_coverage_dependent,0,0
29117,feeder,pm19_coverage_dependent,0,0
29119,feeder,pm19_coverage_dependent,0,0
29121,feeder,pm19_coverage_dependent,0,0
29125,feeder,pm19_coverage_dependent,0,0
29127,feeder,pm19_coverage_dependent,0,0
29129,feeder,pm19_coverage_dependent,0,0
29135,feeder,pm19_coverage_dependent,0.7,0.7
29137,feeder,pm19_coverage_dependent,0,0
29141,feeder,pm19_coverage_dependent,0.7,0.7
29145,feeder,pm19_coverage_dependent,0,0
29147,feeder,pm19_coverage_dependent,0,0
29151,feeder,pm19_coverage_dependent,0,0
29157,feeder,pm19_coverage_dependent,0,0
29159,feeder,pm19_coverage_dependent,0,0
29163,feeder,pm19_coverage_dependent,0,0
29167,feeder,pm19_coverage_dependent,0,0
29171,feeder,pm19_coverage_dependent,0.7,0.7
29173,feeder,pm19_coverage_dependent,0,0
29175,feeder,pm19_coverage_dependent,0,0
29177,feeder,pm19_coverage_dependent,0,0
29185,feeder,pm19_coverage_dependent,0,0
29186,feeder,pm19_coverage_dependent,0,0
29195,feeder,pm19_coverage_dependent,0,0
29197,feeder,pm19_coverage_dependent,0,0
29199,feeder,pm19_coverage_dependent,0,0
29201,feeder,pm19_coverage_dependent,0,0
29205,feeder,pm19_coverage_dependent,0,0
29207,feeder,pm19_coverage_dependent,0,0
29211,feeder,pm19_coverage_dependent,0,0
29215,feeder,pm19_coverage_dependent,0,0
29217,feeder,pm19_coverage_dependent,0,0
29223,feeder,pm19_coverage_dependent,0,0
29225,feeder,pm19_coverage_dependent,0,0
29227,feeder,pm19_coverage_dependent,0,0
29229,feeder,pm19_coverage_dependent,0,0
30001,feeder,pm19_coverage_dependent,0,0
30003,feeder,pm19_coverage_dependent,0,0
30005,feeder,pm19_coverage_dependent,0,0
30007,feeder,pm19_coverage_dependent,0,0
30009,feeder,pm19_coverage_dependent,0,0
30011,feeder,pm19_coverage_dependent,0,0
30013,feeder,pm19_coverage_dependent,0,0
30015,feeder,pm19_coverage_dependent,0,0
30017,feeder,pm19_coverage_dependent,0,0
30021,feeder,pm19_coverage_dependent,0,0
30025,feeder,pm19_coverage_dependent,0,0
30027,feeder,pm19_coverage_dependent,0,0
30031,feeder,pm19_coverage_dependent,0,0
30033,feeder,pm19_coverage_dependent,0,0
30035,feeder,pm19_coverage_dependent,0,0
30037,feeder,pm19_coverage_dependent,0,0
30041,feeder,pm19_coverage_dependent,0,0
30045,feeder,pm19_coverage_dependent,0,0
30047,feeder,pm19_coverage_dependent,0,0
30049,feeder,pm19_coverage_dependent,0,0
30051,feeder,pm19_coverage_dependent,0,0
30055,feeder,pm19_coverage_dependent,0,0
30057,feeder,pm19_coverage_dependent,0,0
30065,feeder,pm19_coverage_dependent,0,0
30069,feeder,pm19_coverage_dependent,0,0
30071,feeder,pm19_coverage_dependent,0.7,0.7
30073,feeder,pm19_coverage_dependent,0,0
30075,feeder,pm19_coverage_dependent,0,0
30079,feeder,pm19_coverage_dependent,0,0
30083,feeder,pm19_coverage_dependent,0,0
30085,feeder,pm19_coverage_dependent,0,0
30087,feeder,pm19_coverage_dependent,0,0
30091,feeder,pm19_coverage_dependent,0,0
30095,feeder,pm19_coverage_dependent,0,0
30097,feeder,pm19_coverage_dependent,0,0
30099,feeder,pm19_coverage_dependent,0,0
30101,feeder,pm19_coverage_dependent,0,0
30105,feeder,pm19_coverage_dependent,0,0
30107,feeder,pm19_coverage_dependent,0,0
30109,feeder,pm19_coverage_dependent,0,0
30111,feeder,pm19_coverage_dependent,0,0
31001,feeder,pm19_coverage_dependent,0.7,0.7
31003,feeder,pm19_coverage_dependent,0.988888888888889,0.914285714285714
31005,feeder,pm19_coverage_dependent,0,0
31007,feeder,pm19_coverage_dependent,0,0
31009,feeder,pm19_coverage_dependent,0,0
31011,feeder,pm19_coverage_dependent,0,0
31013,feeder,pm19_coverage_dependent,0,0
31015,feeder,pm19_coverage_dependent,0,0
31017,feeder,pm19_coverage_dependent,0,0
31019,feeder,pm19_coverage_dependent,0.796774193548387,0.9
31021,feeder,pm19_coverage_dependent,0,0
31023,feeder,pm19_coverage_dependent,0,0
31027,feeder,pm19_coverage_dependent,0.7,0.7
31029,feeder,pm19_coverage_dependent,0.716291067064893,0.866666666666667
31031,feeder,pm19_coverage_dependent,1.2,1.2
31033,feeder,pm19_coverage_dependent,0,0
31035,feeder,pm19_coverage_dependent,0.7,0.7
31037,feeder,pm19_coverage_dependent,0,0
31039,feeder,pm19_coverage_dependent,0,0
31041,feeder,pm19_coverage_dependent,0.7,0.7
31045,feeder,pm19_coverage_dependent,0.829629629629629,0.866666666666667
31047,feeder,pm19_coverage_dependent,0.792307692307692,0.894444444444445
31049,feeder,pm19_coverage_dependent,0,0
31051,feeder,pm19_coverage_dependent,0.864556962025316,0.825
31053,feeder,pm19_coverage_dependent,0,0
31057,feeder,pm19_coverage_dependent,0.7,0.7
31059,feeder,pm19_coverage_dependent,0,0
31061,feeder,pm19_coverage_dependent,0,0
31063,feeder,pm19_coverage_dependent,0.7,0.7
31065,feeder,pm19_coverage_dependent,0.744444444444445,0.75
31067,feeder,pm19_coverage_dependent,0,0
31069,feeder,pm19_coverage_dependent,0.7,0.7
31071,feeder,pm19_coverage_dependent,0,0
31073,feeder,pm19_coverage_dependent,1.43404255319149,1.45
31077,feeder,pm19_coverage_dependent,0,0
31079,feeder,pm19_coverage_dependent,0.7,0.7
31081,feeder,pm19_coverage_dependent,0,0
31083,feeder,pm19_coverage_dependent,0.7,0.7
31085,feeder,pm19_coverage_dependent,0.7,0.7
31087,feeder,pm19_coverage_dependent,0,0
31089,feeder,pm19_coverage_dependent,0,0
31093,feeder,pm19_coverage_dependent,0.915982721382289,0.9
31095,feeder,pm19_coverage_dependent,0.7,0.7
31097,feeder,pm19_coverage_dependent,0.723809523809524,0.727777777777778
31099,feeder,pm19_coverage_dependent,0,0
31101,feeder,pm19_coverage_dependent,0,0
31103,feeder,pm19_coverage_dependent,0,0
31105,feeder,pm19_coverage_dependent,0.7,0.7
31107,feeder,pm19_coverage_dependent,0,0
31109,feeder,pm19_coverage_dependent,0,0
31111,feeder,pm19_coverage_dependent,0.980851063829787,0.922222222222222
31113,feeder,pm19_coverage_dependent,0.7,0.7
31115,feeder,pm19_coverage_dependent,0,0
31117,feeder,pm19_coverage_dependent,0,0
31119,feeder,pm19_coverage_dependent,0.750179211469534,0.853846153846154
31121,feeder,pm19_coverage_dependent,0,0
31123,feeder,pm19_coverage_dependent,1.14871794871795,0.866666666666667
31125,feeder,pm19_coverage_dependent,0,0
31127,feeder,pm19_coverage_dependent,0,0
31129,feeder,pm19_coverage_dependent,0.7,0.7
31131,feeder,pm19_coverage_dependent,0,0
31133,feeder,pm19_coverage_dependent,0,0
31135,feeder,pm19_coverage_dependent,0.7,0.7
31137,feeder,pm19_coverage_dependent,0.7,0.7
31139,feeder,pm19_coverage_dependent,0,0
31141,feeder,pm19_coverage_dependent,0.766666666666667,0.866666666666667
31143,feeder,pm19_coverage_dependent,0,0
31145,feeder,pm19_coverage_dependent,0.7,0.7
31147,feeder,pm19_coverage_dependent,0,0
31149,feeder,pm19_coverage_dependent,0,0
31151,feeder,pm19_coverage_dependent,0,0
31155,feeder,pm19_coverage_dependent,0,0
31157,feeder,pm19_coverage_dependent,0,0
31159,feeder,pm19_coverage_dependent,0.71271186440678,0.771428571428571
31161,feeder,pm19_coverage_dependent,0.7,0.7
31163,feeder,pm19_coverage_dependent,0.767204301075269,0.75
31165,feeder,pm19_coverage_dependent,0.7,0.7
31167,feeder,pm19_coverage_dependent,0,0
31169,feeder,pm19_coverage_dependent,0.7,0.7
31171,feeder,pm19_coverage_dependent,0,0
31173,feeder,pm19_coverage_dependent,0,0
31175,feeder,pm19_coverage_dependent,0,0
31177,feeder,pm19_coverage_dependent,0,0
31179,feeder,pm19_coverage_dependent,0,0
31181,feeder,pm19_coverage_dependent,0.79375,0.842857142857143
31183,feeder,pm19_coverage_dependent,0,0
31185,feeder,pm19_coverage_dependent,0,0
32001,feeder,pm19_coverage_dependent,0,0
32007,feeder,pm19_coverage_dependent,0,0
32013,feeder,pm19_coverage_dependent,0,0
32019,feeder,pm19_coverage_dependent,0,0
32033,feeder,pm19_coverage_dependent,0,0
35005,feeder,pm19_coverage_dependent,0,0
35006,feeder,pm19_coverage_dependent,0,0
35007,feeder,pm19_coverage_dependent,0,0
35009,feeder,pm19_coverage_dependent,0,0
35011,feeder,pm19_coverage_dependent,0,0
35015,feeder,pm19_coverage_dependent,0,0
35017,feeder,pm19_coverage_dependent,0,0
35019,feeder,pm19_coverage_dependent,0,0
35021,feeder,pm19_coverage_dependent,0,0
35025,feeder,pm19_coverage_dependent,0,0
35035,feeder,pm19_coverage_dependent,0,0
35037,feeder,pm19_coverage_dependent,0,0
35041,feeder,pm19_coverage_dependent,0,0
35047,feeder,pm19_coverage_dependent,0,0
35051,feeder,pm19_coverage_dependent,0,0
35053,feeder,pm19_coverage_dependent,0,0
35057,feeder,pm19_coverage_dependent,0,0
35059,feeder,pm19_coverage_dependent,0,0
36011,feeder,pm19_coverage_dependent,0,0
37035,feeder,pm19_coverage_dependent,0,0
37045,feeder,pm19_coverage_dependent,0,0
37061,feeder,pm19_coverage_dependent,0,0
37179,feeder,pm19_coverage_dependent,0,0
38001,feeder,pm19_coverage_dependent,0.7,0.7
38003,feeder,pm19_coverage_dependent,0,0
38005,feeder,pm19_coverage_dependent,0,0
38007,feeder,pm19_coverage_dependent,0.7,0.7
38009,feeder,pm19_coverage_dependent,0,0
38011,feeder,pm19_coverage_dependent,0.7,0.7
38015,feeder,pm19_coverage_dependent,0.984263959390863,1
38017,feeder,pm19_coverage_dependent,0,0
38019,feeder,pm19_coverage_dependent,0,0
38021,feeder,pm19_coverage_dependent,0.7,0.7
38023,feeder,pm19_coverage_dependent,0,0
38025,feeder,pm19_coverage_dependent,1.2,1.2
38027,feeder,pm19_coverage_dependent,0,0
38029,feeder,pm19_coverage_dependent,0,0
38031,feeder,pm19_coverage_dependent,0,0
38033,feeder,pm19_coverage_dependent,0.7,0.7
38035,feeder,pm19_coverage_dependent,0,0
38037,feeder,pm19_coverage_dependent,0,0
38039,feeder,pm19_coverage_dependent,0,0
38041,feeder,pm19_coverage_dependent,1.19416342412451,1.2
38043,feeder,pm19_coverage_dependent,0.7,0.7
38045,feeder,pm19_coverage_dependent,0.7,0.7
38047,feeder,pm19_coverage_dependent,0.7,0.7
38049,feeder,pm19_coverage_dependent,1.53742331288344,1.4
38051,feeder,pm19_coverage_dependent,0,0
38053,feeder,pm19_coverage_dependent,0.7,0.7
38055,feeder,pm19_coverage_dependent,0.7,0.7
38057,feeder,pm19_coverage_dependent,0.964830508474576,0.866666666666667
38059,feeder,pm19_coverage_dependent,1.17765793528505,1.03333333333333
38061,feeder,pm19_coverage_dependent,0,0
38063,feeder,pm19_coverage_dependent,0,0
38065,feeder,pm19_coverage_dependent,0.7,0.7
38067,feeder,pm19_coverage_dependent,0,0
38069,feeder,pm19_coverage_dependent,0,0
38071,feeder,pm19_coverage_dependent,0,0
38073,feeder,pm19_coverage_dependent,0,0
38075,feeder,pm19_coverage_dependent,0,0
38077,feeder,pm19_coverage_dependent,0.7,0.7
38079,feeder,pm19_coverage_dependent,0,0
38081,feeder,pm19_coverage_dependent,1.08461538461538,1.03333333333333
38083,feeder,pm19_coverage_dependent,0,0
38085,feeder,pm19_coverage_dependent,0,0
38087,feeder,pm19_coverage_dependent,0.7,0.7
38089,feeder,pm19_coverage_dependent,0.7,0.7
38091,feeder,pm19_coverage_dependent,0,0
38093,feeder,pm19_coverage_dependent,0.7,0.7
38095,feeder,pm19_coverage_dependent,0,0
38099,feeder,pm19_coverage_dependent,0,0
38101,feeder,pm19_coverage_dependent,0.7,0.7
38103,feeder,pm19_coverage_dependent,0.989473684210526,0.95
38105,feeder,pm19_coverage_dependent,0,0
39023,feeder,pm19_coverage_dependent,0,0
39053,feeder,pm19_coverage_dependent,0,0
39079,feeder,pm19_coverage_dependent,0,0
39107,feeder,pm19_coverage_dependent,0,0
39119,feeder,pm19_coverage_dependent,0,0
40003,feeder,pm19_coverage_dependent,0,0
40007,feeder,pm19_coverage_dependent,0,0
40009,feeder,pm19_coverage_dependent,0,0
40011,feeder,pm19_coverage_dependent,0,0
40013,feeder,pm19_coverage_dependent,0,0
40015,feeder,pm19_coverage_dependent,0,0
40017,feeder,pm19_coverage_dependent,0,0
40019,feeder,pm19_coverage_dependent,0,0
40023,feeder,pm19_coverage_dependent,0,0
40025,feeder,pm19_coverage_dependent,0,0
40031,feeder,pm19_coverage_dependent,0,0
40033,feeder,pm19_coverage_dependent,0,0
40035,feeder,pm19_coverage_dependent,0,0
40039,feeder,pm19_coverage_dependent,0,0
40041,feeder,pm19_coverage_dependent,0,0
40043,feeder,pm19_coverage_dependent,0,0
40045,feeder,pm19_coverage_dependent,0,0
40047,feeder,pm19_coverage_dependent,1.31270491803279,1.2
40049,feeder,pm19_coverage_dependent,0,0
40051,feeder,pm19_coverage_dependent,0,0
40053,feeder,pm19_coverage_dependent,1.2,1.2
40055,feeder,pm19_coverage_dependent,0,0
40057,feeder,pm19_coverage_dependent,1.38435754189944,1.28333333333333
40059,feeder,pm19_coverage_dependent,0,0
40065,feeder,pm19_coverage_dependent,0,0
40067,feeder,pm19_coverage_dependent,0,0
40071,feeder,pm19_coverage_dependent,0.925714285714286,1.03333333333333
40073,feeder,pm19_coverage_dependent,0.742242703533026,0.771428571428571
40075,feeder,pm19_coverage_dependent,0,0
40079,feeder,pm19_coverage_dependent,0,0
40081,feeder,pm19_coverage_dependent,0,0
40083,feeder,pm19_coverage_dependent,0,0
40087,feeder,pm19_coverage_dependent,0,0
40089,feeder,pm19_coverage_dependent,0,0
40093,feeder,pm19_coverage_dependent,0,0
40097,feeder,pm19_coverage_dependent,0,0
40101,feeder,pm19_coverage_dependent,0,0
40103,feeder,pm19_coverage_dependent,1.42230691056911,1.46315789473684
40105,feeder,pm19_coverage_dependent,0,0
40109,feeder,pm19_coverage_dependent,0,0
40113,feeder,pm19_coverage_dependent,0,0
40115,feeder,pm19_coverage_dependent,0,0
40117,feeder,pm19_coverage_dependent,0,0
40119,feeder,pm19_coverage_dependent,0,0
40129,feeder,pm19_coverage_dependent,0,0
40131,feeder,pm19_coverage_dependent,0,0
40137,feeder,pm19_coverage_dependent,0,0
40139,feeder,pm19_coverage_dependent,0,0
40141,feeder,pm19_coverage_dependent,0.711965539246969,0.790909090909091
40147,feeder,pm19_coverage_dependent,0,0
40149,feeder,pm19_coverage_dependent,0,0
40151,feeder,pm19_coverage_dependent,0,0
40153,feeder,pm19_coverage_dependent,0,0
41001,feeder,pm19_coverage_dependent,0,0
41013,feeder,pm19_coverage_dependent,0,0
41015,feeder,pm19_coverage_dependent,0,0
41019,feeder,pm19_coverage_dependent,0,0
41023,feeder,pm19_coverage_dependent,0,0
41025,feeder,pm19_coverage_dependent,0,0
41031,feeder,pm19_coverage_dependent,0,0
41035,feeder,pm19_coverage_dependent,0,0
41037,feeder,pm19_coverage_dependent,0,0
41043,feeder,pm19_coverage_dependent,0,0
41045,feeder,pm19_coverage_dependent,0,0
41049,feeder,pm19_coverage_dependent,0,0
41059,feeder,pm19_coverage_dependent,0,0
41061,feeder,pm19_coverage_dependent,0,0
41063,feeder,pm19_coverage_dependent,0,0
41065,feeder,pm19_coverage_dependent,0,0
45025,feeder,pm19_coverage_dependent,0,0
45091,feeder,pm19_coverage_dependent,0,0
46003,feeder,pm19_coverage_dependent,0.720563594821021,0.725
46005,feeder,pm19_coverage_dependent,0.709020386072524,0.71219512195122
46007,feeder,pm19_coverage_dependent,0,0
46009,feeder,pm19_coverage_dependent,0.7,0.7
46011,feeder,pm19_coverage_dependent,0.7,0.7
46013,feeder,pm19_coverage_dependent,0.726910656620022,0.73125
46015,feeder,pm19_coverage_dependent,0,0
46017,feeder,pm19_coverage_dependent,0,0
46019,feeder,pm19_coverage_dependent,0.7,0.7
46021,feeder,pm19_coverage_dependent,0.7,0.7
46023,feeder,pm19_coverage_dependent,0.7,0.7
46025,feeder,pm19_coverage_dependent,0.7,0.7
46027,feeder,pm19_coverage_dependent,0,0
46029,feeder,pm19_coverage_dependent,0,0
46031,feeder,pm19_coverage_dependent,0.885430463576159,0.914285714285714
46033,feeder,pm19_coverage_dependent,0.742372881355932,0.7625
46035,feeder,pm19_coverage_dependent,0.7,0.7
46037,feeder,pm19_coverage_dependent,0,0
46039,feeder,pm19_coverage_dependent,0,0
46041,feeder,pm19_coverage_dependent,0,0
46043,feeder,pm19_coverage_dependent,0.7,0.7
46045,feeder,pm19_coverage_dependent,0.734364261168385,0.758139534883721
46047,feeder,pm19_coverage_dependent,0.705028735632184,0.745454545454546
46049,feeder,pm19_coverage_dependent,0.7,0.7
46051,feeder,pm19_coverage_dependent,0.806060606060606,0.825
46053,feeder,pm19_coverage_dependent,0.730826140567201,0.722727272727273
46055,feeder,pm19_coverage_dependent,0.701487209994051,0.720833333333333
46057,feeder,pm19_coverage_dependent,0,0
46059,feeder,pm19_coverage_dependent,0.715747039556564,0.717543859649123
46061,feeder,pm19_coverage_dependent,0,0
46063,feeder,pm19_coverage_dependent,0.7,0.7
46065,feeder,pm19_coverage_dependent,0.7,0.7
46067,feeder,pm19_coverage_dependent,0,0
46069,feeder,pm19_coverage_dependent,0.7,0.7
46071,feeder,pm19_coverage_dependent,0.7,0.7
46073,feeder,pm19_coverage_dependent,0.7,0.7
46075,feeder,pm19_coverage_dependent,0,0
46077,feeder,pm19_coverage_dependent,0.745620437956204,0.8
46079,feeder,pm19_coverage_dependent,0,0
46081,feeder,pm19_coverage_dependent,0,0
46083,feeder,pm19_coverage_dependent,0,0
46085,feeder,pm19_coverage_dependent,0,0
46087,feeder,pm19_coverage_dependent,0,0
46089,feeder,pm19_coverage_dependent,0.7,0.7
46091,feeder,pm19_coverage_dependent,0,0
46093,feeder,pm19_coverage_dependent,0.832124352331606,0.768181818181818
46095,feeder,pm19_coverage_dependent,0,0
46097,feeder,pm19_coverage_dependent,0.7,0.7
46099,feeder,pm19_coverage_dependent,0,0
46101,feeder,pm19_coverage_dependent,0.7,0.7
46102,feeder,pm19_coverage_dependent,0,0
46103,feeder,pm19_coverage_dependent,0.7,0.7
46105,feeder,pm19_coverage_dependent,0.972727272727273,0.95
46107,feeder,pm19_coverage_dependent,0,0
46109,feeder,pm19_coverage_dependent,0.752380952380952,0.825
46111,feeder,pm19_coverage_dependent,0,0
46115,feeder,pm19_coverage_dependent,0.7,0.7
46117,feeder,pm19_coverage_dependent,0,0
46119,feeder,pm19_coverage_dependent,0,0
46121,feeder,pm19_coverage_dependent,0,0
46123,feeder,pm19_coverage_dependent,0.7,0.7
46125,feeder,pm19_coverage_dependent,0.758695652173913,0.7625
46127,feeder,pm19_coverage_dependent,0,0
46129,feeder,pm19_coverage_dependent,0,0
46135,feeder,pm19_coverage_dependent,0,0
46137,feeder,pm19_coverage_dependent,0,0
47003,feeder,pm19_coverage_dependent,0,0
47007,feeder,pm19_coverage_dependent,0,0
47027,feeder,pm19_coverage_dependent,0,0
47031,feeder,pm19_coverage_dependent,0,0
47051,feeder,pm19_coverage_dependent,0,0
47053,feeder,pm19_coverage_dependent,0,0
47055,feeder,pm19_coverage_dependent,0,0
47059,feeder,pm19_coverage_dependent,0,0
47061,feeder,pm19_coverage_dependent,0,0
47071,feeder,pm19_coverage_dependent,0,0
47077,feeder,pm19_coverage_dependent,0,0
47099,feeder,pm19_coverage_dependent,0,0
47103,feeder,pm19_coverage_dependent,0,0
47105,feeder,pm19_coverage_dependent,0,0
47111,feeder,pm19_coverage_dependent,0,0
47119,feeder,pm19_coverage_dependent,0,0
47123,feeder,pm19_coverage_dependent,0,0
47131,feeder,pm19_coverage_dependent,0,0
47133,feeder,pm19_coverage_dependent,0,0
47147,feeder,pm19_coverage_dependent,0,0
47149,feeder,pm19_coverage_dependent,0,0
47159,feeder,pm19_coverage_dependent,0,0
47167,feeder,pm19_coverage_dependent,0,0
47169,feeder,pm19_coverage_dependent,0,0
47177,feeder,pm19_coverage_dependent,0,0
47181,feeder,pm19_coverage_dependent,0,0
47185,feeder,pm19_coverage_dependent,0,0
47189,feeder,pm19_coverage_dependent,0,0
48009,feeder,pm19_coverage_dependent,0,0
48011,feeder,pm19_coverage_dependent,0,0
48017,feeder,pm19_coverage_dependent,0,0
48023,feeder,pm19_coverage_dependent,0,0
48027,feeder,pm19_coverage_dependent,0,0
48033,feeder,pm19_coverage_dependent,0,0
48037,feeder,pm19_coverage_dependent,0,0
48039,feeder,pm19_coverage_dependent,0,0
48041,feeder,pm19_coverage_dependent,0,0
48045,feeder,pm19_coverage_dependent,0,0
48051,feeder,pm19_coverage_dependent,0,0
48059,feeder,pm19_coverage_dependent,0,0
48065,feeder,pm19_coverage_dependent,0,0
48069,feeder,pm19_coverage_dependent,0,0
48073,feeder,pm19_coverage_dependent,0,0
48075,feeder,pm19_coverage_dependent,0,0
48077,feeder,pm19_coverage_dependent,0,0
48083,feeder,pm19_coverage_dependent,0,0
48085,feeder,pm19_coverage_dependent,0,0
48087,feeder,pm19_coverage_dependent,0,0
48089,feeder,pm19_coverage_dependent,0,0
48093,feeder,pm19_coverage_dependent,0,0
48095,feeder,pm19_coverage_dependent,0,0
48097,feeder,pm19_coverage_dependent,0,0
48099,feeder,pm19_coverage_dependent,0,0
48101,feeder,pm19_coverage_dependent,0,0
48111,feeder,pm19_coverage_dependent,1.07396121883657,1
48117,feeder,pm19_coverage_dependent,0,0
48119,feeder,pm19_coverage_dependent,0,0
48125,feeder,pm19_coverage_dependent,0,0
48129,feeder,pm19_coverage_dependent,0,0
48133,feeder,pm19_coverage_dependent,0,0
48139,feeder,pm19_coverage_dependent,0,0
48143,feeder,pm19_coverage_dependent,0,0
48145,feeder,pm19_coverage_dependent,0,0
48147,feeder,pm19_coverage_dependent,0,0
48149,feeder,pm19_coverage_dependent,0,0
48151,feeder,pm19_coverage_dependent,0.789092872570194,0.876470588235294
48153,feeder,pm19_coverage_dependent,0,0
48155,feeder,pm19_coverage_dependent,0,0
48161,feeder,pm19_coverage_dependent,0,0
48163,feeder,pm19_coverage_dependent,0,0
48165,feeder,pm19_coverage_dependent,0,0
48175,feeder,pm19_coverage_dependent,0,0
48177,feeder,pm19_coverage_dependent,0,0
48179,feeder,pm19_coverage_dependent,0,0
48181,feeder,pm19_coverage_dependent,0,0
48185,feeder,pm19_coverage_dependent,0,0
48189,feeder,pm19_coverage_dependent,0,0
48191,feeder,pm19_coverage_dependent,0,0
48195,feeder,pm19_coverage_dependent,0,0
48197,feeder,pm19_coverage_dependent,0,0
48205,feeder,pm19_coverage_dependent,0,0
48207,feeder,pm19_coverage_dependent,0,0
48211,feeder,pm19_coverage_dependent,0,0
48213,feeder,pm19_coverage_dependent,0,0
48215,feeder,pm19_coverage_dependent,0,0
48217,feeder,pm19_coverage_dependent,0,0
48219,feeder,pm19_coverage_dependent,0,0
48223,feeder,pm19_coverage_dependent,0,0
48231,feeder,pm19_coverage_dependent,0,0
48233,feeder,pm19_coverage_dependent,0,0
48237,feeder,pm19_coverage_dependent,0,0
48239,feeder,pm19_coverage_dependent,0,0
48253,feeder,pm19_coverage_dependent,0.957575757575757,0.866666666666667
48255,feeder,pm19_coverage_dependent,0,0
48257,feeder,pm19_coverage_dependent,0,0
48263,feeder,pm19_coverage_dependent,0,0
48271,feeder,pm19_coverage_dependent,0,0
48275,feeder,pm19_coverage_dependent,0,0
48277,feeder,pm19_coverage_dependent,0,0
48279,feeder,pm19_coverage_dependent,0,0
48285,feeder,pm19_coverage_dependent,0,0
48287,feeder,pm19_coverage_dependent,0,0
48289,feeder,pm19_coverage_dependent,0,0
48293,feeder,pm19_coverage_dependent,0,0
48295,feeder,pm19_coverage_dependent,0,0
48303,feeder,pm19_coverage_dependent,0,0
48309,feeder,pm19_coverage_dependent,0,0
48313,feeder,pm19_coverage_dependent,0,0
48319,feeder,pm19_coverage_dependent,0,0
48321,feeder,pm19_coverage_dependent,0,0
48325,feeder,pm19_coverage_dependent,0,0
48331,feeder,pm19_coverage_dependent,0,0
48333,feeder,pm19_coverage_dependent,0,0
48337,feeder,pm19_coverage_dependent,0,0
48341,feeder,pm19_coverage_dependent,0,0
48345,feeder,pm19_coverage_dependent,0,0
48347,feeder,pm19_coverage_dependent,0,0
48349,feeder,pm19_coverage_dependent,0,0
48357,feeder,pm19_coverage_dependent,0,0
48359,feeder,pm19_coverage_dependent,0,0
48363,feeder,pm19_coverage_dependent,0,0
48367,feeder,pm19_coverage_dependent,0,0
48369,feeder,pm19_coverage_dependent,0,0
48375,feeder,pm19_coverage_dependent,0,0
48381,feeder,pm19_coverage_dependent,0,0
48387,feeder,pm19_coverage_dependent,0,0
48395,feeder,pm19_coverage_dependent,0,0
48399,feeder,pm19_coverage_dependent,0,0
48409,feeder,pm19_coverage_dependent,0,0
48411,feeder,pm19_coverage_dependent,0,0
48415,feeder,pm19_coverage_dependent,0,0
48417,feeder,pm19_coverage_dependent,0,0
48421,feeder,pm19_coverage_dependent,0,0
48429,feeder,pm19_coverage_dependent,0,0
48433,feeder,pm19_coverage_dependent,0,0
48437,feeder,pm19_coverage_dependent,0,0
48445,feeder,pm19_coverage_dependent,0,0
48447,feeder,pm19_coverage_dependent,0,0
48463,feeder,pm19_coverage_dependent,0,0
48467,feeder,pm19_coverage_dependent,0,0
48469,feeder,pm19_coverage_dependent,0,0
48471,feeder,pm19_coverage_dependent,0,0
48481,feeder,pm19_coverage_dependent,0,0
48483,feeder,pm19_coverage_dependent,0,0
48485,feeder,pm19_coverage_dependent,0,0
48487,feeder,pm19_coverage_dependent,0,0
48491,feeder,pm19_coverage_dependent,0,0
48497,feeder,pm19_coverage_dependent,0,0
48503,feeder,pm19_coverage_dependent,0,0
48507,feeder,pm19_coverage_dependent,0,0
49001,feeder,pm19_coverage_dependent,0,0
49003,feeder,pm19_coverage_dependent,0,0
49005,feeder,pm19_coverage_dependent,0,0
49013,feeder,pm19_coverage_dependent,0,0
49015,feeder,pm19_coverage_dependent,0,0
49021,feeder,pm19_coverage_dependent,0,0
49023,feeder,pm19_coverage_dependent,0,0
49027,feeder,pm19_coverage_dependent,0,0
49039,feeder,pm19_coverage_dependent,0,0
49041,feeder,pm19_coverage_dependent,0,0
49047,feeder,pm19_coverage_dependent,0,0
49053,feeder,pm19_coverage_dependent,0,0
51015,feeder,pm19_coverage_dependent,0,0
51035,feeder,pm19_coverage_dependent,0,0
51077,feeder,pm19_coverage_dependent,0,0
51105,feeder,pm19_coverage_dependent,0,0
51109,feeder,pm19_coverage_dependent,0,0
51113,feeder,pm19_coverage_dependent,0,0
51117,feeder,pm19_coverage_dependent,0,0
51137,feeder,pm19_coverage_dependent,0,0
51143,feeder,pm19_coverage_dependent,0,0
51163,feeder,pm19_coverage_dependent,0,0
51165,feeder,pm19_coverage_dependent,0,0
51169,feeder,pm19_coverage_dependent,0,0
51171,feeder,pm19_coverage_dependent,0,0
51173,feeder,pm19_coverage_dependent,0,0
51191,feeder,pm19_coverage_dependent,0,0
53001,feeder,pm19_coverage_dependent,0,0
53003,feeder,pm19_coverage_dependent,0,0
53005,feeder,pm19_coverage_dependent,0,0
53017,feeder,pm19_coverage_dependent,0,0
53021,feeder,pm19_coverage_dependent,0,0
53025,feeder,pm19_coverage_dependent,0,0
53037,feeder,pm19_coverage_dependent,0,0
53039,feeder,pm19_coverage_dependent,0,0
53043,feeder,pm19_coverage_dependent,0,0
53047,feeder,pm19_coverage_dependent,0,0
53075,feeder,pm19_coverage_dependent,0,0
53077,feeder,pm19_coverage_dependent,0.7,0.7
54031,feeder,pm19_coverage_dependent,0,0
55005,feeder,pm19_coverage_dependent,0,0
55019,feeder,pm19_coverage_dependent,0,0
55021,feeder,pm19_coverage_dependent,0,0
55023,feeder,pm19_coverage_dependent,0,0
55025,feeder,pm19_coverage_dependent,0,0
55043,feeder,pm19_coverage_dependent,1.2,1.2
55045,feeder,pm19_coverage_dependent,0,0
55049,feeder,pm19_coverage_dependent,0.7,0.7
55065,feeder,pm19_coverage_dependent,0,0
55093,feeder,pm19_coverage_dependent,0,0
55111,feeder,pm19_coverage_dependent,0,0
55123,feeder,pm19_coverage_dependent,0,0
56003,feeder,pm19_coverage_dependent,0,0
56005,feeder,pm19_coverage_dependent,0,0
56007,feeder,pm19_coverage_dependent,0,0
56009,feeder,pm19_coverage_dependent,0,0
56011,feeder,pm19_coverage_dependent,0,0
56013,feeder,pm19_coverage_dependent,0.941847826086956,0.95
56015,feeder,pm19_coverage_dependent,0,0
56019,feeder,pm19_coverage_dependent,0,0
56021,feeder,pm19_coverage_dependent,0,0
56023,feeder,pm19_coverage_dependent,0,0
56027,feeder,pm19_coverage_dependent,0,0
56029,feeder,pm19_coverage_dependent,0,0
56031,feeder,pm19_coverage_dependent,0,0
56033,feeder,pm19_coverage_dependent,0,0
56035,feeder,pm19_coverage_dependent,0,0
56037,feeder,pm19_coverage_dependent,0,0
56041,feeder,pm19_coverage_dependent,0,0
56043,feeder,pm19_coverage_dependent,0,0
6025,fed,pm20_coverage_expansion,0,0
6029,fed,pm20_coverage_expansion,0,0
8009,fed,pm20_coverage_expansion,0,0
8011,fed,pm20_coverage_expansion,0,0
8063,fed,pm20_coverage_expansion,0,0
8075,fed,pm20_coverage_expansion,0,0
8087,fed,pm20_coverage_expansion,0,0
8095,fed,pm20_coverage_expansion,0,0
8099,fed,pm20_coverage_expansion,0,0
8121,fed,pm20_coverage_expansion,0,0
8123,fed,pm20_coverage_expansion,0,0
8125,fed,pm20_coverage_expansion,0,0
16031,fed,pm20_coverage_expansion,0,0
16051,fed,pm20_coverage_expansion,0,0
16053,fed,pm20_coverage_expansion,0,0
17001,fed,pm20_coverage_expansion,1.5,1.5
17015,fed,pm20_coverage_expansion,0,0
17029,fed,pm20_coverage_expansion,0,0
17037,fed,pm20_coverage_expansion,0,0
17041,fed,pm20_coverage_expansion,0,0
17049,fed,pm20_coverage_expansion,0,0
17067,fed,pm20_coverage_expansion,0,0
17073,fed,pm20_coverage_expansion,0,0
17075,fed,pm20_coverage_expansion,0,0
17081,fed,pm20_coverage_expansion,0,0
17085,fed,pm20_coverage_expansion,0,0
17099,fed,pm20_coverage_expansion,0,0
17105,fed,pm20_coverage_expansion,0,0
17109,fed,pm20_coverage_expansion,0,0
17131,fed,pm20_coverage_expansion,0,0
17141,fed,pm20_coverage_expansion,0,0
17173,fed,pm20_coverage_expansion,0,0
17177,fed,pm20_coverage_expansion,0,0
17187,fed,pm20_coverage_expansion,0,0
17195,fed,pm20_coverage_expansion,0,0
18017,fed,pm20_coverage_expansion,0,0
18031,fed,pm20_coverage_expansion,0,0
18159,fed,pm20_coverage_expansion,0,0
19001,fed,pm20_coverage_expansion,0,0
19005,fed,pm20_coverage_expansion,0,0
19009,fed,pm20_coverage_expansion,0,0
19011,fed,pm20_coverage_expansion,0,0
19013,fed,pm20_coverage_expansion,0,0
19017,fed,pm20_coverage_expansion,0,0
19019,fed,pm20_coverage_expansion,0,0
19021,fed,pm20_coverage_expansion,0,0
19023,fed,pm20_coverage_expansion,0,0
19025,fed,pm20_coverage_expansion,0,0
19027,fed,pm20_coverage_expansion,0,0
19029,fed,pm20_coverage_expansion,0,0
19035,fed,pm20_coverage_expansion,0,0
19037,fed,pm20_coverage_expansion,0,0
19043,fed,pm20_coverage_expansion,0,0
19045,fed,pm20_coverage_expansion,0,0
19047,fed,pm20_coverage_expansion,0,0
19049,fed,pm20_coverage_expansion,0,0
19051,fed,pm20_coverage_expansion,0,0
19053,fed,pm20_coverage_expansion,0,0
19055,fed,pm20_coverage_expansion,0,0
19059,fed,pm20_coverage_expansion,0,0
19061,fed,pm20_coverage_expansion,0,0
19063,fed,pm20_coverage_expansion,0,0
19065,fed,pm20_coverage_expansion,0,0
19067,fed,pm20_coverage_expansion,0,0
19069,fed,pm20_coverage_expansion,0,0
19071,fed,pm20_coverage_expansion,0,0
19075,fed,pm20_coverage_expansion,0,0
19077,fed,pm20_coverage_expansion,0,0
19081,fed,pm20_coverage_expansion,0,0
19083,fed,pm20_coverage_expansion,0,0
19087,fed,pm20_coverage_expansion,0,0
19089,fed,pm20_coverage_expansion,0,0
19093,fed,pm20_coverage_expansion,0,0
19095,fed,pm20_coverage_expansion,0,0
19097,fed,pm20_coverage_expansion,0,0
19099,fed,pm20_coverage_expansion,0,0
19101,fed,pm20_coverage_expansion,0,0
19103,fed,pm20_coverage_expansion,0,0
19105,fed,pm20_coverage_expansion,0,0
19107,fed,pm20_coverage_expansion,0,0
19109,fed,pm20_coverage_expansion,0,0
19113,fed,pm20_coverage_expansion,0,0
19119,fed,pm20_coverage_expansion,0,0
19121,fed,pm20_coverage_expansion,0,0
19123,fed,pm20_coverage_expansion,0,0
19125,fed,pm20_coverage_expansion,0,0
19127,fed,pm20_coverage_expansion,0,0
19131,fed,pm20_coverage_expansion,0,0
19141,fed,pm20_coverage_expansion,0,0
19143,fed,pm20_coverage_expansion,0,0
19145,fed,pm20_coverage_expansion,0,0
19147,fed,pm20_coverage_expansion,0,0
19149,fed,pm20_coverage_expansion,0,0
19151,fed,pm20_coverage_expansion,0,0
19155,fed,pm20_coverage_expansion,0,0
19157,fed,pm20_coverage_expansion,0,0
19159,fed,pm20_coverage_expansion,0,0
19161,fed,pm20_coverage_expansion,0,0
19163,fed,pm20_coverage_expansion,0,0
19165,fed,pm20_coverage_expansion,0,0
19167,fed,pm20_coverage_expansion,0,0
19169,fed,pm20_coverage_expansion,0,0
19171,fed,pm20_coverage_expansion,0,0
19179,fed,pm20_coverage_expansion,0,0
19183,fed,pm20_coverage_expansion,0,0
19187,fed,pm20_coverage_expansion,0,0
19191,fed,pm20_coverage_expansion,1.5,1.5
19193,fed,pm20_coverage_expansion,0,0
19197,fed,pm20_coverage_expansion,0,0
20003,fed,pm20_coverage_expansion,0,0
20007,fed,pm20_coverage_expansion,0,0
20009,fed,pm20_coverage_expansion,0,0
20015,fed,pm20_coverage_expansion,0,0
20017,fed,pm20_coverage_expansion,0,0
20025,fed,pm20_coverage_expansion,0,0
20027,fed,pm20_coverage_expansion,0,0
20037,fed,pm20_coverage_expansion,0,0
20041,fed,pm20_coverage_expansion,0,0
20047,fed,pm20_coverage_expansion,0,0
20055,fed,pm20_coverage_expansion,0,0
20057,fed,pm20_coverage_expansion,0,0
20059,fed,pm20_coverage_expansion,0,0
20063,fed,pm20_coverage_expansion,0,0
20067,fed,pm20_coverage_expansion,0,0
20069,fed,pm20_coverage_expansion,0,0
20077,fed,pm20_coverage_expansion,0,0
20079,fed,pm20_coverage_expansion,0,0
20081,fed,pm20_coverage_expansion,0,0
20083,fed,pm20_coverage_expansion,0,0
20085,fed,pm20_coverage_expansion,0,0
20089,fed,pm20_coverage_expansion,0,0
20093,fed,pm20_coverage_expansion,0,0
20095,fed,pm20_coverage_expansion,0,0
20097,fed,pm20_coverage_expansion,0,0
20109,fed,pm20_coverage_expansion,0,0
20111,fed,pm20_coverage_expansion,0,0
20113,fed,pm20_coverage_expansion,0,0
20115,fed,pm20_coverage_expansion,0,0
20117,fed,pm20_coverage_expansion,1.5,1.5
20119,fed,pm20_coverage_expansion,0,0
20123,fed,pm20_coverage_expansion,0,0
20127,fed,pm20_coverage_expansion,0,0
20131,fed,pm20_coverage_expansion,0,0
20137,fed,pm20_coverage_expansion,0,0
20145,fed,pm20_coverage_expansion,0,0
20147,fed,pm20_coverage_expansion,0,0
20151,fed,pm20_coverage_expansion,0,0
20157,fed,pm20_coverage_expansion,0,0
20159,fed,pm20_coverage_expansion,0,0
20163,fed,pm20_coverage_expansion,0,0
20171,fed,pm20_coverage_expansion,0,0
20175,fed,pm20_coverage_expansion,0,0
20185,fed,pm20_coverage_expansion,0,0
20187,fed,pm20_coverage_expansion,0,0
20189,fed,pm20_coverage_expansion,0,0
20193,fed,pm20_coverage_expansion,0,0
20201,fed,pm20_coverage_expansion,1.5,1.5
20207,fed,pm20_coverage_expansion,0,0
27009,fed,pm20_coverage_expansion,0,0
27013,fed,pm20_coverage_expansion,0,0
27015,fed,pm20_coverage_expansion,0,0
27019,fed,pm20_coverage_expansion,0,0
27033,fed,pm20_coverage_expansion,0,0
27037,fed,pm20_coverage_expansion,0,0
27039,fed,pm20_coverage_expansion,0,0
27041,fed,pm20_coverage_expansion,0,0
27045,fed,pm20_coverage_expansion,0,0
27049,fed,pm20_coverage_expansion,0,0
27055,fed,pm20_coverage_expansion,0,0
27073,fed,pm20_coverage_expansion,0,0
27079,fed,pm20_coverage_expansion,0,0
27081,fed,pm20_coverage_expansion,0,0
27083,fed,pm20_coverage_expansion,0,0
27085,fed,pm20_coverage_expansion,0,0
27093,fed,pm20_coverage_expansion,0,0
27097,fed,pm20_coverage_expansion,0,0
27099,fed,pm20_coverage_expansion,0,0
27101,fed,pm20_coverage_expansion,0,0
27103,fed,pm20_coverage_expansion,0,0
27105,fed,pm20_coverage_expansion,0,0
27109,fed,pm20_coverage_expansion,0,0
27111,fed,pm20_coverage_expansion,0,0
27117,fed,pm20_coverage_expansion,0,0
27121,fed,pm20_coverage_expansion,0,0
27127,fed,pm20_coverage_expansion,0,0
27129,fed,pm20_coverage_expansion,0,0
27131,fed,pm20_coverage_expansion,0,0
27133,fed,pm20_coverage_expansion,0,0
27143,fed,pm20_coverage_expansion,0,0
27145,fed,pm20_coverage_expansion,1.5,1.5
27147,fed,pm20_coverage_expansion,0,0
27149,fed,pm20_coverage_expansion,0,0
27151,fed,pm20_coverage_expansion,0,0
27153,fed,pm20_coverage_expansion,0,0
27157,fed,pm20_coverage_expansion,0,0
27167,fed,pm20_coverage_expansion,0,0
27169,fed,pm20_coverage_expansion,0,0
27171,fed,pm20_coverage_expansion,0,0
27173,fed,pm20_coverage_expansion,0,0
28031,fed,pm20_coverage_expansion,0,0
29053,fed,pm20_coverage_expansion,0,0
29103,fed,pm20_coverage_expansion,0,0
29171,fed,pm20_coverage_expansion,0,0
29217,fed,pm20_coverage_expansion,0,0
30111,fed,pm20_coverage_expansion,0,0
31001,fed,pm20_coverage_expansion,0,0
31003,fed,pm20_coverage_expansion,0,0
31007,fed,pm20_coverage_expansion,0,0
31011,fed,pm20_coverage_expansion,0,0
31013,fed,pm20_coverage_expansion,0,0
31015,fed,pm20_coverage_expansion,0,0
31019,fed,pm20_coverage_expansion,0,0
31023,fed,pm20_coverage_expansion,0,0
31027,fed,pm20_coverage_expansion,0,0
31035,fed,pm20_coverage_expansion,1.5,1.5
31037,fed,pm20_coverage_expansion,0,0
31039,fed,pm20_coverage_expansion,0,0
31041,fed,pm20_coverage_expansion,0,0
31047,fed,pm20_coverage_expansion,0,0
31049,fed,pm20_coverage_expansion,0,0
31051,fed,pm20_coverage_expansion,0,0
31053,fed,pm20_coverage_expansion,0,0
31057,fed,pm20_coverage_expansion,0,0
31059,fed,pm20_coverage_expansion,0,0
31067,fed,pm20_coverage_expansion,0,0
31069,fed,pm20_coverage_expansion,0,0
31073,fed,pm20_coverage_expansion,0,0
31077,fed,pm20_coverage_expansion,0,0
31079,fed,pm20_coverage_expansion,0,0
31081,fed,pm20_coverage_expansion,0,0
31083,fed,pm20_coverage_expansion,0,0
31085,fed,pm20_coverage_expansion,0,0
31089,fed,pm20_coverage_expansion,0,0
31093,fed,pm20_coverage_expansion,0,0
31095,fed,pm20_coverage_expansion,0,0
31099,fed,pm20_coverage_expansion,0,0
31107,fed,pm20_coverage_expansion,0,0
31111,fed,pm20_coverage_expansion,0,0
31119,fed,pm20_coverage_expansion,0,0
31123,fed,pm20_coverage_expansion,0,0
31125,fed,pm20_coverage_expansion,0,0
31129,fed,pm20_coverage_expansion,0,0
31137,fed,pm20_coverage_expansion,0,0
31139,fed,pm20_coverage_expansion,0,0
31141,fed,pm20_coverage_expansion,0,0
31143,fed,pm20_coverage_expansion,0,0
31145,fed,pm20_coverage_expansion,0,0
31151,fed,pm20_coverage_expansion,0,0
31155,fed,pm20_coverage_expansion,0,0
31157,fed,pm20_coverage_expansion,0,0
31159,fed,pm20_coverage_expansion,0,0
31161,fed,pm20_coverage_expansion,0,0
31163,fed,pm20_coverage_expansion,0,0
31167,fed,pm20_coverage_expansion,0,0
31173,fed,pm20_coverage_expansion,0,0
31175,fed,pm20_coverage_expansion,0,0
31179,fed,pm20_coverage_expansion,0,0
31181,fed,pm20_coverage_expansion,0,0
31183,fed,pm20_coverage_expansion,0,0
31185,fed,pm20_coverage_expansion,0,0
32013,fed,pm20_coverage_expansion,0,0
35009,fed,pm20_coverage_expansion,0,0
38001,fed,pm20_coverage_expansion,0,0
38007,fed,pm20_coverage_expansion,0,0
38021,fed,pm20_coverage_expansion,1.5,1.5
38029,fed,pm20_coverage_expansion,0,0
38043,fed,pm20_coverage_expansion,0,0
38049,fed,pm20_coverage_expansion,0,0
38071,fed,pm20_coverage_expansion,0,0
38073,fed,pm20_coverage_expansion,0,0
38077,fed,pm20_coverage_expansion,0,0
38081,fed,pm20_coverage_expansion,0,0
38093,fed,pm20_coverage_expansion,0,0
39037,fed,pm20_coverage_expansion,0,0
39107,fed,pm20_coverage_expansion,0,0
40003,fed,pm20_coverage_expansion,0,0
40039,fed,pm20_coverage_expansion,0,0
40045,fed,pm20_coverage_expansion,0,0
40047,fed,pm20_coverage_expansion,0,0
40059,fed,pm20_coverage_expansion,0,0
40073,fed,pm20_coverage_expansion,0,0
40119,fed,pm20_coverage_expansion,0,0
40139,fed,pm20_coverage_expansion,0,0
40151,fed,pm20_coverage_expansion,0,0
41019,fed,pm20_coverage_expansion,0,0
41035,fed,pm20_coverage_expansion,0,0
41045,fed,pm20_coverage_expansion,0,0
41049,fed,pm20_coverage_expansion,0,0
42071,fed,pm20_coverage_expansion,0,0
46003,fed,pm20_coverage_expansion,0,0
46005,fed,pm20_coverage_expansion,1.5,1.5
46009,fed,pm20_coverage_expansion,0,0
46011,fed,pm20_coverage_expansion,0,0
46013,fed,pm20_coverage_expansion,0,0
46023,fed,pm20_coverage_expansion,1.5,1.5
46025,fed,pm20_coverage_expansion,0,0
46029,fed,pm20_coverage_expansion,0,0
46031,fed,pm20_coverage_expansion,0,0
46039,fed,pm20_coverage_expansion,0,0
46043,fed,pm20_coverage_expansion,0,0
46045,fed,pm20_coverage_expansion,0,0
46049,fed,pm20_coverage_expansion,0,0
46051,fed,pm20_coverage_expansion,0,0
46055,fed,pm20_coverage_expansion,0,0
46057,fed,pm20_coverage_expansion,0,0
46059,fed,pm20_coverage_expansion,1.5,1.5
46061,fed,pm20_coverage_expansion,0,0
46067,fed,pm20_coverage_expansion,0,0
46073,fed,pm20_coverage_expansion,0,0
46077,fed,pm20_coverage_expansion,0,0
46079,fed,pm20_coverage_expansion,0,0
46083,fed,pm20_coverage_expansion,0,0
46085,fed,pm20_coverage_expansion,0,0
46087,fed,pm20_coverage_expansion,0,0
46089,fed,pm20_coverage_expansion,0,0
46091,fed,pm20_coverage_expansion,0,0
46099,fed,pm20_coverage_expansion,0,0
46101,fed,pm20_coverage_expansion,0,0
46109,fed,pm20_coverage_expansion,0,0
46111,fed,pm20_coverage_expansion,0,0
46115,fed,pm20_coverage_expansion,1.5,1.5
46119,fed,pm20_coverage_expansion,0,0
46123,fed,pm20_coverage_expansion,0,0
46125,fed,pm20_coverage_expansion,0,0
46127,fed,pm20_coverage_expansion,0,0
46135,fed,pm20_coverage_expansion,0,0
48009,fed,pm20_coverage_expansion,0,0
48017,fed,pm20_coverage_expansion,0,0
48065,fed,pm20_coverage_expansion,0,0
48069,fed,pm20_coverage_expansion,0,0
48111,fed,pm20_coverage_expansion,0,0
48117,fed,pm20_coverage_expansion,0,0
48149,fed,pm20_coverage_expansion,0,0
48177,fed,pm20_coverage_expansion,0,0
48189,fed,pm20_coverage_expansion,0,0
48195,fed,pm20_coverage_expansion,0,0
48205,fed,pm20_coverage_expansion,0,0
48211,fed,pm20_coverage_expansion,0,0
48253,fed,pm20_coverage_expansion,0,0
48277,fed,pm20_coverage_expansion,0,0
48303,fed,pm20_coverage_expansion,0,0
48325,fed,pm20_coverage_expansion,0,0
48341,fed,pm20_coverage_expansion,0,0
48357,fed,pm20_coverage_expansion,0,0
48359,fed,pm20_coverage_expansion,0,0
48369,fed,pm20_coverage_expansion,0,0
48375,fed,pm20_coverage_expansion,0,0
48381,fed,pm20_coverage_expansion,0,0
48421,fed,pm20_coverage_expansion,0,0
48463,fed,pm20_coverage_expansion,0,0
49003,fed,pm20_coverage_expansion,0,0
53021,fed,pm20_coverage_expansion,0,0
53037,fed,pm20_coverage_expansion,0,0
53071,fed,pm20_coverage_expansion,0,0
53077,fed,pm20_coverage_expansion,0,0
55019,fed,pm20_coverage_expansion,0,0
55023,fed,pm20_coverage_expansion,0,0
55025,fed,pm20_coverage_expansion,0,0
55027,fed,pm20_coverage_expansion,0,0
55043,fed,pm20_coverage_expansion,0,0
55045,fed,pm20_coverage_expansion,0,0
55049,fed,pm20_coverage_expansion,0,0
55065,fed,pm20_coverage_expansion,0,0
55087,fed,pm20_coverage_expansion,0,0
55093,fed,pm20_coverage_expansion,1.5,1.5
55105,fed,pm20_coverage_expansion,0,0
55111,fed,pm20_coverage_expansion,0,0
56015,fed,pm20_coverage_expansion,0,0
56027,fed,pm20_coverage_expansion,0,0
1001,feeder,pm20_coverage_expansion,0,0
1003,feeder,pm20_coverage_expansion,0,0
1011,feeder,pm20_coverage_expansion,0,0
1031,feeder,pm20_coverage_expansion,0,0
1039,feeder,pm20_coverage_expansion,1.5,1.5
1043,feeder,pm20_coverage_expansion,0,0
1047,feeder,pm20_coverage_expansion,0,0
1049,feeder,pm20_coverage_expansion,0,0
1055,feeder,pm20_coverage_expansion,0,0
1059,feeder,pm20_coverage_expansion,0,0
1061,feeder,pm20_coverage_expansion,0,0
1063,feeder,pm20_coverage_expansion,0,0
1065,feeder,pm20_coverage_expansion,0,0
1071,feeder,pm20_coverage_expansion,0,0
1077,feeder,pm20_coverage_expansion,0,0
1079,feeder,pm20_coverage_expansion,0,0
1083,feeder,pm20_coverage_expansion,0,0
1085,feeder,pm20_coverage_expansion,0,0
1091,feeder,pm20_coverage_expansion,0,0
1095,feeder,pm20_coverage_expansion,0,0
1099,feeder,pm20_coverage_expansion,0,0
1101,feeder,pm20_coverage_expansion,0,0
1107,feeder,pm20_coverage_expansion,0,0
1109,feeder,pm20_coverage_expansion,0,0
1131,feeder,pm20_coverage_expansion,0,0
4003,feeder,pm20_coverage_expansion,0,0
4009,feeder,pm20_coverage_expansion,0,0
4013,feeder,pm20_coverage_expansion,0,0
4017,feeder,pm20_coverage_expansion,0,0
4021,feeder,pm20_coverage_expansion,0,0
4025,feeder,pm20_coverage_expansion,0,0
5001,feeder,pm20_coverage_expansion,0,0
5007,feeder,pm20_coverage_expansion,0,0
5029,feeder,pm20_coverage_expansion,0,0
5063,feeder,pm20_coverage_expansion,0,0
5073,feeder,pm20_coverage_expansion,0,0
5081,feeder,pm20_coverage_expansion,0,0
5091,feeder,pm20_coverage_expansion,0,0
5121,feeder,pm20_coverage_expansion,0,0
5145,feeder,pm20_coverage_expansion,0,0
6011,feeder,pm20_coverage_expansion,0,0
6019,feeder,pm20_coverage_expansion,0,0
6021,feeder,pm20_coverage_expansion,0,0
6029,feeder,pm20_coverage_expansion,0,0
6031,feeder,pm20_coverage_expansion,0,0
6035,feeder,pm20_coverage_expansion,0,0
6039,feeder,pm20_coverage_expansion,0,0
6043,feeder,pm20_coverage_expansion,0,0
6047,feeder,pm20_coverage_expansion,0,0
6049,feeder,pm20_coverage_expansion,0,0
6053,feeder,pm20_coverage_expansion,0,0
6067,feeder,pm20_coverage_expansion,0,0
6079,feeder,pm20_coverage_expansion,0,0
6089,feeder,pm20_coverage_expansion,0,0
6095,feeder,pm20_coverage_expansion,0,0
6099,feeder,pm20_coverage_expansion,0,0
6103,feeder,pm20_coverage_expansion,0,0
6107,feeder,pm20_coverage_expansion,0,0
8003,feeder,pm20_coverage_expansion,0,0
8009,feeder,pm20_coverage_expansion,0,0
8011,feeder,pm20_coverage_expansion,0,0
8017,feeder,pm20_coverage_expansion,0,0
8021,feeder,pm20_coverage_expansion,0,0
8025,feeder,pm20_coverage_expansion,0,0
8029,feeder,pm20_coverage_expansion,0,0
8039,feeder,pm20_coverage_expansion,0,0
8041,feeder,pm20_coverage_expansion,0,0
8051,feeder,pm20_coverage_expansion,0,0
8061,feeder,pm20_coverage_expansion,1.5,1.5
8063,feeder,pm20_coverage_expansion,1.5,1.5
8067,feeder,pm20_coverage_expansion,0,0
8069,feeder,pm20_coverage_expansion,0,0
8071,feeder,pm20_coverage_expansion,0,0
8073,feeder,pm20_coverage_expansion,0,0
8075,feeder,pm20_coverage_expansion,0,0
8077,feeder,pm20_coverage_expansion,0,0
8081,feeder,pm20_coverage_expansion,0,0
8085,feeder,pm20_coverage_expansion,0,0
8087,feeder,pm20_coverage_expansion,0,0
8089,feeder,pm20_coverage_expansion,0,0
8095,feeder,pm20_coverage_expansion,0,0
8099,feeder,pm20_coverage_expansion,0,0
8101,feeder,pm20_coverage_expansion,0,0
8103,feeder,pm20_coverage_expansion,0,0
8105,feeder,pm20_coverage_expansion,0,0
8107,feeder,pm20_coverage_expansion,0,0
8109,feeder,pm20_coverage_expansion,0,0
8115,feeder,pm20_coverage_expansion,0,0
8121,feeder,pm20_coverage_expansion,0,0
8123,feeder,pm20_coverage_expansion,1.5,1.5
8125,feeder,pm20_coverage_expansion,1.5,1.5
12001,feeder,pm20_coverage_expansion,0,0
12049,feeder,pm20_coverage_expansion,0,0
12055,feeder,pm20_coverage_expansion,0,0
12063,feeder,pm20_coverage_expansion,0,0
12065,feeder,pm20_coverage_expansion,0,0
12075,feeder,pm20_coverage_expansion,0,0
12081,feeder,pm20_coverage_expansion,0,0
12093,feeder,pm20_coverage_expansion,0,0
12105,feeder,pm20_coverage_expansion,0,0
12119,feeder,pm20_coverage_expansion,0,0
13027,feeder,pm20_coverage_expansion,0,0
13031,feeder,pm20_coverage_expansion,0,0
13033,feeder,pm20_coverage_expansion,0,0
13071,feeder,pm20_coverage_expansion,0,0
13243,feeder,pm20_coverage_expansion,0,0
13295,feeder,pm20_coverage_expansion,0,0
13303,feeder,pm20_coverage_expansion,0,0
16001,feeder,pm20_coverage_expansion,0,0
16005,feeder,pm20_coverage_expansion,0,0
16007,feeder,pm20_coverage_expansion,0,0
16011,feeder,pm20_coverage_expansion,0,0
16019,feeder,pm20_coverage_expansion,0,0
16023,feeder,pm20_coverage_expansion,0,0
16027,feeder,pm20_coverage_expansion,0,0
16029,feeder,pm20_coverage_expansion,0,0
16031,feeder,pm20_coverage_expansion,0,0
16037,feeder,pm20_coverage_expansion,0,0
16039,feeder,pm20_coverage_expansion,0,0
16041,feeder,pm20_coverage_expansion,0,0
16049,feeder,pm20_coverage_expansion,0,0
16051,feeder,pm20_coverage_expansion,0,0
16053,feeder,pm20_coverage_expansion,0,0
16059,feeder,pm20_coverage_expansion,0,0
16061,feeder,pm20_coverage_expansion,0,0
16067,feeder,pm20_coverage_expansion,0,0
16069,feeder,pm20_coverage_expansion,0,0
16073,feeder,pm20_coverage_expansion,0,0
16075,feeder,pm20_coverage_expansion,0,0
16077,feeder,pm20_coverage_expansion,0,0
16083,feeder,pm20_coverage_expansion,1.5,1.5
16085,feeder,pm20_coverage_expansion,0,0
16087,feeder,pm20_coverage_expansion,0,0
17001,feeder,pm20_coverage_expansion,0,0
17007,feeder,pm20_coverage_expansion,0,0
17041,feeder,pm20_coverage_expansion,0,0
17057,feeder,pm20_coverage_expansion,0,0
17067,feeder,pm20_coverage_expansion,0,0
17071,feeder,pm20_coverage_expansion,0,0
17073,feeder,pm20_coverage_expansion,0,0
17081,feeder,pm20_coverage_expansion,0,0
17085,feeder,pm20_coverage_expansion,0,0
17109,feeder,pm20_coverage_expansion,0,0
17131,feeder,pm20_coverage_expansion,0,0
17141,feeder,pm20_coverage_expansion,0,0
17149,feeder,pm20_coverage_expansion,0,0
17161,feeder,pm20_coverage_expansion,0,0
17173,feeder,pm20_coverage_expansion,0,0
17187,feeder,pm20_coverage_expansion,0,0
17191,feeder,pm20_coverage_expansion,0,0
18017,feeder,pm20_coverage_expansion,0,0
18137,feeder,pm20_coverage_expansion,0,0
18167,feeder,pm20_coverage_expansion,0,0
18175,feeder,pm20_coverage_expansion,0,0
19001,feeder,pm20_coverage_expansion,0,0
19003,feeder,pm20_coverage_expansion,0,0
19005,feeder,pm20_coverage_expansion,0,0
19007,feeder,pm20_coverage_expansion,0,0
19009,feeder,pm20_coverage_expansion,0,0
19011,feeder,pm20_coverage_expansion,0,0
19013,feeder,pm20_coverage_expansion,0,0
19015,feeder,pm20_coverage_expansion,0,0
19019,feeder,pm20_coverage_expansion,0,0
19021,feeder,pm20_coverage_expansion,0,0
19025,feeder,pm20_coverage_expansion,0,0
19027,feeder,pm20_coverage_expansion,0,0
19029,feeder,pm20_coverage_expansion,0,0
19031,feeder,pm20_coverage_expansion,0,0
19033,feeder,pm20_coverage_expansion,0,0
19035,feeder,pm20_coverage_expansion,0,0
19037,feeder,pm20_coverage_expansion,0,0
19039,feeder,pm20_coverage_expansion,0,0
19041,feeder,pm20_coverage_expansion,0,0
19043,feeder,pm20_coverage_expansion,0,0
19045,feeder,pm20_coverage_expansion,0,0
19047,feeder,pm20_coverage_expansion,0,0
19049,feeder,pm20_coverage_expansion,0,0
19051,feeder,pm20_coverage_expansion,0,0
19053,feeder,pm20_coverage_expansion,1.5531914893617,1.55
19055,feeder,pm20_coverage_expansion,0,0
19057,feeder,pm20_coverage_expansion,0,0
19061,feeder,pm20_coverage_expansion,0,0
19063,feeder,pm20_coverage_expansion,0,0
19065,feeder,pm20_coverage_expansion,0,0
19071,feeder,pm20_coverage_expansion,0,0
19073,feeder,pm20_coverage_expansion,0,0
19075,feeder,pm20_coverage_expansion,0,0
19077,feeder,pm20_coverage_expansion,0,0
19079,feeder,pm20_coverage_expansion,0,0
19083,feeder,pm20_coverage_expansion,0,0
19085,feeder,pm20_coverage_expansion,0,0
19087,feeder,pm20_coverage_expansion,0,0
19089,feeder,pm20_coverage_expansion,0,0
19093,feeder,pm20_coverage_expansion,0,0
19095,feeder,pm20_coverage_expansion,0,0
19097,feeder,pm20_coverage_expansion,0,0
19099,feeder,pm20_coverage_expansion,0,0
19101,feeder,pm20_coverage_expansion,0,0
19103,feeder,pm20_coverage_expansion,0,0
19105,feeder,pm20_coverage_expansion,0,0
19107,feeder,pm20_coverage_expansion,0,0
19109,feeder,pm20_coverage_expansion,0,0
19111,feeder,pm20_coverage_expansion,0,0
19113,feeder,pm20_coverage_expansion,0,0
19115,feeder,pm20_coverage_expansion,0,0
19117,feeder,pm20_coverage_expansion,0,0
19119,feeder,pm20_coverage_expansion,0,0
19121,feeder,pm20_coverage_expansion,0,0
19123,feeder,pm20_coverage_expansion,0,0
19125,feeder,pm20_coverage_expansion,0,0
19127,feeder,pm20_coverage_expansion,0,0
19129,feeder,pm20_coverage_expansion,0,0
19131,feeder,pm20_coverage_expansion,0,0
19133,feeder,pm20_coverage_expansion,0,0
19135,feeder,pm20_coverage_expansion,0,0
19137,feeder,pm20_coverage_expansion,0,0
19141,feeder,pm20_coverage_expansion,1.5,1.5
19143,feeder,pm20_coverage_expansion,0,0
19145,feeder,pm20_coverage_expansion,0,0
19147,feeder,pm20_coverage_expansion,0,0
19149,feeder,pm20_coverage_expansion,0,0
19153,feeder,pm20_coverage_expansion,0,0
19155,feeder,pm20_coverage_expansion,0,0
19157,feeder,pm20_coverage_expansion,0,0
19159,feeder,pm20_coverage_expansion,0,0
19161,feeder,pm20_coverage_expansion,0,0
19165,feeder,pm20_coverage_expansion,0,0
19167,feeder,pm20_coverage_expansion,0,0
19169,feeder,pm20_coverage_expansion,0,0
19171,feeder,pm20_coverage_expansion,0,0
19173,feeder,pm20_coverage_expansion,0,0
19175,feeder,pm20_coverage_expansion,0,0
19177,feeder,pm20_coverage_expansion,0,0
19179,feeder,pm20_coverage_expansion,0,0
19181,feeder,pm20_coverage_expansion,0,0
19183,feeder,pm20_coverage_expansion,0,0
19185,feeder,pm20_coverage_expansion,0,0
19187,feeder,pm20_coverage_expansion,0,0
19191,feeder,pm20_coverage_expansion,1.5,1.5
19193,feeder,pm20_coverage_expansion,0,0
20001,feeder,pm20_coverage_expansion,0,0
20003,feeder,pm20_coverage_expansion,0,0
20005,feeder,pm20_coverage_expansion,0,0
20007,feeder,pm20_coverage_expansion,1.5,1.5
20009,feeder,pm20_coverage_expansion,0,0
20011,feeder,pm20_coverage_expansion,0,0
20013,feeder,pm20_coverage_expansion,0,0
20015,feeder,pm20_coverage_expansion,0,0
20017,feeder,pm20_coverage_expansion,0,0
20019,feeder,pm20_coverage_expansion,0,0
20021,feeder,pm20_coverage_expansion,0,0
20023,feeder,pm20_coverage_expansion,0,0
20025,feeder,pm20_coverage_expansion,0,0
20027,feeder,pm20_coverage_expansion,1.5,1.5
20029,feeder,pm20_coverage_expansion,1.5,1.5
20031,feeder,pm20_coverage_expansion,0,0
20033,feeder,pm20_coverage_expansion,0,0
20035,feeder,pm20_coverage_expansion,0,0
20037,feeder,pm20_coverage_expansion,0,0
20039,feeder,pm20_coverage_expansion,0,0
20041,feeder,pm20_coverage_expansion,1.5,1.5
20045,feeder,pm20_coverage_expansion,0,0
20047,feeder,pm20_coverage_expansion,0,0
20049,feeder,pm20_coverage_expansion,0,0
20051,feeder,pm20_coverage_expansion,1.5,1.5
20053,feeder,pm20_coverage_expansion,0,0
20055,feeder,pm20_coverage_expansion,0,0
20057,feeder,pm20_coverage_expansion,1.5,1.5
20059,feeder,pm20_coverage_expansion,0,0
20061,feeder,pm20_coverage_expansion,1.5,1.5
20063,feeder,pm20_coverage_expansion,1.5,1.5
20065,feeder,pm20_coverage_expansion,0,0
20067,feeder,pm20_coverage_expansion,0,0
20069,feeder,pm20_coverage_expansion,1.5,1.5
20071,feeder,pm20_coverage_expansion,0,0
20073,feeder,pm20_coverage_expansion,0,0
20075,feeder,pm20_coverage_expansion,0,0
20077,feeder,pm20_coverage_expansion,1.5,1.5
20079,feeder,pm20_coverage_expansion,1.5,1.5
20081,feeder,pm20_coverage_expansion,0,0
20083,feeder,pm20_coverage_expansion,1.5,1.5
20085,feeder,pm20_coverage_expansion,0,0
20087,feeder,pm20_coverage_expansion,0,0
20089,feeder,pm20_coverage_expansion,0,0
20091,feeder,pm20_coverage_expansion,0,0
20093,feeder,pm20_coverage_expansion,0,0
20095,feeder,pm20_coverage_expansion,0,0
20097,feeder,pm20_coverage_expansion,0,0
20099,feeder,pm20_coverage_expansion,0,0
20101,feeder,pm20_coverage_expansion,0,0
20105,feeder,pm20_coverage_expansion,1.5,1.5
20107,feeder,pm20_coverage_expansion,0,0
20109,feeder,pm20_coverage_expansion,0,0
20111,feeder,pm20_coverage_expansion,0,0
20113,feeder,pm20_coverage_expansion,1.5,1.5
20115,feeder,pm20_coverage_expansion,1.5,1.5
20117,feeder,pm20_coverage_expansion,1.5,1.5
20119,feeder,pm20_coverage_expansion,1.5,1.5
20121,feeder,pm20_coverage_expansion,0,0
20123,feeder,pm20_coverage_expansion,1.5,1.5
20125,feeder,pm20_coverage_expansion,0,0
20127,feeder,pm20_coverage_expansion,1.5,1.5
20129,feeder,pm20_coverage_expansion,0,0
20131,feeder,pm20_coverage_expansion,1.5,1.5
20133,feeder,pm20_coverage_expansion,0,0
20135,feeder,pm20_coverage_expansion,0,0
20137,feeder,pm20_coverage_expansion,0,0
20139,feeder,pm20_coverage_expansion,0,0
20141,feeder,pm20_coverage_expansion,1.5,1.5
20143,feeder,pm20_coverage_expansion,0,0
20145,feeder,pm20_coverage_expansion,0,0
20147,feeder,pm20_coverage_expansion,1.5,1.5
20149,feeder,pm20_coverage_expansion,0,0
20151,feeder,pm20_coverage_expansion,0,0
20153,feeder,pm20_coverage_expansion,0,0
20155,feeder,pm20_coverage_expansion,0,0
20157,feeder,pm20_coverage_expansion,0,0
20159,feeder,pm20_coverage_expansion,0,0
20161,feeder,pm20_coverage_expansion,0,0
20163,feeder,pm20_coverage_expansion,1.5,1.5
20165,feeder,pm20_coverage_expansion,0,0
20167,feeder,pm20_coverage_expansion,0,0
20169,feeder,pm20_coverage_expansion,1.5,1.5
20171,feeder,pm20_coverage_expansion,0,0
20173,feeder,pm20_coverage_expansion,1.5,1.5
20175,feeder,pm20_coverage_expansion,0,0
20177,feeder,pm20_coverage_expansion,0,0
20179,feeder,pm20_coverage_expansion,0,0
20181,feeder,pm20_coverage_expansion,0,0
20183,feeder,pm20_coverage_expansion,1.5,1.5
20185,feeder,pm20_coverage_expansion,0,0
20187,feeder,pm20_coverage_expansion,0,0
20189,feeder,pm20_coverage_expansion,0,0
20191,feeder,pm20_coverage_expansion,1.5,1.5
20193,feeder,pm20_coverage_expansion,0,0
20195,feeder,pm20_coverage_expansion,0,0
20197,feeder,pm20_coverage_expansion,0,0
20199,feeder,pm20_coverage_expansion,0,0
20201,feeder,pm20_coverage_expansion,1.5,1.5
20203,feeder,pm20_coverage_expansion,0,0
20205,feeder,pm20_coverage_expansion,0,0
20207,feeder,pm20_coverage_expansion,0,0
21001,feeder,pm20_coverage_expansion,0,0
21003,feeder,pm20_coverage_expansion,0,0
21009,feeder,pm20_coverage_expansion,1.5,1.5
21011,feeder,pm20_coverage_expansion,0,0
21017,feeder,pm20_coverage_expansion,0,0
21021,feeder,pm20_coverage_expansion,0,0
21027,feeder,pm20_coverage_expansion,0,0
21033,feeder,pm20_coverage_expansion,0,0
21035,feeder,pm20_coverage_expansion,0,0
21045,feeder,pm20_coverage_expansion,0,0
21047,feeder,pm20_coverage_expansion,0,0
21049,feeder,pm20_coverage_expansion,0,0
21057,feeder,pm20_coverage_expansion,0,0
21067,feeder,pm20_coverage_expansion,0,0
21069,feeder,pm20_coverage_expansion,0,0
21073,feeder,pm20_coverage_expansion,0,0
21079,feeder,pm20_coverage_expansion,0,0
21085,feeder,pm20_coverage_expansion,0,0
21087,feeder,pm20_coverage_expansion,0,0
21093,feeder,pm20_coverage_expansion,0,0
21097,feeder,pm20_coverage_expansion,0,0
21103,feeder,pm20_coverage_expansion,0,0
21123,feeder,pm20_coverage_expansion,0,0
21137,feeder,pm20_coverage_expansion,0,0
21141,feeder,pm20_coverage_expansion,0,0
21149,feeder,pm20_coverage_expansion,0,0
21151,feeder,pm20_coverage_expansion,0,0
21155,feeder,pm20_coverage_expansion,0,0
21161,feeder,pm20_coverage_expansion,0,0
21163,feeder,pm20_coverage_expansion,0,0
21167,feeder,pm20_coverage_expansion,0,0
21169,feeder,pm20_coverage_expansion,0,0
21171,feeder,pm20_coverage_expansion,0,0
21173,feeder,pm20_coverage_expansion,0,0
21179,feeder,pm20_coverage_expansion,0,0
21181,feeder,pm20_coverage_expansion,0,0
21183,feeder,pm20_coverage_expansion,0,0
21199,feeder,pm20_coverage_expansion,0,0
21207,feeder,pm20_coverage_expansion,0,0
21209,feeder,pm20_coverage_expansion,0,0
21211,feeder,pm20_coverage_expansion,0,0
21217,feeder,pm20_coverage_expansion,0,0
21219,feeder,pm20_coverage_expansion,0,0
21221,feeder,pm20_coverage_expansion,0,0
21229,feeder,pm20_coverage_expansion,0,0
21231,feeder,pm20_coverage_expansion,0,0
21239,feeder,pm20_coverage_expansion,0,0
22069,feeder,pm20_coverage_expansion,0,0
24035,feeder,pm20_coverage_expansion,0,0
26057,feeder,pm20_coverage_expansion,0,0
27005,feeder,pm20_coverage_expansion,0,0
27007,feeder,pm20_coverage_expansion,0,0
27009,feeder,pm20_coverage_expansion,0,0
27015,feeder,pm20_coverage_expansion,0,0
27021,feeder,pm20_coverage_expansion,0,0
27027,feeder,pm20_coverage_expansion,0,0
27029,feeder,pm20_coverage_expansion,0,0
27035,feeder,pm20_coverage_expansion,0,0
27041,feeder,pm20_coverage_expansion,0,0
27045,feeder,pm20_coverage_expansion,0,0
27047,feeder,pm20_coverage_expansion,0,0
27055,feeder,pm20_coverage_expansion,0,0
27057,feeder,pm20_coverage_expansion,0,0
27069,feeder,pm20_coverage_expansion,0,0
27073,feeder,pm20_coverage_expansion,0,0
27081,feeder,pm20_coverage_expansion,0,0
27083,feeder,pm20_coverage_expansion,0,0
27087,feeder,pm20_coverage_expansion,0,0
27089,feeder,pm20_coverage_expansion,0,0
27091,feeder,pm20_coverage_expansion,0,0
27097,feeder,pm20_coverage_expansion,1.5,1.5
27101,feeder,pm20_coverage_expansion,0,0
27105,feeder,pm20_coverage_expansion,0,0
27107,feeder,pm20_coverage_expansion,0,0
27109,feeder,pm20_coverage_expansion,0,0
27111,feeder,pm20_coverage_expansion,0,0
27113,feeder,pm20_coverage_expansion,0,0
27117,feeder,pm20_coverage_expansion,0,0
27119,feeder,pm20_coverage_expansion,1.5,1.5
27121,feeder,pm20_coverage_expansion,0,0
27127,feeder,pm20_coverage_expansion,0,0
27133,feeder,pm20_coverage_expansion,0,0
27135,feeder,pm20_coverage_expansion,0,0
27145,feeder,pm20_coverage_expansion,0,0
27149,feeder,pm20_coverage_expansion,0,0
27153,feeder,pm20_coverage_expansion,0,0
27155,feeder,pm20_coverage_expansion,0,0
27157,feeder,pm20_coverage_expansion,0,0
27159,feeder,pm20_coverage_expansion,0,0
27165,feeder,pm20_coverage_expansion,0,0
27169,feeder,pm20_coverage_expansion,0,0
27171,feeder,pm20_coverage_expansion,0,0
27173,feeder,pm20_coverage_expansion,0,0
28017,feeder,pm20_coverage_expansion,0,0
28025,feeder,pm20_coverage_expansion,0,0
28031,feeder,pm20_coverage_expansion,0,0
28103,feeder,pm20_coverage_expansion,0,0
28107,feeder,pm20_coverage_expansion,0,0
28155,feeder,pm20_coverage_expansion,0,0
29001,feeder,pm20_coverage_expansion,0,0
29003,feeder,pm20_coverage_expansion,0,0
29005,feeder,pm20_coverage_expansion,0,0
29007,feeder,pm20_coverage_expansion,0,0
29009,feeder,pm20_coverage_expansion,1.5,1.5
29011,feeder,pm20_coverage_expansion,0,0
29013,feeder,pm20_coverage_expansion,0,0
29015,feeder,pm20_coverage_expansion,1.5,1.5
29017,feeder,pm20_coverage_expansion,0,0
29019,feeder,pm20_coverage_expansion,0,0
29021,feeder,pm20_coverage_expansion,0,0
29025,feeder,pm20_coverage_expansion,0,0
29027,feeder,pm20_coverage_expansion,1.5,1.5
29031,feeder,pm20_coverage_expansion,0,0
29033,feeder,pm20_coverage_expansion,0,0
29037,feeder,pm20_coverage_expansion,0,0
29039,feeder,pm20_coverage_expansion,1.5,1.5
29041,feeder,pm20_coverage_expansion,0,0
29043,feeder,pm20_coverage_expansion,0,0
29045,feeder,pm20_coverage_expansion,0,0
29047,feeder,pm20_coverage_expansion,0,0
29049,feeder,pm20_coverage_expansion,0,0
29051,feeder,pm20_coverage_expansion,0,0
29053,feeder,pm20_coverage_expansion,1.5,1.5
29057,feeder,pm20_coverage_expansion,0,0
29059,feeder,pm20_coverage_expansion,0,0
29061,feeder,pm20_coverage_expansion,0,0
29063,feeder,pm20_coverage_expansion,1.5,1.5
29071,feeder,pm20_coverage_expansion,0,0
29073,feeder,pm20_coverage_expansion,0,0
29075,feeder,pm20_coverage_expansion,1.5,1.5
29077,feeder,pm20_coverage_expansion,0,0
29079,feeder,pm20_coverage_expansion,0,0
29081,feeder,pm20_coverage_expansion,1.5,1.5
29083,feeder,pm20_coverage_expansion,0,0
29085,feeder,pm20_coverage_expansion,0,0
29089,feeder,pm20_coverage_expansion,0,0
29091,feeder,pm20_coverage_expansion,0,0
29097,feeder,pm20_coverage_expansion,0,0
29101,feeder,pm20_coverage_expansion,0,0
29103,feeder,pm20_coverage_expansion,0,0
29105,feeder,pm20_coverage_expansion,0,0
29107,feeder,pm20_coverage_expansion,1.5,1.5
29109,feeder,pm20_coverage_expansion,0,0
29111,feeder,pm20_coverage_expansion,0,0
29115,feeder,pm20_coverage_expansion,0,0
29117,feeder,pm20_coverage_expansion,0,0
29119,feeder,pm20_coverage_expansion,0,0
29121,feeder,pm20_coverage_expansion,0,0
29125,feeder,pm20_coverage_expansion,0,0
29127,feeder,pm20_coverage_expansion,0,0
29129,feeder,pm20_coverage_expansion,0,0
29135,feeder,pm20_coverage_expansion,1.5,1.5
29137,feeder,pm20_coverage_expansion,0,0
29141,feeder,pm20_coverage_expansion,1.5,1.5
29145,feeder,pm20_coverage_expansion,0,0
29147,feeder,pm20_coverage_expansion,0,0
29151,feeder,pm20_coverage_expansion,0,0
29157,feeder,pm20_coverage_expansion,0,0
29159,feeder,pm20_coverage_expansion,0,0
29163,feeder,pm20_coverage_expansion,0,0
29167,feeder,pm20_coverage_expansion,0,0
29171,feeder,pm20_coverage_expansion,1.5,1.5
29173,feeder,pm20_coverage_expansion,0,0
29175,feeder,pm20_coverage_expansion,0,0
29177,feeder,pm20_coverage_expansion,0,0
29185,feeder,pm20_coverage_expansion,0,0
29186,feeder,pm20_coverage_expansion,0,0
29195,feeder,pm20_coverage_expansion,0,0
29197,feeder,pm20_coverage_expansion,0,0
29199,feeder,pm20_coverage_expansion,0,0
29201,feeder,pm20_coverage_expansion,0,0
29205,feeder,pm20_coverage_expansion,0,0
29207,feeder,pm20_coverage_expansion,0,0
29211,feeder,pm20_coverage_expansion,0,0
29215,feeder,pm20_coverage_expansion,0,0
29217,feeder,pm20_coverage_expansion,0,0
29223,feeder,pm20_coverage_expansion,0,0
29225,feeder,pm20_coverage_expansion,0,0
29227,feeder,pm20_coverage_expansion,0,0
29229,feeder,pm20_coverage_expansion,0,0
30001,feeder,pm20_coverage_expansion,0,0
30003,feeder,pm20_coverage_expansion,0,0
30005,feeder,pm20_coverage_expansion,0,0
30007,feeder,pm20_coverage_expansion,0,0
30009,feeder,pm20_coverage_expansion,0,0
30011,feeder,pm20_coverage_expansion,0,0
30013,feeder,pm20_coverage_expansion,0,0
30015,feeder,pm20_coverage_expansion,0,0
30017,feeder,pm20_coverage_expansion,0,0
30021,feeder,pm20_coverage_expansion,0,0
30025,feeder,pm20_coverage_expansion,0,0
30027,feeder,pm20_coverage_expansion,0,0
30031,feeder,pm20_coverage_expansion,0,0
30033,feeder,pm20_coverage_expansion,0,0
30035,feeder,pm20_coverage_expansion,0,0
30037,feeder,pm20_coverage_expansion,0,0
30041,feeder,pm20_coverage_expansion,0,0
30045,feeder,pm20_coverage_expansion,0,0
30047,feeder,pm20_coverage_expansion,0,0
30049,feeder,pm20_coverage_expansion,0,0
30051,feeder,pm20_coverage_expansion,0,0
30055,feeder,pm20_coverage_expansion,0,0
30057,feeder,pm20_coverage_expansion,0,0
30065,feeder,pm20_coverage_expansion,0,0
30069,feeder,pm20_coverage_expansion,0,0
30071,feeder,pm20_coverage_expansion,1.5,1.5
30073,feeder,pm20_coverage_expansion,0,0
30075,feeder,pm20_coverage_expansion,0,0
30079,feeder,pm20_coverage_expansion,0,0
30083,feeder,pm20_coverage_expansion,0,0
30085,feeder,pm20_coverage_expansion,0,0
30087,feeder,pm20_coverage_expansion,0,0
30091,feeder,pm20_coverage_expansion,0,0
30095,feeder,pm20_coverage_expansion,0,0
30097,feeder,pm20_coverage_expansion,0,0
30099,feeder,pm20_coverage_expansion,0,0
30101,feeder,pm20_coverage_expansion,0,0
30105,feeder,pm20_coverage_expansion,0,0
30107,feeder,pm20_coverage_expansion,0,0
30109,feeder,pm20_coverage_expansion,0,0
30111,feeder,pm20_coverage_expansion,0,0
31001,feeder,pm20_coverage_expansion,1.5,1.5
31003,feeder,pm20_coverage_expansion,1.5,1.5
31005,feeder,pm20_coverage_expansion,0,0
31007,feeder,pm20_coverage_expansion,0,0
31009,feeder,pm20_coverage_expansion,0,0
31011,feeder,pm20_coverage_expansion,0,0
31013,feeder,pm20_coverage_expansion,0,0
31015,feeder,pm20_coverage_expansion,0,0
31017,feeder,pm20_coverage_expansion,0,0
31019,feeder,pm20_coverage_expansion,1.5,1.5
31021,feeder,pm20_coverage_expansion,0,0
31023,feeder,pm20_coverage_expansion,0,0
31027,feeder,pm20_coverage_expansion,1.5,1.5
31029,feeder,pm20_coverage_expansion,1.5,1.5
31031,feeder,pm20_coverage_expansion,1.5,1.5
31033,feeder,pm20_coverage_expansion,0,0
31035,feeder,pm20_coverage_expansion,1.5,1.5
31037,feeder,pm20_coverage_expansion,0,0
31039,feeder,pm20_coverage_expansion,0,0
31041,feeder,pm20_coverage_expansion,1.5,1.5
31045,feeder,pm20_coverage_expansion,1.5,1.5
31047,feeder,pm20_coverage_expansion,1.5,1.5
31049,feeder,pm20_coverage_expansion,0,0
31051,feeder,pm20_coverage_expansion,1.5,1.5
31053,feeder,pm20_coverage_expansion,0,0
31057,feeder,pm20_coverage_expansion,1.5,1.5
31059,feeder,pm20_coverage_expansion,0,0
31061,feeder,pm20_coverage_expansion,0,0
31063,feeder,pm20_coverage_expansion,1.5,1.5
31065,feeder,pm20_coverage_expansion,1.5,1.5
31067,feeder,pm20_coverage_expansion,0,0
31069,feeder,pm20_coverage_expansion,1.5,1.5
31071,feeder,pm20_coverage_expansion,0,0
31073,feeder,pm20_coverage_expansion,1.5,1.5
31077,feeder,pm20_coverage_expansion,0,0
31079,feeder,pm20_coverage_expansion,1.5,1.5
31081,feeder,pm20_coverage_expansion,0,0
31083,feeder,pm20_coverage_expansion,1.5,1.5
31085,feeder,pm20_coverage_expansion,1.5,1.5
31087,feeder,pm20_coverage_expansion,0,0
31089,feeder,pm20_coverage_expansion,0,0
31093,feeder,pm20_coverage_expansion,1.5,1.5
31095,feeder,pm20_coverage_expansion,1.5,1.5
31097,feeder,pm20_coverage_expansion,1.5,1.5
31099,feeder,pm20_coverage_expansion,0,0
31101,feeder,pm20_coverage_expansion,0,0
31103,feeder,pm20_coverage_expansion,0,0
31105,feeder,pm20_coverage_expansion,1.5,1.5
31107,feeder,pm20_coverage_expansion,0,0
31109,feeder,pm20_coverage_expansion,0,0
31111,feeder,pm20_coverage_expansion,1.5,1.5
31113,feeder,pm20_coverage_expansion,1.5,1.5
31115,feeder,pm20_coverage_expansion,0,0
31117,feeder,pm20_coverage_expansion,0,0
31119,feeder,pm20_coverage_expansion,1.5,1.5
31121,feeder,pm20_coverage_expansion,0,0
31123,feeder,pm20_coverage_expansion,1.5,1.5
31125,feeder,pm20_coverage_expansion,0,0
31127,feeder,pm20_coverage_expansion,0,0
31129,feeder,pm20_coverage_expansion,1.5,1.5
31131,feeder,pm20_coverage_expansion,0,0
31133,feeder,pm20_coverage_expansion,0,0
31135,feeder,pm20_coverage_expansion,1.5,1.5
31137,feeder,pm20_coverage_expansion,1.5,1.5
31139,feeder,pm20_coverage_expansion,0,0
31141,feeder,pm20_coverage_expansion,1.5,1.5
31143,feeder,pm20_coverage_expansion,0,0
31145,feeder,pm20_coverage_expansion,1.5,1.5
31147,feeder,pm20_coverage_expansion,0,0
31149,feeder,pm20_coverage_expansion,0,0
31151,feeder,pm20_coverage_expansion,0,0
31155,feeder,pm20_coverage_expansion,0,0
31157,feeder,pm20_coverage_expansion,0,0
31159,feeder,pm20_coverage_expansion,1.5,1.5
31161,feeder,pm20_coverage_expansion,1.5,1.5
31163,feeder,pm20_coverage_expansion,1.5,1.5
31165,feeder,pm20_coverage_expansion,1.5,1.5
31167,feeder,pm20_coverage_expansion,0,0
31169,feeder,pm20_coverage_expansion,1.5,1.5
31171,feeder,pm20_coverage_expansion,0,0
31173,feeder,pm20_coverage_expansion,0,0
31175,feeder,pm20_coverage_expansion,0,0
31177,feeder,pm20_coverage_expansion,0,0
31179,feeder,pm20_coverage_expansion,0,0
31181,feeder,pm20_coverage_expansion,1.5,1.5
31183,feeder,pm20_coverage_expansion,0,0
31185,feeder,pm20_coverage_expansion,0,0
32001,feeder,pm20_coverage_expansion,0,0
32007,feeder,pm20_coverage_expansion,0,0
32013,feeder,pm20_coverage_expansion,0,0
32019,feeder,pm20_coverage_expansion,0,0
32033,feeder,pm20_coverage_expansion,0,0
35005,feeder,pm20_coverage_expansion,0,0
35006,feeder,pm20_coverage_expansion,0,0
35007,feeder,pm20_coverage_expansion,0,0
35009,feeder,pm20_coverage_expansion,0,0
35011,feeder,pm20_coverage_expansion,0,0
35015,feeder,pm20_coverage_expansion,0,0
35017,feeder,pm20_coverage_expansion,0,0
35019,feeder,pm20_coverage_expansion,0,0
35021,feeder,pm20_coverage_expansion,0,0
35025,feeder,pm20_coverage_expansion,0,0
35035,feeder,pm20_coverage_expansion,0,0
35037,feeder,pm20_coverage_expansion,0,0
35041,feeder,pm20_coverage_expansion,0,0
35047,feeder,pm20_coverage_expansion,0,0
35051,feeder,pm20_coverage_expansion,0,0
35053,feeder,pm20_coverage_expansion,0,0
35057,feeder,pm20_coverage_expansion,0,0
35059,feeder,pm20_coverage_expansion,0,0
36011,feeder,pm20_coverage_expansion,0,0
37035,feeder,pm20_coverage_expansion,0,0
37045,feeder,pm20_coverage_expansion,0,0
37061,feeder,pm20_coverage_expansion,0,0
37179,feeder,pm20_coverage_expansion,0,0
38001,feeder,pm20_coverage_expansion,1.5,1.5
38003,feeder,pm20_coverage_expansion,0,0
38005,feeder,pm20_coverage_expansion,0,0
38007,feeder,pm20_coverage_expansion,1.5,1.5
38009,feeder,pm20_coverage_expansion,0,0
38011,feeder,pm20_coverage_expansion,1.5,1.5
38015,feeder,pm20_coverage_expansion,1.5,1.5
38017,feeder,pm20_coverage_expansion,0,0
38019,feeder,pm20_coverage_expansion,0,0
38021,feeder,pm20_coverage_expansion,1.5,1.5
38023,feeder,pm20_coverage_expansion,0,0
38025,feeder,pm20_coverage_expansion,1.5,1.5
38027,feeder,pm20_coverage_expansion,0,0
38029,feeder,pm20_coverage_expansion,0,0
38031,feeder,pm20_coverage_expansion,0,0
38033,feeder,pm20_coverage_expansion,1.5,1.5
38035,feeder,pm20_coverage_expansion,0,0
38037,feeder,pm20_coverage_expansion,0,0
38039,feeder,pm20_coverage_expansion,0,0
38041,feeder,pm20_coverage_expansion,1.5,1.5
38043,feeder,pm20_coverage_expansion,1.5,1.5
38045,feeder,pm20_coverage_expansion,1.5,1.5
38047,feeder,pm20_coverage_expansion,1.5,1.5
38049,feeder,pm20_coverage_expansion,1.5,1.5
38051,feeder,pm20_coverage_expansion,0,0
38053,feeder,pm20_coverage_expansion,1.5,1.5
38055,feeder,pm20_coverage_expansion,1.5,1.5
38057,feeder,pm20_coverage_expansion,1.5,1.5
38059,feeder,pm20_coverage_expansion,1.5,1.5
38061,feeder,pm20_coverage_expansion,0,0
38063,feeder,pm20_coverage_expansion,0,0
38065,feeder,pm20_coverage_expansion,1.5,1.5
38067,feeder,pm20_coverage_expansion,0,0
38069,feeder,pm20_coverage_expansion,0,0
38071,feeder,pm20_coverage_expansion,0,0
38073,feeder,pm20_coverage_expansion,0,0
38075,feeder,pm20_coverage_expansion,0,0
38077,feeder,pm20_coverage_expansion,1.5,1.5
38079,feeder,pm20_coverage_expansion,0,0
38081,feeder,pm20_coverage_expansion,1.5,1.5
38083,feeder,pm20_coverage_expansion,0,0
38085,feeder,pm20_coverage_expansion,0,0
38087,feeder,pm20_coverage_expansion,1.5,1.5
38089,feeder,pm20_coverage_expansion,1.5,1.5
38091,feeder,pm20_coverage_expansion,0,0
38093,feeder,pm20_coverage_expansion,1.5,1.5
38095,feeder,pm20_coverage_expansion,0,0
38099,feeder,pm20_coverage_expansion,0,0
38101,feeder,pm20_coverage_expansion,1.5,1.5
38103,feeder,pm20_coverage_expansion,1.5,1.5
38105,feeder,pm20_coverage_expansion,0,0
39023,feeder,pm20_coverage_expansion,0,0
39053,feeder,pm20_coverage_expansion,0,0
39079,feeder,pm20_coverage_expansion,0,0
39107,feeder,pm20_coverage_expansion,0,0
39119,feeder,pm20_coverage_expansion,0,0
40003,feeder,pm20_coverage_expansion,0,0
40007,feeder,pm20_coverage_expansion,0,0
40009,feeder,pm20_coverage_expansion,0,0
40011,feeder,pm20_coverage_expansion,0,0
40013,feeder,pm20_coverage_expansion,0,0
40015,feeder,pm20_coverage_expansion,0,0
40017,feeder,pm20_coverage_expansion,0,0
40019,feeder,pm20_coverage_expansion,0,0
40023,feeder,pm20_coverage_expansion,0,0
40025,feeder,pm20_coverage_expansion,0,0
40031,feeder,pm20_coverage_expansion,0,0
40033,feeder,pm20_coverage_expansion,0,0
40035,feeder,pm20_coverage_expansion,0,0
40039,feeder,pm20_coverage_expansion,0,0
40041,feeder,pm20_coverage_expansion,0,0
40043,feeder,pm20_coverage_expansion,0,0
40045,feeder,pm20_coverage_expansion,0,0
40047,feeder,pm20_coverage_expansion,1.5,1.5
40049,feeder,pm20_coverage_expansion,0,0
40051,feeder,pm20_coverage_expansion,0,0
40053,feeder,pm20_coverage_expansion,1.5,1.5
40055,feeder,pm20_coverage_expansion,0,0
40057,feeder,pm20_coverage_expansion,1.5,1.5
40059,feeder,pm20_coverage_expansion,0,0
40065,feeder,pm20_coverage_expansion,0,0
40067,feeder,pm20_coverage_expansion,0,0
40071,feeder,pm20_coverage_expansion,1.5,1.5
40073,feeder,pm20_coverage_expansion,1.5,1.5
40075,feeder,pm20_coverage_expansion,0,0
40079,feeder,pm20_coverage_expansion,0,0
40081,feeder,pm20_coverage_expansion,0,0
40083,feeder,pm20_coverage_expansion,0,0
40087,feeder,pm20_coverage_expansion,0,0
40089,feeder,pm20_coverage_expansion,0,0
40093,feeder,pm20_coverage_expansion,0,0
40097,feeder,pm20_coverage_expansion,0,0
40101,feeder,pm20_coverage_expansion,0,0
40103,feeder,pm20_coverage_expansion,1.5,1.5
40105,feeder,pm20_coverage_expansion,0,0
40109,feeder,pm20_coverage_expansion,0,0
40113,feeder,pm20_coverage_expansion,0,0
40115,feeder,pm20_coverage_expansion,0,0
40117,feeder,pm20_coverage_expansion,0,0
40119,feeder,pm20_coverage_expansion,0,0
40129,feeder,pm20_coverage_expansion,0,0
40131,feeder,pm20_coverage_expansion,0,0
40137,feeder,pm20_coverage_expansion,0,0
40139,feeder,pm20_coverage_expansion,0,0
40141,feeder,pm20_coverage_expansion,1.5,1.5
40147,feeder,pm20_coverage_expansion,0,0
40149,feeder,pm20_coverage_expansion,0,0
40151,feeder,pm20_coverage_expansion,0,0
40153,feeder,pm20_coverage_expansion,0,0
41001,feeder,pm20_coverage_expansion,0,0
41013,feeder,pm20_coverage_expansion,0,0
41015,feeder,pm20_coverage_expansion,0,0
41019,feeder,pm20_coverage_expansion,0,0
41023,feeder,pm20_coverage_expansion,0,0
41025,feeder,pm20_coverage_expansion,0,0
41031,feeder,pm20_coverage_expansion,0,0
41035,feeder,pm20_coverage_expansion,0,0
41037,feeder,pm20_coverage_expansion,0,0
41043,feeder,pm20_coverage_expansion,0,0
41045,feeder,pm20_coverage_expansion,0,0
41049,feeder,pm20_coverage_expansion,0,0
41059,feeder,pm20_coverage_expansion,0,0
41061,feeder,pm20_coverage_expansion,0,0
41063,feeder,pm20_coverage_expansion,0,0
41065,feeder,pm20_coverage_expansion,0,0
45025,feeder,pm20_coverage_expansion,0,0
45091,feeder,pm20_coverage_expansion,0,0
46003,feeder,pm20_coverage_expansion,1.5,1.5
46005,feeder,pm20_coverage_expansion,1.5,1.5
46007,feeder,pm20_coverage_expansion,0,0
46009,feeder,pm20_coverage_expansion,1.5,1.5
46011,feeder,pm20_coverage_expansion,1.5,1.5
46013,feeder,pm20_coverage_expansion,1.5,1.5
46015,feeder,pm20_coverage_expansion,0,0
46017,feeder,pm20_coverage_expansion,0,0
46019,feeder,pm20_coverage_expansion,1.5,1.5
46021,feeder,pm20_coverage_expansion,1.5,1.5
46023,feeder,pm20_coverage_expansion,1.5,1.5
46025,feeder,pm20_coverage_expansion,1.5,1.5
46027,feeder,pm20_coverage_expansion,0,0
46029,feeder,pm20_coverage_expansion,0,0
46031,feeder,pm20_coverage_expansion,1.5,1.5
46033,feeder,pm20_coverage_expansion,1.5,1.5
46035,feeder,pm20_coverage_expansion,1.5,1.5
46037,feeder,pm20_coverage_expansion,0,0
46039,feeder,pm20_coverage_expansion,0,0
46041,feeder,pm20_coverage_expansion,0,0
46043,feeder,pm20_coverage_expansion,1.5,1.5
46045,feeder,pm20_coverage_expansion,1.5,1.5
46047,feeder,pm20_coverage_expansion,1.5,1.5
46049,feeder,pm20_coverage_expansion,1.5,1.5
46051,feeder,pm20_coverage_expansion,1.5,1.5
46053,feeder,pm20_coverage_expansion,1.5,1.5
46055,feeder,pm20_coverage_expansion,1.5,1.5
46057,feeder,pm20_coverage_expansion,0,0
46059,feeder,pm20_coverage_expansion,1.5,1.5
46061,feeder,pm20_coverage_expansion,0,0
46063,feeder,pm20_coverage_expansion,1.5,1.5
46065,feeder,pm20_coverage_expansion,1.5,1.5
46067,feeder,pm20_coverage_expansion,0,0
46069,feeder,pm20_coverage_expansion,1.5,1.5
46071,feeder,pm20_coverage_expansion,1.5,1.5
46073,feeder,pm20_coverage_expansion,1.5,1.5
46075,feeder,pm20_coverage_expansion,0,0
46077,feeder,pm20_coverage_expansion,1.5,1.5
46079,feeder,pm20_coverage_expansion,0,0
46081,feeder,pm20_coverage_expansion,0,0
46083,feeder,pm20_coverage_expansion,0,0
46085,feeder,pm20_coverage_expansion,0,0
46087,feeder,pm20_coverage_expansion,0,0
46089,feeder,pm20_coverage_expansion,1.5,1.5
46091,feeder,pm20_coverage_expansion,0,0
46093,feeder,pm20_coverage_expansion,1.5,1.5
46095,feeder,pm20_coverage_expansion,0,0
46097,feeder,pm20_coverage_expansion,1.5,1.5
46099,feeder,pm20_coverage_expansion,0,0
46101,feeder,pm20_coverage_expansion,1.5,1.5
46102,feeder,pm20_coverage_expansion,0,0
46103,feeder,pm20_coverage_expansion,1.5,1.5
46105,feeder,pm20_coverage_expansion,1.5,1.5
46107,feeder,pm20_coverage_expansion,0,0
46109,feeder,pm20_coverage_expansion,1.5,1.5
46111,feeder,pm20_coverage_expansion,0,0
46115,feeder,pm20_coverage_expansion,1.5,1.5
46117,feeder,pm20_coverage_expansion,0,0
46119,feeder,pm20_coverage_expansion,0,0
46121,feeder,pm20_coverage_expansion,0,0
46123,feeder,pm20_coverage_expansion,1.5,1.5
46125,feeder,pm20_coverage_expansion,1.5,1.5
46127,feeder,pm20_coverage_expansion,0,0
46129,feeder,pm20_coverage_expansion,0,0
46135,feeder,pm20_coverage_expansion,0,0
46137,feeder,pm20_coverage_expansion,0,0
47003,feeder,pm20_coverage_expansion,0,0
47007,feeder,pm20_coverage_expansion,0,0
47027,feeder,pm20_coverage_expansion,0,0
47031,feeder,pm20_coverage_expansion,0,0
47051,feeder,pm20_coverage_expansion,0,0
47053,feeder,pm20_coverage_expansion,0,0
47055,feeder,pm20_coverage_expansion,0,0
47059,feeder,pm20_coverage_expansion,0,0
47061,feeder,pm20_coverage_expansion,0,0
47071,feeder,pm20_coverage_expansion,0,0
47077,feeder,pm20_coverage_expansion,0,0
47099,feeder,pm20_coverage_expansion,0,0
47103,feeder,pm20_coverage_expansion,0,0
47105,feeder,pm20_coverage_expansion,0,0
47111,feeder,pm20_coverage_expansion,0,0
47119,feeder,pm20_coverage_expansion,0,0
47123,feeder,pm20_coverage_expansion,0,0
47131,feeder,pm20_coverage_expansion,0,0
47133,feeder,pm20_coverage_expansion,0,0
47147,feeder,pm20_coverage_expansion,0,0
47149,feeder,pm20_coverage_expansion,0,0
47159,feeder,pm20_coverage_expansion,0,0
47167,feeder,pm20_coverage_expansion,0,0
47169,feeder,pm20_coverage_expansion,0,0
47177,feeder,pm20_coverage_expansion,0,0
47181,feeder,pm20_coverage_expansion,0,0
47185,feeder,pm20_coverage_expansion,0,0
47189,feeder,pm20_coverage_expansion,0,0
48009,feeder,pm20_coverage_expansion,0,0
48011,feeder,pm20_coverage_expansion,0,0
48017,feeder,pm20_coverage_expansion,0,0
48023,feeder,pm20_coverage_expansion,0,0
48027,feeder,pm20_coverage_expansion,0,0
48033,feeder,pm20_coverage_expansion,0,0
48037,feeder,pm20_coverage_expansion,0,0
48039,feeder,pm20_coverage_expansion,0,0
48041,feeder,pm20_coverage_expansion,0,0
48045,feeder,pm20_coverage_expansion,0,0
48051,feeder,pm20_coverage_expansion,0,0
48059,feeder,pm20_coverage_expansion,0,0
48065,feeder,pm20_coverage_expansion,0,0
48069,feeder,pm20_coverage_expansion,0,0
48073,feeder,pm20_coverage_expansion,0,0
48075,feeder,pm20_coverage_expansion,0,0
48077,feeder,pm20_coverage_expansion,0,0
48083,feeder,pm20_coverage_expansion,0,0
48085,feeder,pm20_coverage_expansion,0,0
48087,feeder,pm20_coverage_expansion,0,0
48089,feeder,pm20_coverage_expansion,0,0
48093,feeder,pm20_coverage_expansion,0,0
48095,feeder,pm20_coverage_expansion,0,0
48097,feeder,pm20_coverage_expansion,0,0
48099,feeder,pm20_coverage_expansion,0,0
48101,feeder,pm20_coverage_expansion,0,0
48111,feeder,pm20_coverage_expansion,1.5,1.5
48117,feeder,pm20_coverage_expansion,0,0
48119,feeder,pm20_coverage_expansion,0,0
48125,feeder,pm20_coverage_expansion,0,0
48129,feeder,pm20_coverage_expansion,0,0
48133,feeder,pm20_coverage_expansion,0,0
48139,feeder,pm20_coverage_expansion,0,0
48143,feeder,pm20_coverage_expansion,0,0
48145,feeder,pm20_coverage_expansion,0,0
48147,feeder,pm20_coverage_expansion,0,0
48149,feeder,pm20_coverage_expansion,0,0
48151,feeder,pm20_coverage_expansion,1.5,1.5
48153,feeder,pm20_coverage_expansion,0,0
48155,feeder,pm20_coverage_expansion,0,0
48161,feeder,pm20_coverage_expansion,0,0
48163,feeder,pm20_coverage_expansion,0,0
48165,feeder,pm20_coverage_expansion,0,0
48175,feeder,pm20_coverage_expansion,0,0
48177,feeder,pm20_coverage_expansion,0,0
48179,feeder,pm20_coverage_expansion,0,0
48181,feeder,pm20_coverage_expansion,0,0
48185,feeder,pm20_coverage_expansion,0,0
48189,feeder,pm20_coverage_expansion,0,0
48191,feeder,pm20_coverage_expansion,0,0
48195,feeder,pm20_coverage_expansion,0,0
48197,feeder,pm20_coverage_expansion,0,0
48205,feeder,pm20_coverage_expansion,0,0
48207,feeder,pm20_coverage_expansion,0,0
48211,feeder,pm20_coverage_expansion,0,0
48213,feeder,pm20_coverage_expansion,0,0
48215,feeder,pm20_coverage_expansion,0,0
48217,feeder,pm20_coverage_expansion,0,0
48219,feeder,pm20_coverage_expansion,0,0
48223,feeder,pm20_coverage_expansion,0,0
48231,feeder,pm20_coverage_expansion,0,0
48233,feeder,pm20_coverage_expansion,0,0
48237,feeder,pm20_coverage_expansion,0,0
48239,feeder,pm20_coverage_expansion,0,0
48253,feeder,pm20_coverage_expansion,1.5,1.5
48255,feeder,pm20_coverage_expansion,0,0
48257,feeder,pm20_coverage_expansion,0,0
48263,feeder,pm20_coverage_expansion,0,0
48271,feeder,pm20_coverage_expansion,0,0
48275,feeder,pm20_coverage_expansion,0,0
48277,feeder,pm20_coverage_expansion,0,0
48279,feeder,pm20_coverage_expansion,0,0
48285,feeder,pm20_coverage_expansion,0,0
48287,feeder,pm20_coverage_expansion,0,0
48289,feeder,pm20_coverage_expansion,0,0
48293,feeder,pm20_coverage_expansion,0,0
48295,feeder,pm20_coverage_expansion,0,0
48303,feeder,pm20_coverage_expansion,0,0
48309,feeder,pm20_coverage_expansion,0,0
48313,feeder,pm20_coverage_expansion,0,0
48319,feeder,pm20_coverage_expansion,0,0
48321,feeder,pm20_coverage_expansion,0,0
48325,feeder,pm20_coverage_expansion,0,0
48331,feeder,pm20_coverage_expansion,0,0
48333,feeder,pm20_coverage_expansion,0,0
48337,feeder,pm20_coverage_expansion,0,0
48341,feeder,pm20_coverage_expansion,0,0
48345,feeder,pm20_coverage_expansion,0,0
48347,feeder,pm20_coverage_expansion,0,0
48349,feeder,pm20_coverage_expansion,0,0
48357,feeder,pm20_coverage_expansion,0,0
48359,feeder,pm20_coverage_expansion,0,0
48363,feeder,pm20_coverage_expansion,0,0
48367,feeder,pm20_coverage_expansion,0,0
48369,feeder,pm20_coverage_expansion,0,0
48375,feeder,pm20_coverage_expansion,0,0
48381,feeder,pm20_coverage_expansion,0,0
48387,feeder,pm20_coverage_expansion,0,0
48395,feeder,pm20_coverage_expansion,0,0
48399,feeder,pm20_coverage_expansion,0,0
48409,feeder,pm20_coverage_expansion,0,0
48411,feeder,pm20_coverage_expansion,0,0
48415,feeder,pm20_coverage_expansion,0,0
48417,feeder,pm20_coverage_expansion,0,0
48421,feeder,pm20_coverage_expansion,0,0
48429,feeder,pm20_coverage_expansion,0,0
48433,feeder,pm20_coverage_expansion,0,0
48437,feeder,pm20_coverage_expansion,0,0
48445,feeder,pm20_coverage_expansion,0,0
48447,feeder,pm20_coverage_expansion,0,0
48463,feeder,pm20_coverage_expansion,0,0
48467,feeder,pm20_coverage_expansion,0,0
48469,feeder,pm20_coverage_expansion,0,0
48471,feeder,pm20_coverage_expansion,0,0
48481,feeder,pm20_coverage_expansion,0,0
48483,feeder,pm20_coverage_expansion,0,0
48485,feeder,pm20_coverage_expansion,0,0
48487,feeder,pm20_coverage_expansion,0,0
48491,feeder,pm20_coverage_expansion,0,0
48497,feeder,pm20_coverage_expansion,0,0
48503,feeder,pm20_coverage_expansion,0,0
48507,feeder,pm20_coverage_expansion,0,0
49001,feeder,pm20_coverage_expansion,0,0
49003,feeder,pm20_coverage_expansion,0,0
49005,feeder,pm20_coverage_expansion,0,0
49013,feeder,pm20_coverage_expansion,0,0
49015,feeder,pm20_coverage_expansion,0,0
49021,feeder,pm20_coverage_expansion,0,0
49023,feeder,pm20_coverage_expansion,0,0
49027,feeder,pm20_coverage_expansion,0,0
49039,feeder,pm20_coverage_expansion,0,0
49041,feeder,pm20_coverage_expansion,0,0
49047,feeder,pm20_coverage_expansion,0,0
49053,feeder,pm20_coverage_expansion,0,0
51015,feeder,pm20_coverage_expansion,0,0
51035,feeder,pm20_coverage_expansion,0,0
51077,feeder,pm20_coverage_expansion,0,0
51105,feeder,pm20_coverage_expansion,0,0
51109,feeder,pm20_coverage_expansion,0,0
51113,feeder,pm20_coverage_expansion,0,0
51117,feeder,pm20_coverage_expansion,0,0
51137,feeder,pm20_coverage_expansion,0,0
51143,feeder,pm20_coverage_expansion,0,0
51163,feeder,pm20_coverage_expansion,0,0
51165,feeder,pm20_coverage_expansion,0,0
51169,feeder,pm20_coverage_expansion,0,0
51171,feeder,pm20_coverage_expansion,0,0
51173,feeder,pm20_coverage_expansion,0,0
51191,feeder,pm20_coverage_expansion,0,0
53001,feeder,pm20_coverage_expansion,0,0
53003,feeder,pm20_coverage_expansion,0,0
53005,feeder,pm20_coverage_expansion,0,0
53017,feeder,pm20_coverage_expansion,0,0
53021,feeder,pm20_coverage_expansion,0,0
53025,feeder,pm20_coverage_expansion,0,0
53037,feeder,pm20_coverage_expansion,0,0
53039,feeder,pm20_coverage_expansion,0,0
53043,feeder,pm20_coverage_expansion,0,0
53047,feeder,pm20_coverage_expansion,0,0
53075,feeder,pm20_coverage_expansion,0,0
53077,feeder,pm20_coverage_expansion,1.5,1.5
54031,feeder,pm20_coverage_expansion,0,0
55005,feeder,pm20_coverage_expansion,0,0
55019,feeder,pm20_coverage_expansion,0,0
55021,feeder,pm20_coverage_expansion,0,0
55023,feeder,pm20_coverage_expansion,0,0
55025,feeder,pm20_coverage_expansion,0,0
55043,feeder,pm20_coverage_expansion,1.5,1.5
55045,feeder,pm20_coverage_expansion,0,0
55049,feeder,pm20_coverage_expansion,1.5,1.5
55065,feeder,pm20_coverage_expansion,0,0
55093,feeder,pm20_coverage_expansion,0,0
55111,feeder,pm20_coverage_expansion,0,0
55123,feeder,pm20_coverage_expansion,0,0
56003,feeder,pm20_coverage_expansion,0,0
56005,feeder,pm20_coverage_expansion,0,0
56007,feeder,pm20_coverage_expansion,0,0
56009,feeder,pm20_coverage_expansion,0,0
56011,feeder,pm20_coverage_expansion,0,0
56013,feeder,pm20_coverage_expansion,1.5,1.5
56015,feeder,pm20_coverage_expansion,0,0
56019,feeder,pm20_coverage_expansion,0,0
56021,feeder,pm20_coverage_expansion,0,0
56023,feeder,pm20_coverage_expansion,0,0
56027,feeder,pm20_coverage_expansion,0,0
56029,feeder,pm20_coverage_expansion,0,0
56031,feeder,pm20_coverage_expansion,0,0
56033,feeder,pm20_coverage_expansion,0,0
56035,feeder,pm20_coverage_expansion,0,0
56037,feeder,pm20_coverage_expansion,0,0
56041,feeder,pm20_coverage_expansion,0,0
56043,feeder,pm20_coverage_expansion,0,0
